"","HAP1.Torin.T12","HAP1.Torin.T18","HAP1.T12","HAP1.T18"
"SLC16A1;SLC16A3",-0.0335552850736603,0.31353470541391,0.467420541776577,0.363258136235998
"MDM4;TP53",-0.163490976847163,-0.103350672778051,-0.226931832901779,-0.275771172337143
"APC;CTNNB1",-0.0762719399259102,-0.0275083854232448,-0.138522641527352,-0.172143610007337
"BRAF;MAP2K1",0.198375107469521,0.188894849370211,0.236224348857858,0.241070090681701
"CCNE1;CDK2",0.137414248547938,0.212688544339097,0.142158997331267,0.161234127565708
"BRAF;PEA15",0.134178369746849,0.109792070033725,-0.0662891367772086,-0.133801517569208
"CBFB;RUNX1",0.0708120748417924,-0.0238646169804907,-0.287587962424039,-0.281164326368101
"SMARCA2;SMARCA4",-0.493505532967317,-0.750319948274903,-0.35785182108961,-0.38936071452202
"BRD4;KDM4C",-0.281656297001854,-0.686698594713948,0.409687476039061,0.466967129185539
"BRD4;KDM6B",-0.223849834117033,-0.597688001766926,0.328134653061179,0.305421007025262
"SRRM1;SRRM2",0.641261754714603,0.683984203812365,0.640609944598704,0.744488403064361
"TRA2A;TRA2B",0.164578346160047,0.0810717839517289,-0.0736393062848395,-0.214711856107272
"PAIP1;PAIP2",-0.301865286696357,-0.53738730273721,-0.116161274785097,-0.150291113511738
"EIF4E;EIF4E2",0.0338786432481461,0.0960643815051337,-0.103650939113396,-0.0526427966216172
"ENO1;ENO2",1.26056696646707,1.27435892710078,1.25569443803265,1.29516062084691
"ENO1;ENO3",0.600110334009514,0.570424163120959,0.602347579247635,0.612103993675238
"ENO2;ENO3",-0.024677931224328,-0.0171266897712985,0.0311995124305572,0.00186836739679919
"CREBBP;EP300",-0.540259063479158,-0.894355590532893,-0.148503457551095,-0.22927974239964
"BCL2L1;BCL2L2",0.139323578686029,0.0327431254559685,0.0769113049164515,0.0464641393602565
"BCL2L1;MCL1",-0.316766119285522,-0.453640596667372,-0.392725088434596,-0.439960515896819
"PARP1;PARP2",0.0138311806503368,0.235182019487759,-0.0230413370518238,0.119482601592224
"MAPK1;MAPK3",0.361705167796079,0.346772795805811,0.277433488022332,0.329438351217631
"MDM2;TP53",-0.21675420494233,-0.231658047054152,-0.373803322289098,-0.436468552455688
"ABHD12;ABHD12B",-0.0789123969168276,-0.136131107551934,-0.10701847002823,-0.196452197025402
"ABL1;ABL2",0.126919722724956,0.0846279855409207,-0.242255759074959,-0.241935691557769
"DMWD;WDR20",0.143756391906817,0.16090350875083,0.0370530960380038,0.0426002870618176
"HNRNPL;HNRNPLL",0.253395733430979,0.0793361690918357,0.168628161839692,0.120519335329601
"ACBD3;TMED8",-0.150673812221611,-0.265932248009564,-0.186047704269347,-0.224546077430833
"ACBD7;DBI",0.243493624068048,0.176249314673042,0.253857257603611,0.205632587846882
"ACSL1;ACSL6",0.0284792565468381,-0.0581180738081937,-0.392529830339429,-0.336688850108998
"ACTR1A;ACTR1B",0.578442818450065,0.490049910879883,0.711149906388241,0.711644250429913
"ACVR2A;ACVR2B",-0.0116060511574473,-0.174220048531225,-0.0248862615700737,-0.0500737807998706
"ADAMTS10;ADAMTS6",-0.301966918898194,-0.525659179836725,-0.173993454373056,-0.225734849814602
"ADAMTSL1;ADAMTSL3",0.0139542219597579,-0.140104412281255,-0.0601793785955586,-0.154690686237528
"ADAP1;ADAP2",0.00742564130394527,-0.233190454202316,0.0555782506238098,-0.00763712227267258
"ADSS;ADSSL1",0.0636497353421679,0.187736359184894,-0.0313287135033319,0.174230144904925
"AGPAT3;AGPAT4",-0.389651270037574,-0.531503050306906,-0.141962830038911,-0.117743703465818
"AHCYL1;AHCYL2",0.146850833192339,0.178776849774771,-0.094578013957139,-0.201464006906491
"AHNAK;AHNAK2",0.0305733758042013,-0.0248436192482427,-0.0871846024020737,-0.105884548339489
"AHSA1;AHSA2",-0.170575639600582,-0.216668138547268,-0.146237572572647,-0.174037194235874
"AJUBA;WTIP",-0.151604511088044,0.00992774539543556,-0.00560105191494534,0.00220679574634164
"AK1;AK5",-0.00464646014626348,0.0465039553164274,-0.0454876481925836,-0.0160837045491045
"AK3;AK4",-0.389835911109602,-0.352977019641985,-0.433954057741045,-0.484267574102527
"ALMS1;C10orf90",-0.0734182706730525,-0.0991903274268647,-0.0883359400774809,-0.1324002849917
"AMOT;AMOTL2",0.426571192680145,0.444494382574314,-0.228941514974527,-0.159495081109814
"ANK2;ANK3",0.303982241350938,0.161919532540466,0.166206923285196,0.203141181029147
"ANKRD11;ANKRD12",-0.237707303019382,-0.644933843523696,-0.0971950148152589,0.035060549221279
"ANO4;ANO5",-0.0609438410754374,-0.233951861042163,-0.0482328019117506,-0.0868497782572704
"ANXA5;ANXA6",-0.366292911131753,-0.411258016803522,-0.207355047069594,-0.269345226945687
"AP1B1;AP2B1",1.02774158763716,1.1055162436104,0.949265321426769,1.00238740973491
"AP1G1;AP1G2",0.45315012152189,0.545595022012239,0.503373449828245,0.668695496926011
"AP2A1;AP2A2",0.712126921279885,0.752667058200862,0.762679828160109,0.886980512035854
"AP3B1;AP3B2",0.0250136936412329,-0.000339944499290687,0.0836808274530331,0.0902212141603117
"APBA2;APBA3",-0.187541779057029,-0.28867676917289,0.00701579487295645,-0.041210549483199
"APBB2;APBB3",-0.0812576686418071,-0.176319778760981,-0.0571191996356445,-0.198126771823686
"APH1A;APH1B",-0.0539002245496559,-0.149882701400205,0.255918972335852,0.184278161011194
"APLP1;APLP2",-0.152844960307621,-0.21939733547649,-0.134377048957019,-0.108641206639399
"ARAP2;ARAP3",-0.0650150405728087,-0.148495442193138,-0.174187040297941,-0.23189322693904
"ARF4;ARF5",0.448498579778772,0.467415361319969,0.467576280319126,0.485649893430686
"ARFGEF1;ARFGEF2",0.559880328521954,0.578316484135832,0.548178402621658,0.572240054933365
"ARHGAP22;ARHGAP24",-0.00324464139973879,-0.0970795639128558,-0.15434571109841,-0.288222645621685
"ARHGAP31;ARHGAP33",-0.216605313061127,-0.280733214764945,-0.0774795723924555,-0.0940770208866906
"ARHGEF1;ARHGEF12",-0.262627795923951,-0.444085764422614,0.0981756287505572,0.0321227433897719
"ARHGEF6;ARHGEF7",-0.134757703695182,-0.167875754686808,-0.295352372867121,-0.298427566902235
"ARHGEF37;DNMBP",-0.0624757338506554,-0.00248759281057276,-0.16482638852678,-0.153434225863305
"ARID1A;ARID1B",0.640616393217595,0.74635319525484,0.396301240588053,0.615544928512967
"ARL8A;ARL8B",-0.0336989348750608,-0.0658218278212076,0.413216073411776,0.565843640114228
"ARNT;ARNT2",0.180847123252824,-0.0106475445700179,0.193150782218003,0.20354853802998
"ARPC5;ARPC5L",0.47299904030642,0.35359533221603,0.547593678296567,0.563091034783694
"ARPP19;ENSA",0.29140615631552,0.290608139086338,-0.279648634652253,-0.429324868615103
"ATAD2;ATAD2B",-0.0897294425010617,0.00349426044940102,-0.290443716696468,-0.239480610741669
"ATF3;JDP2",-0.163411926863551,-0.194692512892128,-0.180420647318297,-0.217236869186728
"ATF6;ATF6B",0.00221440680786267,-0.132052750955209,0.0539678491809607,0.0889240732769041
"ATG4A;ATG4B",-0.00400767915764066,-0.0240127078149311,-0.352444331620202,-0.369741386035236
"ATG4C;ATG4D",-0.117799250786072,-0.219428178339872,-0.0664195348379621,-0.0749568435722723
"ATG16L1;ATG16L2",-0.488465129762817,-0.591799787170289,-0.413226413636822,-0.471200109312545
"ATP6V0A1;ATP6V0A4",-0.0590442725961616,-0.0570637245422556,-0.0907690079249527,-0.0709040458056179
"ATP6V0A2;TCIRG1",0.207328945371907,0.174635898923002,0.0948821673614843,0.129830551093072
"ATP6V1C1;ATP6V1C2",-0.347423942927386,-0.368170496833404,-0.373552661255337,-0.328205845884018
"ATP8A1;ATP8A2",-0.173156896683362,-0.156374209605185,-0.110184491846154,-0.142173661267286
"ATP9A;ATP9B",-0.394587931025411,-0.474579513199592,-0.321757617266974,-0.311671726740876
"ATRN;ATRNL1",-0.0177085066786461,-0.0311792168758097,-0.157507560401006,-0.1615824549747
"ATXN1;ATXN1L",-0.255738344784632,-0.419527978512627,0.0668792700611023,0.164875552055447
"ATXN7;ATXN7L2",0.148566322033956,0.177615575379096,0.0158473550368822,-0.0657693354337683
"AUH;ECHDC2",-0.164470447395072,-0.161572433495704,-0.230967319897055,-0.224699038979083
"AXIN1;AXIN2",-0.376603935072549,-0.316737208896682,-0.224807669457798,-0.215920649157431
"B4GALT5;B4GALT6",-0.353235528452921,-0.498731534275692,-0.20619843115875,-0.167215934796795
"BACH1;BACH2",-0.0249172217032196,0.00458630445350039,-0.106959233479576,-0.107157644204479
"BAG3;BAG4",-0.170371888404241,-0.313835321410906,-0.154278820613148,-0.100179248318185
"BAIAP3;UNC13D",-0.291359871275985,-0.317698604246849,-0.00857167592528468,-0.0969147379696839
"BANK1;PIK3AP1",-0.0705653817902361,-0.104293711176451,-0.0096900736258089,-0.105982331947357
"BCOR;BCORL1",-0.398620073589446,-0.528023646436455,-0.452759068471911,-0.515904975152064
"BEGAIN;TJAP1",0.020684803086457,-0.0138299540196934,-0.00165174908593481,0.030181247128177
"BMI1;PCGF2",-0.705288652928155,-1.16706099718643,-0.423719083911994,-0.524362251006087
"BMPR1A;BMPR1B",0.0303170005538656,0.0393090981203203,0.100582075806119,0.160705720075783
"BRD7;BRD9",0.0251120807799801,0.0700986359173865,-0.197998062031977,-0.183596230447046
"BRMS1;BRMS1L",0.355039968599231,0.35792918517142,0.246973604907719,0.237966308806405
"BTBD1;BTBD2",-0.436593533466286,-0.607689483191059,-0.0590847345913248,0.0713753009028
"BTBD3;BTBD6",-0.170126231637405,-0.230498587345797,-0.184186142937779,-0.239248053716167
"BTBD10;KCTD20",-0.219243979661974,-0.396868609365312,-0.218875570995176,-0.407786672808847
"BTRC;FBXW11",0.637666976675131,0.65847662730363,0.450055569396391,0.579562149570661
"CAB39;CAB39L",0.653840148604688,0.617569735401519,0.798472259113588,1.03873965353712
"CALB1;CALB2",-0.128955339831591,-0.128513468868153,-0.0243440841338042,-0.0403210799481616
"CALM1;CALM2",-0.107997265100525,-0.193314245917008,-0.240386060776867,-0.28753985157984
"CAMKK1;CAMKK2",-0.0527457508094766,-0.135882504466303,-0.113094075065199,-0.145110894326374
"CAND1;CAND2",0.0235436603841938,0.101273492959787,0.0421908720711296,0.175352305806996
"CANX;CLGN",-0.285113101299657,-0.436767245944661,-0.211393354935201,-0.273023412312085
"CAPRIN1;CAPRIN2",-0.43368799433367,-0.641359754710001,-0.115830165983505,-0.177155664695894
"CASKIN1;CASKIN2",0.186018887347049,0.138353257637998,0.285249630103863,0.212746118689749
"CASP3;CASP7",-0.33095568175381,-0.346087067948494,-0.448049629999608,-0.556351181524499
"CBX1;CBX5",-0.136888950462074,-0.368132162871387,0.00966994602517968,-0.155810783234843
"CC2D1A;CC2D1B",-0.0504833057048776,-0.151326702085054,0.0748114880375104,0.0414658469523577
"CCDC102A;CCDC102B",-0.56630263275648,-0.732667775840163,-0.467988576830906,-0.563491543198541
"CCNA1;CCNA2",0.297873415938174,0.272042062131476,0.194334655336242,0.226109356471354
"CCNB1;CCNB2",0.512972162163671,0.40951762379999,0.494683153229126,0.499623533840911
"CCND1;CCND2",-0.094670931921028,-0.125389227095115,-0.186274371996223,-0.205777428520369
"CCNE1;CCNE2",0.0327695116869721,0.0547517823163257,-0.0238694450074751,-0.0130488939317042
"CCNG1;CCNG2",-0.0674546788469454,-0.104857950513494,-0.234053184545197,-0.206677065533953
"CCNJ;CCNJL",-0.53107707367092,-0.611219658146295,-0.550205080169316,-0.547160815872092
"CCNL1;CCNL2",0.665866648406069,0.598287187816189,0.729269659100346,0.733933598509268
"CCNT1;CCNT2",0.365248331915692,0.385097980797333,0.388263141532927,0.476690395291916
"CCNY;CCNYL1",-0.671197719919153,-0.779481243038612,-0.49655470988781,-0.539371293115954
"CD151;TSPAN11",-0.0408198575031845,-0.0721270962484971,-0.0584536363334324,-0.0889283284817972
"CDC34;UBE2R2",-0.0856672287738671,-0.1744753877707,-0.24808482277766,-0.294048301309223
"CDK2;CDK3",0.284942074606633,0.213872915843195,0.181581319825457,0.175557005477733
"CDK2AP1;CDK2AP2",-0.156180392664893,-0.252673858115814,0.230561936027311,0.288032709995362
"CDK12;CDK13",0.661750358263914,0.650682936489653,0.424020721435307,0.527828860968165
"CDK14;CDK15",-0.272770572589638,-0.338575502091866,-0.289847368318583,-0.25696055409429
"CDKL2;CDKL3",0.103485144314483,0.0536514297289067,-0.0720925545733646,-0.0299244457047889
"CEP85;CEP85L",0.443560156417825,0.532245505098939,0.273287281117182,0.317517143385332
"CERS5;CERS6",-0.085367826171291,-0.140552812325662,-0.263553566703962,-0.356819835611319
"CHCHD3;CHCHD6",-0.070469042493285,-0.163428052469123,-0.0142170637775233,0.0610124154730071
"CHD1;CHD2",0.503698880404741,0.662043719515831,0.0830725150742501,0.149322770833585
"CHD3;CHD5",0.121624493781388,0.13938752021529,0.176029661408529,0.304977031248096
"CHIC1;CHIC2",-0.0131756554406677,0.0950314510528057,-0.155202373789669,-0.212680997785619
"CHMP4A;CHMP4C",-0.0985931105189848,-0.206982470017506,-0.199119402851434,-0.224914687000135
"CHPF;CHPF2",-0.303160426384393,-0.314285629228249,-0.347089857198745,-0.274024008701495
"CHSY1;CHSY3",0.00834852217954207,-0.064975015126575,-0.13335621678019,-0.0850887402414119
"CLCN3;CLCN4",-0.0899536642796255,-0.364520485623053,-0.345282700754024,-0.311042924699793
"CLIP1;CLIP2",-0.00833845447347004,-0.083421345407194,-0.107216724756176,-0.143669316773472
"CLOCK;NPAS2",0.144830269364734,0.0651486461397734,0.122718973965203,0.0549995039054475
"CLTC;CLTCL1",0.393803129227158,0.302641147513528,0.18706844032761,0.187666401712749
"CNKSR1;CNKSR3",-0.0849677540844291,-0.134050239428668,-0.230540618137911,-0.194473041333096
"CNOT7;CNOT8",0.514989113536647,0.406832132034996,0.551616010000562,0.630311355519939
"COMP;THBS3",-0.0218619898556942,-0.141747295259407,0.292068284588004,0.310371070067666
"COPG1;COPG2",0.11570063744994,0.0877993110457504,0.246102102094601,0.299283705694813
"COPZ1;COPZ2",0.0649304652268511,0.04316773939013,-0.036677668963035,-0.0483072690617937
"COQ10A;COQ10B",1.1610174441646,1.23560806316564,1.28097447088309,1.47803846356057
"CORO2A;CORO2B",0.00902999177571351,-0.0978573957966801,0.0287286038840705,-0.0468555409852407
"CRABP1;CRABP2",-0.0169468397446588,-0.0915313552789615,-0.0318480427783905,0.00365737728318628
"CRELD1;CRELD2",-0.185552455370908,-0.0920961041812633,-0.228958736244763,-0.197104106707039
"CSAD;GADL1",-0.029776567699604,-0.0713909852454927,-0.0517697529057989,-0.0895185234253513
"CSNK1D;CSNK1E",0.732887686121334,0.659470125378695,0.695610631762976,0.75614762755631
"CSNK2A1;CSNK2A2",-0.169272132536457,-0.299970419058308,0.027030924257154,0.0803883144833232
"CTBP1;CTBP2",-0.122350683718732,-0.177401440951156,-0.157868797260677,-0.0850304052935142
"RAVER1;RAVER2",-0.4782153737973,-0.742060224208939,-0.1995934834488,-0.349298606672799
"CTPS1;CTPS2",0.281345344973034,0.266907117029439,0.281936270212204,0.26746045519932
"CUL4A;CUL4B",0.861384214497145,0.866715254653867,0.917688284059625,1.01856960344311
"CUX1;CUX2",-0.495152231993435,-0.539092685423948,-0.351817606295148,-0.454165136384424
"CYB5A;CYB5B",-0.410326412356026,-0.558157215718962,-0.214531357590979,-0.158344428327518
"DAAM1;DAAM2",-0.294379026419227,-0.356334860307336,-0.185033521572722,-0.266297081980582
"DAB1;DAB2",0.060591989661052,0.0457735426938995,-0.100806219291506,-0.119677897964537
"DACH1;DACH2",-0.396228205200588,-0.612140045581163,-0.3906179535723,-0.514461898542095
"DCHS1;DCHS2",-0.00674871188387227,0.0213159716350321,-0.060619394099542,-0.136952629770609
"DDHD2;SEC23IP",-0.183531499541202,-0.0967496930431054,-0.294909717798005,-0.252012595412905
"DDR1;DDR2",-0.210695700582719,-0.28075196901781,-0.285163605868947,-0.293374828940872
"DENND6A;DENND6B",-0.122318464390017,0.0237126422223482,-0.230652149348206,-0.250711760233196
"DERL2;DERL3",-0.4221052502508,-0.393052720991552,-0.226157923743442,-0.191036853171243
"DHX32;DQX1",-0.197104503861985,-0.173947384561219,-0.134753853521032,-0.193404165552936
"DHX58;IFIH1",-0.168014140552782,-0.299791841350494,-0.258462112514943,-0.372716731557834
"DIP2A;DIP2C",-0.234924639002444,-0.186752820286083,-0.345931068023528,-0.22733263287961
"DLG1;DLG4",-0.0663423350907536,-0.18087163944334,0.0109036891397009,0.0681284545327086
"DLG2;DLG3",-0.138872738310239,-0.154520078606035,-0.358455752272028,-0.425370391437174
"DMRTA1;DMRTA2",-0.164504397931528,-0.236501043985788,-0.238169427796865,-0.189378472176415
"DNAH11;DNAH17",0.0283781149035339,0.021344854984475,-0.0983762909860845,-0.174155843947924
"DNAJA1;DNAJA4",0.194142934205252,0.106511789809613,0.438925016314222,0.488071082064972
"DNAJC15;DNAJC19",-0.0868285640255403,-0.158582678283454,-0.0213826328242884,-0.0523312409909741
"DOCK3;DOCK4",-0.110396278563513,-0.19775953012565,-0.110684822808095,-0.149471846018683
"DOK1;DOK3",-0.0670198788316418,0.0010315695769828,0.127019009261687,0.105417509857283
"DOPEY1;DOPEY2",-0.288608239799521,-0.33284764696332,-0.347657129931718,-0.331454177667375
"DST;MACF1",-0.0854416854988223,-0.184032294229999,-0.198897362401926,-0.321571781151284
"DUSP15;DUSP22",0.0864167233116641,0.0320952995226028,0.163770641127449,0.197003905129422
"DUSP16;DUSP8",-0.192772802866906,-0.179955904646948,-0.181741110388628,-0.225452147985426
"DVL1;DVL3",-0.0977708426588292,-0.135374526787545,-0.140390642345514,-0.0633006600904893
"DYNLL1;DYNLL2",0.0190349802475917,0.0117075810960477,-0.0736335026409702,-0.020797333827778
"DYRK2;DYRK3",-0.0757574210461723,-0.0421133411051827,-0.245009135950086,-0.299966605145888
"E2F7;E2F8",-0.488479676035771,-1.21503576660655,-0.0941507703261488,-0.159594479721456
"EBF1;EBF3",-0.707751734577045,-0.815866419261086,-0.509384746498081,-0.651838234174752
"EEF1A1;EEF1A2",-0.765905860879066,-0.81565477868621,-0.687137039506953,-0.723441264206539
"EFHD1;EFHD2",-0.171690060249116,-0.208934807219733,-0.436965468982427,-0.346353087700368
"EGR2;EGR3",-0.202431110889585,-0.30628165480494,-0.218581912920073,-0.188811925625174
"EHBP1;EHBP1L1",-0.00881897227159251,-0.152894247644439,0.107570082399719,0.116612209353821
"EIF1;EIF1B",0.449345008054828,0.338364219132557,0.44464704427143,0.479870446823053
"EIF4A1;EIF4A2",0.192778579430581,0.0959225676270419,0.110657787762994,0.169398622432005
"EIF4EBP1;EIF4EBP2",-0.403119947756305,-0.653245442868378,-0.215461662475481,-0.228580636773924
"EIF4G1;EIF4G3",-0.463023645593297,-0.498445586521102,-0.671134854016533,-0.734074728586062
"ELAVL1;ELAVL2",0.00905871232601774,0.0582359896856198,0.218228684873929,0.339117625282367
"ELK3;ELK4",-0.0974662692049925,-0.0653510724899501,-0.131077922337108,-0.11503114223785
"ELMO2;ELMO3",-0.238208517214718,-0.238416847096176,-0.157492307770108,-0.127217283232697
"ELMOD1;ELMOD2",-0.348872093401952,-0.312702061491994,-0.2488799326937,-0.228847312132214
"ELOVL1;ELOVL7",-0.116007664977539,-0.190265711707835,-0.0896842687274138,-0.138648124937588
"EMC8;EMC9",-0.085626961816225,-0.0886987262723214,-0.12233469323614,0.0607075491906739
"EME1;EME2",0.00757637312924794,0.0709875230395224,0.147090897355379,0.23405525845018
"EMX1;EMX2",-0.266970681322682,-0.346147707580021,-0.248618924641997,-0.359160072684163
"EN1;EN2",-0.51863201691013,-0.54082467878341,-0.512832379552624,-0.575399655998403
"ENOX1;ENOX2",-0.0456476902902316,-0.0137861383698232,-0.352867457857844,-0.264735264817094
"ENTPD5;ENTPD6",0.0245674340113453,0.0032030810082492,-0.0766225896218061,-0.110936259725947
"EP400;SRCAP",0.250089923942376,0.164891880636335,0.202989921448006,0.233306945818236
"EPC1;EPC2",0.1787122978102,0.162956782665855,0.0841164607650906,0.0619438819621957
"EPS15;EPS15L1",-0.329703933807735,-0.439649905736556,-0.169720274078486,-0.263615959765077
"ERC1;ERC2",-0.243051060105746,-0.240597536366372,-0.206693028532695,-0.211321678296985
"ERLIN1;ERLIN2",-0.259594454678454,-0.292010549880247,-0.189974741660777,-0.320670800037789
"ESRP1;ESRP2",-0.103295626954529,-0.133729236881491,-0.102292931501338,-0.0785056029552571
"ESYT2;ESYT3",-0.0460802456995644,0.0136518538542373,-0.173384029870046,-0.161294141417879
"ETS1;ETS2",-0.300944662486927,-0.393237076993645,-0.432050766181178,-0.472126109041692
"ETV1;ETV4",0.000197897533326632,-0.116656876088428,0.0137554973642562,-0.0092190804422342
"EXOC6;EXOC6B",0.384422459306417,0.399224801312073,0.304462424168025,0.382633480599037
"EXT1;EXTL1",0.0205905657365296,0.016370849860287,-0.0757753382459461,0.083074137804381
"FAM49A;FAM49B",-0.0173392583140415,-0.0193471968041121,-0.5611873053604,-0.70460687238166
"FAM78A;FAM78B",0.118564759849762,0.0404667055718456,-0.152564137623623,-0.161527854622646
"UBALD1;UBALD2",0.123561204782892,-0.0378514138388166,0.212017897864519,0.201305509951986
"FAM102A;FAM102B",0.127961177494192,0.0894730855711713,0.0757884571374709,0.0807220875260553
"FAM117A;FAM117B",-0.179110268860902,-0.266413900630397,-0.308663638414177,-0.434279316114076
"MVB12A;MVB12B",-0.0952251113488793,-0.178572297662099,-0.0858088178571246,-0.151508017705483
"FAM126A;FAM126B",0.0425759893518193,-0.0321263045911865,-0.0901364786007183,-0.18205019121914
"FAM160A1;FAM160A2",-0.0401493767539359,-0.010082365560347,-0.329417312006396,-0.146433080316239
"FAM160B1;FAM160B2",-0.046769143196692,-0.108556172712683,-0.247969308483678,-0.185624443298215
"FAM161A;FAM161B",0.0687499919842002,0.141680509184217,0.0902729883154558,0.12933212356555
"FARP1;FARP2",-0.150104548965209,-0.18802579740858,-0.376556835245526,-0.360131704470419
"FBLIM1;ZYX",-0.0921623125366164,-0.136879405789889,-0.191100316604579,-0.188532752711636
"FBN1;FBN2",-0.136789806713707,-0.106302772448836,-0.181799056466861,-0.232529188260088
"FBXO25;FBXO32",-0.315585840621494,-0.323362450793131,-0.382813668610687,-0.285400589692768
"FEM1A;FEM1C",-0.644186177535545,-1.01206909772921,-0.32295532216391,-0.316357383919514
"FER;FES",0.0295502129857821,0.0554393049975927,-0.201979083379327,-0.230702057153434
"FGF1;FGF2",-0.0399661333249625,-0.0529234145705315,-0.176588154909925,-0.068161079671451
"FHOD1;FHOD3",-0.265049219927135,-0.47953388850508,-0.110400727472426,-0.121213673317806
"FLNB;FLNC",0.0618836852135689,0.0776564471727776,-0.0668440693790482,-0.116716579363297
"FMN1;FMN2",-0.199031928176512,-0.178444986216195,-0.381615309660076,-0.464274680653464
"FNDC3A;FNDC3B",-0.00747185179486307,0.0135949716342419,-0.0540915970435559,-0.117465760175639
"FOXF1;FOXF2",-0.0412736623968636,0.0869474760179219,-0.332025446532254,-0.297908553729531
"FOXK1;FOXK2",0.168415155014907,0.0699301350673088,0.106688215801415,0.097859520624799
"FOXN2;FOXN3",0.330730697543616,0.475788974786686,-0.0238004573151591,0.122457616532591
"FSCN1;FSCN2",0.0574467406906867,-0.0199530615671973,0.00458733174015025,0.0711298042442207
"FST;FSTL3",-0.301771734548782,-0.413788216879679,-0.275883120638135,-0.25519077817887
"FUBP1;FUBP3",-0.360844878034106,-0.54127505056621,-0.111561844473687,-0.128227144345666
"FUCA1;FUCA2",-0.0722944377214452,-0.137484339309654,-0.207977829385945,-0.236579948145267
"FUNDC1;FUNDC2",-0.378665689083645,-0.369536924154951,-0.593182380136123,-0.660318435928345
"GALNT10;GALNTL6",-0.211207583991947,-0.18711165706108,-0.342624511712441,-0.41381733705408
"GATAD2A;GATAD2B",-0.275444000769487,-0.469065336078278,0.0483115630378919,0.0390263280362735
"GDPD1;GDPD3",-0.222929948926184,-0.254848629118715,-0.18094304721329,-0.245499854663229
"GFOD1;GFOD2",-0.188256722415232,-0.279569057870002,-0.314624864179563,-0.326901602536885
"GLIS1;GLIS3",-0.300749396955769,-0.320839000066441,-0.452858258267619,-0.502327104116123
"GMFB;GMFG",-0.266742089089746,-0.279054557262044,-0.117336866062842,-0.106966073182948
"GNA11;GNAQ",-0.372269431129156,-0.513045683659686,-0.223242856299008,-0.289512609153807
"GNA12;GNA13",-0.613170676265269,-0.624543123585425,-0.110115375565549,-0.0122198394867789
"GNAL;GNAS",-0.112543578000682,-0.132994041412954,-0.43182270289875,-0.435533032981102
"GNB1;GNB4",-0.071567700872139,-0.129183002653645,0.170772339728498,0.331424409147978
"GNL3;GNL3L",0.331440754566659,0.321948469556526,0.55558347549994,0.59015096055595
"GNPDA1;GNPDA2",0.235755300480424,0.293492709704578,0.212970706340173,0.168633468451196
"GOLGA7;GOLGA7B",-0.430544784947364,-0.546727418382937,-0.243349708582882,-0.329193643860786
"GPATCH2;GPATCH2L",-0.101977968078815,-0.187572795263241,-0.297894111985719,-0.378178777018606
"GPC1;GPC6",0.0844836571857523,0.0175563188901081,0.0468136805983322,0.0284195008291515
"GPR137;GPR137C",0.0437174129288864,-0.106487077055213,0.124174418982081,0.00902704915353214
"GPSM1;GPSM2",0.0294509760914051,-0.0267071786698451,-0.151491294821175,-0.136151179773719
"GREB1;GREB1L",-0.384107193439198,-0.464742802853003,-0.190286695186578,-0.274757542911044
"GRPEL1;GRPEL2",0.17712846602118,0.150004132497101,0.193723174255013,0.220881621382104
"H2AFY;H2AFY2",0.0814435317794302,-0.0355334523888665,-0.0276542142749349,0.061132565503206
"HEATR5A;HEATR5B",0.250982531275828,0.353730574956507,0.169790286782792,0.323378080037248
"HERC3;HERC4",-0.0326003501985422,-0.077908311133532,-0.186567642194821,-0.273079863615191
"HEXA;HEXB",-0.0864002316246744,-0.153883677987031,-0.0339324595192549,-0.0441981460945352
"HIP1;HIP1R",0.228354061917075,0.290218096213798,-0.00361061109740832,-0.0422281922702058
"HNRNPF;HNRNPH3",0.430911808332563,0.294628876232122,0.65914092685302,0.788743823618389
"HNRNPR;SYNCRIP",-0.237264589515895,-0.48648072084455,-0.122905351448217,-0.233057379509355
"HOOK1;HOOK2",-0.198465581293136,-0.325305253846068,-0.304836197030042,-0.38127533800312
"HOXA2;HOXB2",0.152900597695626,-0.0544526560406302,0.00573528178111238,-0.0362938128561698
"HOXA7;HOXB7",0.0653636851376945,0.0383658682889223,0.0289872045803997,0.0190139450832403
"HPCAL4;VSNL1",-0.361355569217015,-0.41004451587584,-0.298135218372864,-0.407199797640602
"HSF1;HSF4",-0.159690020623294,-0.304569358698536,-0.183136478387798,-0.177956888217379
"HSP90AA1;HSP90AB1",0.746059064916331,0.827252962474404,0.574850658458774,0.670586348021641
"HSPA12A;HSPA12B",-0.0317631470067499,-0.073191117621892,-0.0392782127257018,-0.00873128946049481
"ICA1;ICA1L",-0.259215015368625,-0.398411754522893,-0.344369871903706,-0.480314707650368
"ID1;ID2",-0.442391933364332,-0.468814773474865,-0.589829531614002,-0.674454023743461
"IFRD1;IFRD2",0.167782196754857,0.168518056343049,0.103039825475125,0.122526378731689
"IGF2BP1;IGF2BP3",-0.222303706746213,-0.383701825161049,-0.0778138030164247,-0.142077083648096
"IL16;PDZD2",-0.323882299895397,-0.459318683646993,-0.0881207409129206,-0.139738314415607
"IMPDH1;IMPDH2",0.158230997488818,0.233369188024964,0.252389232139376,0.294109708332414
"INPP4A;INPP4B",-1.43841400631972,-2.22915412802639,-0.560468166479948,-1.00431838020938
"ISL1;ISL2",-0.182788304955332,-0.343105577632561,-0.0861612091970557,-0.0398200855077812
"ITCH;WWP2",-0.194130759049261,-0.154743592851026,-0.157847811500934,-0.234722830671033
"ITGA4;ITGA9",-0.290107285029119,-0.418354191643758,-0.089868128517805,-0.118355963878024
"JAG1;JAG2",-0.162770451843768,-0.108615540428853,-0.265997587114085,-0.210035001207088
"KCND2;KCND3",-0.0935440125358022,-0.202886451546263,-0.259174465436463,-0.306375364888699
"KCTD2;KCTD5",-0.194366542872414,-0.386323688022918,-0.11702027904048,-0.328269494235511
"KDM2A;KDM2B",-0.456116730323833,-0.936896662967201,0.300536883116797,0.251182466840768
"KHDRBS1;KHDRBS3",-0.163206099149761,-0.16685138279148,-0.340931887145591,-0.432402746618513
"KIAA1217;SRCIN1",-0.402884405446712,-0.503057082737456,-0.387362720655433,-0.429783312341701
"KIF1B;KIF1C",0.181473608890337,0.296438799698233,0.0976188759968865,0.122249329919246
"KIF5B;KIF5C",-0.277313326348301,-0.38319797724496,-0.330660894151917,-0.441765384615356
"KIF16B;STARD9",-0.137596252934262,-0.107865862821669,-0.237948608109096,-0.291036316665356
"KIFC2;KIFC3",-0.200887920382685,-0.319836065750615,-0.166903878346678,-0.1238945220944
"KLF10;KLF11",0.180420399917922,0.250209348797886,0.182695525520466,0.308195571998688
"KLF13;KLF9",0.110143844909726,0.0769272349992201,-0.0238159181302657,-0.0615731399125307
"KLHL2;KLHL3",-0.178217056180566,-0.179838884767467,-0.450965574292606,-0.51505273503906
"KLHL11;KLHL23",-0.278927770930926,-0.449461433001281,-0.174969770420396,-0.153038792813459
"KLHL26;KLHL9",-0.102589886897627,-0.30570047425477,-0.095848596190016,-0.100076148296991
"KSR1;KSR2",0.129533096859983,0.14620763549002,-0.102141312902597,-0.120690182301674
"LARP1;LARP1B",-0.0744506367200176,-0.215302754645597,0.0319444782951845,-0.0112827004434755
"LBX1;LBX2",-0.0501769853215549,-0.142154305479119,-0.249679238683443,-0.250187125385655
"LCOR;LCORL",-0.0634217990785167,-0.158770091281537,-0.207369235063796,-0.258629371392228
"LDB1;LDB2",0.319842940273903,0.407345858127231,-0.0200208182752217,0.123651250040933
"LDHA;LDHB",1.37325561216412,1.28629779338484,1.27802923672888,1.27482419208888
"LDHA;LDHC",-0.109884626960121,-0.0869791224097336,-0.103693383099174,-0.0866742962189379
"LDHB;LDHC",-0.128473517842952,-0.226126278433834,-0.199534873473215,-0.139269298371437
"LETM1;LETM2",-0.232821434731941,-0.347361151016356,-0.0157792989368102,0.0276669125236582
"LHX2;LHX9",-0.0970474259778986,-0.191949651890695,-0.285782842867546,-0.304137363683678
"LHX6;LHX8",-0.101992716945386,-0.184951182857149,-0.219161790738548,-0.261030506882458
"LIMCH1;LMO7",-0.197948754690501,-0.187800500026507,-0.245566205080854,-0.312407053060524
"LIMK1;LIMK2",-0.764781175955286,-1.0263702443348,-0.205171741795253,-0.355857938373139
"LIN28A;LIN28B",-0.59907157445025,-0.986542795317927,0.0661213447636199,0.0823996694818342
"LLGL1;LLGL2",0.224863798426462,0.089588001622588,-0.0686946390071593,-0.115171940762152
"LMBR1;LMBR1L",-0.291155592276521,-0.395785095247478,-0.26775862188599,-0.309232364570113
"LMCD1;TES",-0.116426797248644,-0.102164371673444,-0.198957888680823,-0.181894717250724
"LPP;TRIP6",-0.00220279609245866,-0.166089861602316,0.000819483417143774,0.123263280678744
"PLPPR3;PLPPR4",-0.470185051819773,-0.740521056994798,-0.0841780709061787,-0.135516767510019
"LRBA;NBEA",-0.192033315813529,-0.241690278832999,-0.29238949172508,-0.312777727069275
"LRP1;LRP1B",0.127095829320851,0.169298951815611,0.00249118203232246,-0.0932061047913281
"LRRC1;SCRIB",-0.399009123117145,-0.47771496829448,-0.230472012417717,-0.237949380708332
"LSM14A;LSM14B",-0.591287797979543,-0.888427427878756,0.0298650950133413,0.0574906833141856
"LYPLA1;LYPLA2",-0.0747396332090517,-0.103651389991583,-0.12612008344381,-0.088156026206848
"LYSMD3;LYSMD4",-0.287141238889471,-0.377691250851422,-0.350757709989188,-0.30664097397284
"MAB21L1;MAB21L2",-0.302203792713821,-0.135504436169213,-0.198973262879751,-0.134639091179242
"MACROD1;MACROD2",-0.00193142419423364,-0.159897450541965,-0.1016536140612,-0.133243947892084
"MAGT1;TUSC3",-0.18075943559535,-0.209795916567739,-0.0310990955378372,0.0918574690581338
"MAN1A1;MAN1C1",-0.0652589059645311,-0.0992903043745071,-0.214514188846659,-0.264646552305696
"MAN2A1;MAN2A2",-0.143686161710691,-0.208946382653254,-0.208479411600908,-0.292181754790827
"MAP2K1;MAP2K2",-0.1414801584068,-0.231070501993295,0.114153805583551,0.0639002636519272
"MAP2K3;MAP2K6",0.0152377302147956,-0.145531101920811,0.0570166418272409,0.134755744524141
"MAP3K2;MAP3K3",-0.0229282957136459,-0.10794864424181,0.155705137928482,0.107654360878703
"MAPKBP1;WDR62",0.223497238531505,0.235301681040037,0.213904827416547,0.226588334076001
"MARCH2;MARCH3",-0.201821251558157,-0.369744841049179,-0.211904342148831,-0.293136149192495
"MAT1A;MAT2A",0.369311643418812,0.370955911725898,0.306896321413102,0.289225027264201
"MBD2;MBD3",-0.510619633483056,-0.716392903561312,-0.284599611672179,-0.226615896628235
"MBNL1;MBNL2",-0.118940322405829,-0.153781855079385,-0.323783918646519,-0.32248617159783
"MBNL1;MBNL3",0.192172935162131,0.287313252410804,-0.424851190141403,-0.476294513446468
"MBNL2;MBNL3",-0.136193669563835,-0.0965134002581196,-0.394014219926838,-0.367770343409125
"MCTP1;MCTP2",-0.0592938100467855,-0.0528373575694477,-0.0470174684909014,-0.0557708813903304
"MECOM;PRDM16",-0.607345467658215,-0.891316883033292,-0.244178758714654,-0.27696105714502
"MED13;MED13L",0.570996973651043,0.53964754263376,0.453724858381618,0.552596323133221
"MEIS1;MEIS2",-0.280373101597269,-0.54941958746042,-0.28438384060209,-0.458457506675028
"MET;MST1R",-0.165490565657459,-0.122617627723226,-0.206388882246565,-0.276530613907293
"METRN;METRNL",0.0283010035654174,-0.130788743251262,-0.0278927728607836,0.0391919540359283
"MGRN1;RNF157",-0.0529771619756468,-0.124639249561783,-0.048774073782853,-0.0674395588057473
"MICALL1;MICALL2",-0.191379574993884,-0.265993982602168,-0.0658228555520047,-0.0589609782828539
"MIER1;MIER3",-0.0869308202051469,-0.155157428672364,-0.211467990179778,-0.306483974157375
"MKNK1;MKNK2",-0.370552087760762,-0.649975750059337,0.0434051991916811,0.0169643605690046
"KMT2A;KMT2B",0.697157416587794,0.828558172275665,0.461664102844745,0.540874922887369
"MLLT1;MLLT3",-0.626499661476625,-0.884709102869284,-0.114048547618452,-0.244042223548052
"MLLT10;MLLT6",-0.547872997221233,-0.888887050113895,-0.545574306086732,-0.80952685689907
"MLXIP;MLXIPL",0.0703434478121508,0.143210838759603,-0.00488172629940059,-0.0520214132210921
"MME;MMEL1",-0.336774454303696,-0.439710546485931,-0.350654666154594,-0.335081246707077
"MOB1A;MOB1B",0.646238389403382,0.74245924171979,0.186094607430706,0.423133132565807
"MPRIP;TRIOBP",0.0873119465151234,-0.00458862888037864,0.0402404813634595,0.0853639940956344
"MSI1;MSI2",-0.310950751387834,-0.684370980523337,0.0320556574454487,0.00496367780002438
"MSX1;MSX2",-0.0980445745704634,-0.226640007956613,-0.121819377686342,-0.156250318394107
"MTMR3;MTMR4",0.000391898139600397,-0.038265893905854,-0.0369306383204186,-0.0801717297119304
"MTMR10;MTMR12",-0.0692310251084018,-0.0386785181884663,-0.217172317125466,-0.222606010603068
"MTSS1;MTSS1L",-0.197880443516588,-0.238451227350079,-0.129574390005796,-0.156055140189465
"MTX1;MTX3",-0.0565164143785894,-0.17900115478913,-0.020874766655701,0.0259064974684185
"MYB;MYBL1",0.00256086217530022,-0.0217601225703542,-0.136203507737102,-0.139319236648211
"MYC;MYCN",0.22010416876924,0.033870875934651,0.132305174836227,0.108682696234725
"NAA15;NAA16",0.348163125067762,0.274354351622681,0.40531190199263,0.449630872158634
"NAB1;NAB2",-0.29965170580896,-0.344399878578324,-0.321774791117915,-0.318672143051252
"NAV1;NAV3",-0.123846261905793,-0.257779715881779,-0.119824504862472,-0.162270968113594
"NBEAL1;NBEAL2",-0.190065830553134,-0.30960771075557,-0.369170049930727,-0.419491554168869
"NCOA1;NCOA3",-0.0985928747200982,-0.147541164727217,-0.13716895732942,-0.0329945002789799
"NCOR1;NCOR2",-1.17866897172268,-2.53317773081191,-0.433632354785536,-0.509315087588388
"NDE1;NDEL1",0.252451397705356,0.250440753079696,0.312475545295258,0.312635326985534
"NDFIP1;NDFIP2",-0.149490984026544,-0.20583956226022,-0.234939252820096,-0.25409406500541
"NEDD4;NEDD4L",-0.135388713459758,-0.264204129478557,-0.165445688156875,-0.156095712595928
"NEK6;NEK7",-0.144181974872845,-0.0868455374401055,-0.307677313053294,-0.360829249042987
"NFKBID;NFKBIZ",-0.0937617604513629,-0.127697590897772,-0.0846288194145575,-0.0892074070021913
"NID1;NID2",-0.0890003741679856,-0.201606648175547,-0.118404581982588,-0.146431658072715
"NIPAL1;NIPAL4",0.00310554553954356,-0.0299172411762244,-0.088801671510473,-0.10344126676695
"NKTR;PPIG",-0.0842515091023353,-0.0295381996528965,-0.24075358455401,-0.22407392578168
"NKX2-1;NKX2-4",-0.314226697736923,-0.38651229813545,-0.364753627582699,-0.389129274684275
"NLGN1;NLGN4X",-0.165925080859934,-0.268634225853314,-0.405135685242148,-0.311883871920296
"NLN;THOP1",-0.187562353254632,-0.271983859027289,0.0949870086976101,0.0142247627182508
"NOTCH1;NOTCH2",0.0505987636767214,0.0867348254809152,-0.171750381197437,-0.172409962374092
"NOVA1;NOVA2",-0.193643408627969,-0.18574374124142,-0.266310410712261,-0.360221100100906
"NPR1;NPR2",0.0184108573429475,-0.0275118561425471,-0.0344946075106523,-0.0497349688148376
"NR2C1;NR2C2",-0.102307296514539,-0.0683118117832658,-0.317413922528065,-0.423735333615938
"NRBP1;NRBP2",-0.320980682836523,-0.346151716360197,0.0780333583887718,0.116500624828554
"NT5C2;NT5DC4",-0.0929450658614787,-0.0996100059138686,-0.0340320577204401,-0.0141289428109028
"NUCB1;NUCB2",0.116454592277862,0.206838064781569,0.0484799487248772,0.21008884168823
"NUMB;NUMBL",-0.0584594831188667,-0.180942909572566,-0.00268354763815337,-0.0466750175342612
"OGDH;OGDHL",0.0387992178214692,0.111692002108553,0.050474120212962,0.0983209169262281
"ORMDL1;ORMDL3",-0.396886656242469,-0.4680983301049,-0.327980522098596,-0.349843137816225
"OSBP;OSBP2",-0.0588638025517658,-0.116068414317896,0.169592296559256,0.0699480906812351
"OSBPL5;OSBPL8",-0.0258761873164851,-0.16592933648653,-0.0249372508016706,-0.0974987864846437
"OSR1;OSR2",-0.220208185983976,-0.261456557393586,-0.193952497554067,-0.192901051843377
"OTUB1;OTUB2",-0.254380285302138,-0.41298025280502,-0.166236447771673,-0.233712810206551
"OTX1;OTX2",-0.509983893642816,-0.743665304575849,-0.00970136182966698,-0.0174269003787496
"P4HA1;P4HA2",0.0902476348539756,0.14098803861015,-0.146997587874706,-0.15720640609982
"PACS1;PACS2",0.0403101909709558,0.0402743048735626,0.0191794706921734,0.0744545185819443
"PAFAH1B2;PAFAH1B3",-0.0311631070647984,0.0733089631386235,-0.0756151574502654,-0.208530310251299
"PAK2;PAK3",-0.151540993352554,-0.132339755755339,-0.685535647941194,-0.903215274983684
"PAK4;PAK6",-0.103549571121684,-0.194897460692016,-0.0769612872349818,-0.0582978684838528
"PAPD5;PAPD7",-0.255244440726515,-0.263861599397901,-0.400860144447428,-0.467899185049339
"PAPSS1;PAPSS2",0.672050675656214,0.731288742681025,0.938860594699352,1.35227711362964
"PARP6;PARP8",0.261925845811347,0.167135032344144,0.238685619724486,0.203372633614079
"PARVA;PARVB",-0.133582318228758,-0.0779226082061518,-0.270351360574042,-0.263490971653668
"PDE8A;PDE8B",-0.110834326248362,-0.236439857066379,0.0507833124585504,0.0361901639210749
"PDP1;PDP2",-0.023088641042178,-0.137625111636037,0.0588650212438726,0.0517877349302812
"PDS5A;PDS5B",0.908121957217271,0.88703207501749,0.582963241928557,0.457036490961802
"PEX5;PEX5L",-0.0376739274354487,-0.16605541655831,-0.132711912630487,-0.302361691591897
"PGM2;PGM2L1",-0.119410025074744,-0.153886430041408,-0.133232321333464,-0.0847179822022906
"PGRMC1;PGRMC2",-0.0279293414723614,-0.00483723646522774,-0.136606546843521,-0.161341335147889
"PHACTR2;PHACTR4",-0.376305301318634,-0.53109330811494,-0.153558248008426,-0.131224417968726
"PHF20;PHF20L1",-0.297479201189357,-0.261140117396663,-0.288401637763906,-0.338879597888716
"PHKA1;PHKA2",-0.0676792474993498,-0.121106300300986,-0.294981670946043,-0.328527924811514
"PHLDB1;PHLDB3",-0.329326704192463,-0.396195127440249,-0.166106715816271,-0.184644088350081
"PI4K2A;PI4K2B",0.0178887042400881,-0.0510908255426162,-0.0908783236384507,-0.139915212627604
"PIEZO1;PIEZO2",-0.384730118312096,-0.511247746430989,-0.188383435302807,-0.151497674130277
"PIK3CB;PIK3CD",0.199713305906814,0.185657343633837,0.369312792847506,0.638405107913769
"PIP4K2A;PIP4K2B",-0.383089826123964,-0.632961102296581,0.143991875029586,0.193535244838031
"PITPNA;PITPNB",0.679433426822821,0.603137656370605,0.749323198623233,0.735244965435813
"PKN2;PKN3",-0.382007672474895,-0.649500642968572,0.313952024236515,0.239382400311636
"PLCB1;PLCB3",0.00181776043595111,-0.0927901423983141,0.00860496200021563,-0.00708103033840507
"PLCD3;PLCD4",-0.273019743458401,-0.334172041423489,-0.368655740164595,-0.359734385289408
"PLCG1;PLCG2",-0.286421903445319,-0.418506661620389,-0.0431992377106602,-0.0474699976568313
"PLCL1;PLCL2",-0.371018143697821,-0.452813145704151,-0.240609954021437,-0.189037405754035
"PLEKHB1;PLEKHB2",-0.0838631215000268,-0.176797934627961,-0.144396689733373,-0.110162018979458
"PLEKHH1;PLEKHH2",0.0419506595193309,0.0703284901199863,-0.00106609916372694,-0.0491359242979883
"PLK2;PLK3",0.0677839872895201,0.0190846127676327,-0.0418794924798593,-0.103372020174147
"PLOD1;PLOD2",0.114664056498298,0.194095879893444,-0.0622661085874374,-0.0488113453108366
"PMM1;PMM2",0.0184456099379476,-0.152902988965397,-0.396590503697142,-0.484550478548826
"POC1A;POC1B",0.704252687347251,0.77057966757082,0.474440765174305,0.640640489481843
"POGZ;ZNF280D",0.0597880039553808,0.0279206772983099,-0.216894884802653,-0.175841694089148
"PPA1;PPA2",0.393176707250094,0.406752052764172,0.516492547442176,0.477966207581701
"PPARGC1A;PPRC1",0.0746977460889192,0.135975470962259,0.149108817671205,0.180127499803948
"PPFIA1;PPFIA3",-0.09126311445674,-0.06953095335864,-0.0364602314330687,0.0600432969384244
"PPIB;PPIC",0.348063379091743,0.351102327998549,0.344271033633714,0.313213043109355
"PPM1E;PPM1F",0.150360207978865,0.144539323451445,-0.15979203111303,-0.243298209797694
"PPP1CA;PPP1CC",0.587559104419554,0.528927200097977,0.715718943180427,0.754699141926139
"PPP1R3B;PPP1R3C",-0.127176849999472,-0.127961754148521,-0.312488465487271,-0.415322598351316
"PPP1R3D;PPP1R3E",-0.0884923745238252,-0.133395470663855,-0.269890557442168,-0.189645860391499
"PPP1R14A;PPP1R14B",-0.179006101796382,-0.342797294993961,-0.221780198130603,-0.197984686909471
"PPP1R16A;PPP1R16B",-0.167485125586026,-0.238388489060126,-0.0857083798763605,-0.0942543792234027
"PPP2CA;PPP2CB",0.07596517315499,0.00370300710633553,0.0988727396938288,0.116042315698225
"PPP2R5C;PPP2R5D",-0.00272272183543998,0.0496680569921539,-0.209846844167199,-0.278991978224921
"PPP3CA;PPP3CB",-0.00700862888017476,0.00314683906491453,-0.000799803772561947,-0.0426577217295298
"PPP6R2;PPP6R3",-0.065218908743357,-0.163246414710159,-0.299719514866427,-0.254939009819764
"PREX1;PREX2",-0.0356334293671787,-0.0711707280267503,-0.0754657711737173,-0.14817119772172
"PRKAR1A;PRKAR1B",-0.380746804968488,-0.53054731823899,-0.242729804356255,-0.20305299042052
"PRKAR2A;PRKAR2B",-0.145281270661313,-0.186392772629979,-0.194465963092212,-0.234754449936773
"PRKCA;PRKCB",-0.281011662991242,-0.367144441075243,-0.275614493465365,-0.318286573332309
"PRKCD;PRKCQ",-0.325305972102006,-0.343421512251835,-0.366070329967486,-0.368870811659899
"PRKCE;PRKCH",0.110142121852743,0.144498123138716,-0.0398758117236837,-0.0398036815700409
"PRKCI;PRKCZ",0.00121027462288822,0.106132278773204,-0.250901851256122,-0.210740603657505
"PRPF40A;PRPF40B",0.0116567424633043,-0.0103820607639623,0.018638706738512,-0.00794850979186373
"PRPSAP1;PRPSAP2",0.288294499540624,0.190787063806414,0.265506715187411,0.273633941707197
"PRRX1;PRRX2",0.0904915217076266,-0.0189622463666571,0.013358598425509,-0.0160768070898233
"PSEN1;PSEN2",-0.064868353270594,-0.0681049422593867,0.0403753143408389,0.105835357930768
"PSMA7;PSMA8",0.391241979662061,0.352804590059615,0.349511158077611,0.446977503323891
"PTBP1;PTBP2",0.573501005977483,0.518554622951174,0.900127206088049,1.02227730027647
"PTBP1;PTBP3",-0.467203515252916,-0.831592959121559,0.0155948174603834,0.159792368902649
"PTBP2;PTBP3",-0.18564436183844,-0.318836995656245,-0.162410475265381,-0.277389125120612
"PTCH1;PTCH2",0.0725702868637425,0.0174009797414776,0.00396057065160155,-0.107386374516368
"PTGS1;PTGS2",-0.00611815725311782,-0.108175661823977,-0.0876986189681289,-0.143556924875583
"PTK2;PTK2B",0.223296864944186,0.252560399982031,0.25099614572074,0.36110572414959
"PTPN1;PTPN2",-0.316359037495423,-0.36623673551487,-0.128340608395469,-0.187201340100512
"PTPRG;PTPRZ1",-0.0816577247977572,-0.0508390252329265,0.0469183573949051,-0.00443614378308199
"PUM1;PUM2",0.159241353578285,0.110314025658404,0.148442344348231,0.125784059513919
"PWWP2A;PWWP2B",-0.24282903711864,-0.219879122410243,-0.281238197763449,-0.322658783908506
"PXN;TGFB1I1",-0.194144456011977,-0.0889914189445606,-0.190922880728221,-0.158323733712427
"QPCT;QPCTL",0.0424574523161838,0.0959942680785127,0.0281690534930594,-0.0172200215821757
"QSOX1;QSOX2",0.0433969758599516,0.0501500746670677,0.0235519411561427,0.0438906308502674
"R3HCC1;R3HCC1L",-0.358625489289141,-0.472423608621275,-0.293109536111232,-0.294975553012112
"RAB1A;RAB1B",1.13284578550119,1.04816652968427,1.1249068951051,1.24259848931226
"RAB4A;RAB4B",-0.158917926256145,-0.231980105483109,-0.247482301666335,-0.23086491492464
"RAB9A;RAB9B",-0.0798469145009015,0.013714335444564,-0.483937443748043,-0.525714125042012
"RAB11A;RAB11B",-0.00439169067764544,-0.0574543318393269,-0.177555628225177,-0.0971462692448849
"RAB22A;RAB31",-0.38175457101934,-0.493190730436499,-0.414890073600546,-0.453453912196557
"RAB26;RAB37",-0.0452655585894598,-0.265087457007282,0.064587907443617,0.0878366453441287
"RAB33A;RAB33B",-0.286593563825548,-0.319471259572249,-0.470612208964711,-0.619000024428538
"RAB34;RAB36",0.155129368817062,0.0551738663149897,0.209273991477825,0.160183964419261
"RAB39A;RAB39B",-0.264302433133063,-0.226961612392404,-0.143400837682756,-0.145232263574021
"RABEP1;RABEP2",-0.146671740815775,-0.180949137854796,-0.191397712471912,-0.255905353573386
"RABGAP1;RABGAP1L",-0.0598769019226589,-0.192160638027553,-0.181403798499257,-0.213674583965694
"RAC1;RAC2",0.0481338248880951,-0.010412521664682,-0.179105087793251,-0.204030903447228
"RAD9A;RAD9B",-0.225016583159798,-0.187072725061819,-0.215903703013243,-0.264323957234051
"RAD23A;RAD23B",0.180118373502405,0.184165973242271,0.00489738927947023,0.0331703806342903
"RALGAPA1;RALGAPA2",0.0731590344503219,0.119433400735833,-0.292666542097006,-0.381453983896588
"RALGPS1;RALGPS2",0.0490285851230709,0.00750069288373828,-0.156498587601328,-0.247641823434741
"RANBP10;RANBP9",-0.0527288263319955,-0.0564554979115244,0.0556267953746901,0.174799361793233
"RARA;RARG",-0.211903468126116,-0.475380826756896,-0.152895911241385,-0.152549849336642
"RASA2;RASA3",-0.532339129141438,-0.552083697495688,-0.546283437785278,-0.779554247511086
"RASSF7;RASSF8",-0.257862339967408,-0.415202998125654,-0.0865862240604625,-0.0272338221650817
"RBBP4;RBBP7",-0.200486147447219,-0.237248468483981,-0.207864542422872,-0.182081117189985
"RBL1;RBL2",-0.259460930791861,-0.439867948940625,-0.279252265921708,-0.226651799259524
"RBM12;RBM12B",0.200823636343394,0.0364919544691973,0.20186752269805,0.143687800786021
"RBM15;RBM15B",0.280264576456254,0.251279692027088,0.274981643370347,0.344166273823651
"RBM23;RBM39",0.363582256930785,0.393393422417492,0.338334665446291,0.412940192349386
"RBM26;RBM27",0.69143600631615,0.743972402635095,0.609623889114646,0.744787295331853
"RBMS1;RBMS3",-0.579967900105389,-0.702505997281272,-0.36152772748445,-0.472429129484477
"RC3H1;RC3H2",0.274360541224055,0.281423721225435,0.167855948393766,0.113419581380098
"REEP5;REEP6",-0.145593122633084,-0.271806778114766,-0.00561810210426505,-0.0763893996330967
"RFX5;RFX7",-0.0637232389978185,-0.135832632391889,0.00917336505692767,-0.0361654417398362
"RGMA;RGMB",-0.308332772441371,-0.202589783077349,-0.194815641898036,-0.204218643940403
"RHBDF1;RHBDF2",0.0353140292435798,-0.0707504697304402,0.0260212505803856,-0.0104147003011209
"RHOBTB1;RHOBTB2",0.0325607574564936,-0.090816830177762,-0.0337040549057555,-0.110961438186553
"RHOT1;RHOT2",0.500681447363251,0.504425006801302,0.631318604079837,0.630460680183674
"RHOU;RHOV",-0.0824867461954332,-0.0619857810642293,-0.183218736218158,-0.169660391017815
"RHPN1;RHPN2",-0.340943216861308,-0.433417257707766,-0.150314715508636,-0.251297504593358
"RIC8A;RIC8B",-0.776335321678369,-0.853824350307374,0.0588971255721536,0.19119727398408
"RNF13;RNF167",0.00983925562159249,-0.00875971615248167,-0.158001606404355,-0.19388816284992
"RNF43;ZNRF3",0.0306220614852404,0.00620864147675224,-0.0786966676338468,0.0491397150771294
"RNF115;RNF126",-0.515099781341336,-0.979273373168694,0.0117777122093063,-0.115724682697096
"RNFT1;RNFT2",-0.00492299477899216,-0.101125531645406,-0.277499961896534,-0.167888463993866
"ROCK1;ROCK2",-0.79724697384748,-1.28039642524062,-0.0168248134927436,-0.225309541981534
"ROR1;ROR2",-0.0425358678514157,-0.0886412269003888,-0.154892691824949,-0.216991975153435
"ZNF608;ZNF609",0.0774754999394929,0.0652581419572392,-0.0918335356060431,0.015579165312534
"RPS6KA4;RPS6KA5",-0.130457093697754,-0.122356467230392,-0.233271280866954,-0.282686830300921
"RPS6KC1;SNX15",0.163181171945397,0.114764901319949,0.0762075600901674,0.0865908254487976
"RPS27;RPS27L",-0.264277985405538,-0.291463872856223,-0.0930324538022654,-0.0326044464194958
"RRAS;RRAS2",-0.114973981490538,-0.196021747819541,0.100901728979574,0.346781390599722
"RYBP;YAF2",-0.524605612738924,-0.91493020667944,-0.11982196753714,-0.209174108008835
"SAMD1;SAMD13",-0.149897398739775,-0.34384043680293,0.0134886230798595,0.17933902535578
"SAMD4A;SAMD4B",0.111593360235643,0.0603684310786537,0.475374843971697,0.489439694851289
"SAMD10;SAMD12",-0.383203049838244,-0.374930319267544,-0.425383942935308,-0.459370183358713
"SAP30;SAP30L",-0.423272996422239,-0.713764240366122,0.140277978837181,0.241439120932489
"SAR1A;SAR1B",0.906404561422765,0.731621482890351,0.958676701794249,1.00978532609118
"SCAF4;SCAF8",0.447297065594674,0.264095351814576,0.0655911214037073,0.3571005322156
"SCD;SCD5",0.107615252133824,0.0360377849270842,0.251189016021256,0.305317990668224
"SEC11A;SEC11C",0.293353695506928,0.192168037037715,0.315896365015943,0.385555891179314
"SEC23A;SEC23B",1.24946624459682,1.20463286406602,1.28013089247622,1.31337535211158
"SEC24A;SEC24B",0.260350063842811,0.298797832858052,-0.0730312005947275,-0.242682186604567
"SEC24C;SEC24D",0.42326773486452,0.287245753187146,0.55089765221466,0.523782869452313
"SEC31A;SEC31B",0.0980969540274248,0.127569177441866,0.0450742119727914,0.0524296051715828
"SEC61A1;SEC61A2",-0.116930181897327,-0.180532223636841,-0.138225405696541,-0.171730792095938
"SENP3;SENP5",-0.189268309545235,-0.211016802953342,-0.196332654099984,-0.264373783840246
"SERINC2;SERINC3",0.189903051847654,0.0543822710952491,0.0462362239051676,0.0350233586177989
"SERP1;SERP2",0.113612744243522,0.0772320621194313,0.0407135722228331,0.0635523766309724
"SESN1;SESN2",0.0726591642804703,-0.122279474053714,-0.0478812924416517,-0.102277661192429
"SETD1A;SETD1B",0.842625326826453,1.06508549430003,0.219115235106166,0.219122720697248
"SFXN1;SFXN3",0.23735772394668,0.247597120104614,0.276297826195208,0.36369350716958
"SFXN4;SFXN5",0.191848277678039,0.223569629335348,0.346139522087592,0.44182251583037
"SGMS1;SGMS2",0.115288495310342,-0.00703126645259128,-0.0555166585772749,-0.00773110580742642
"SGSM1;SGSM2",0.0843679115152054,0.106572331064127,-0.0470917796773046,-0.0244412687129597
"SGTA;SGTB",-0.208717143375437,-0.198233302743576,-0.140307459653952,-0.100127576308129
"SIN3A;SIN3B",-0.632801390979554,-1.36825335721013,-0.174405100088268,-0.231939470417254
"SIX1;SIX2",-0.209273419979665,-0.205232278127965,-0.261792468740985,-0.249150373441468
"SIX4;SIX5",-0.0332857456550308,-0.087890341903938,-0.0390928365365072,-0.0214915638313659
"SLC9A3;SLC9A5",-0.226755328271905,-0.298731066272952,-0.114862569897807,-0.0234545194226766
"SLC9A3R1;SLC9A3R2",0.0133237472576171,0.0045328996377848,0.0459274489770064,0.178173676975563
"SLC12A4;SLC12A5",-0.149035232073947,-0.188311168143466,-0.141319052456904,-0.178210129981588
"SLC24A1;SLC24A2",-0.0478862107924849,-0.204737794906324,0.0216855023922916,-0.0749736412908926
"SLC25A12;SLC25A13",0.28352800720966,0.34375203136885,0.532908560541147,0.741051855102921
"SLC25A14;SLC25A30",-0.138895931221354,-0.229360772292413,-0.320179353263661,-0.315339972432193
"SLC25A28;SLC25A37",1.27208092539726,1.2682766030641,1.32207710115753,1.42652050518943
"SLC25A33;SLC25A36",0.265468843434116,0.20795482714841,0.337693435373707,0.394618409078553
"SLC29A1;SLC29A2",-0.0104811712659872,-0.00299793847880295,0.0530627402355558,0.0475721697348536
"SLC35D1;SLC35D2",0.0721053080622107,-0.096567369383167,-0.0308808749705408,-0.0283518596402271
"SLC41A2;SLC41A3",0.0971680370127873,0.00553588021375218,-0.0741130353839945,-0.0799023867277455
"SLC44A1;SLC44A3",-0.0158193823365497,-0.0540101013066527,-0.245734857197515,-0.406814883946855
"SLC52A2;SLC52A3",-0.228677383565883,-0.364111000133256,-0.201651194156886,-0.262585921232754
"SLK;STK10",-0.259795168244085,-0.168370824550457,-0.470703191180312,-0.459495110049087
"SMAD6;SMAD7",-0.433159300628735,-0.475779804570903,-0.459915799318757,-0.446536500965638
"SMARCD1;SMARCD2",0.617525645630139,0.465020721457873,0.443263356025507,0.537190955138525
"MIEF1;MIEF2",0.32267633708415,0.312650990312772,0.358024578527564,0.395798865403479
"SMTN;SMTNL2",-0.106652689757955,-0.125032569660798,-0.0864623360214887,-0.0867757402280071
"SMURF1;SMURF2",-0.151645961406638,-0.336463223275483,-0.334811477991286,-0.421714954837675
"SNAP23;SNAP25",-0.110584171466655,-0.0220347372444943,-0.0704087304314882,-0.0463584541906836
"SNX12;SNX3",0.147401944646161,0.152119122349412,0.131753546148353,0.236479757272032
"SOCS4;SOCS5",-0.216782653392748,-0.296668463252316,-0.222741179792944,-0.253412767228133
"SORBS1;SORBS2",-0.230479737035439,-0.190587270753934,-0.452243127476303,-0.537847928888759
"SOS1;SOS2",0.197622632226295,0.0851190010482735,0.195980176241844,0.265918319744566
"SOX5;SOX6",-0.115276921596482,-0.213951483489447,-0.0352964193616031,-0.0340748959945739
"SOX11;SOX12",-0.622257715397962,-0.879686340740068,-0.318928498314884,-0.412996687909619
"SP1;SP3",-0.302872701214123,-0.438357156467667,0.422261682086969,0.663758933424663
"SPARC;SPARCL1",-0.0498520498709777,0.00288102034383336,-0.229033844193866,-0.260210224596012
"SPATA2;SPATA2L",-0.083169689001558,-0.264488637348478,0.134852847396203,0.177402460346276
"SPATA6;SPATA6L",-0.249831207107932,-0.422173513207737,-0.365770127551707,-0.467204749367371
"SPECC1;SPECC1L",0.469812799626028,0.519014895301872,0.257835498723977,0.314283455643809
"SPIRE1;SPIRE2",0.0371943669983504,-0.0935821849285474,0.0635647572021026,0.125083017908095
"SPOP;SPOPL",-0.246817633583796,-0.494436234546352,-0.0841239642517405,-0.0182823502709624
"SPSB1;SPSB4",0.0125363925908907,-0.154135796803693,-0.268616306577154,-0.255750345335369
"SPTLC2;SPTLC3",-0.144728383276641,-0.153945763665379,-0.114911112316071,-0.0245052285064919
"SREK1;SRSF11",-0.0965284914839251,-0.110775559811647,-0.112193521613138,-0.124337594801559
"SRSF1;SRSF9",-0.150860042774902,-0.342674562179423,-0.0856612828444015,-0.125315661932587
"SS18;SS18L1",-0.075860876178367,-0.0522050841158939,-0.018985882090286,0.0261561497951788
"SSH1;SSH2",0.354089795803298,0.281498144932169,0.242741143652797,0.226048992222566
"ST8SIA2;ST8SIA4",-0.334251014940834,-0.354833480159769,-0.539356518068422,-0.591955661549042
"STAM;STAM2",0.218517361926993,0.198855168087806,0.278903294677,0.335221698799582
"STAU1;STAU2",0.0312591340329628,-0.0260379191898156,-0.295212263704529,-0.277244452386206
"STK3;STK4",0.172071877644336,0.204111315301876,-0.422806409960918,-0.460574765435976
"STK38;STK38L",-0.237233120103989,-0.282361005579765,-0.0908039907358829,-0.055867312445876
"STOX1;STOX2",-0.032523981173902,-0.13353456286544,-0.322643494746364,-0.350463897344727
"STRADA;STRADB",0.0192919648382764,-0.239395710258619,0.414467729666834,0.617814161247851
"STRIP1;STRIP2",-0.116305108145499,-0.0450693274068589,0.109015530000432,0.155103791696973
"STX1A;STX1B",0.0556568992145926,0.0202382305326828,0.0982463086179584,0.0653516967312364
"STX10;STX6",-0.312030227247337,-0.359850158522534,-0.259733180166562,-0.290656712794085
"STX12;STX7",0.0835139804548959,-0.000964310197071883,-0.134843731227086,-0.171221433721986
"SULF1;SULF2",0.0829317971336873,0.0333673885800495,0.0692990531622418,0.0491306248162129
"SUN1;SUN2",-0.167541556586115,-0.398394949384797,-0.110237438250129,-0.0786820466237067
"SYCP2;SYCP2L",-0.186568006150083,-0.372125944304919,-0.144570148984083,-0.110567883500585
"SYDE1;SYDE2",-0.141594911940047,-0.307668817091561,-0.204931727024063,-0.244208850598786
"TAF4;TAF4B",0.482126759536267,0.500566558815046,0.492045167008434,0.643411536874468
"TANC1;TANC2",0.0861247252083548,0.0400592209353995,-0.0949873604465651,-0.109064752849583
"TARS;TARSL2",-0.580038098582309,-0.61850373247289,-0.542185785574539,-0.554873671831799
"TBC1D1;TBC1D4",0.00866118225904883,0.00778120424656925,-0.182657093480823,-0.176863943152584
"TBC1D9;TBC1D9B",-0.245953221800569,-0.202684691421222,-0.300165628863792,-0.306967152035219
"TBC1D10A;TBC1D10B",0.140053988019198,0.131097107610964,0.349658587183237,0.395741311015222
"TBC1D15;TBC1D17",-0.0941086117673928,-0.0583600020771051,-0.221320478911941,-0.269190061885699
"TBX2;TBX3",0.382685146283969,0.197470697677106,0.124104643154903,0.182978610091835
"TCP11L1;TCP11L2",-0.0718097714653107,-0.124872408963186,-0.0868264346461859,-0.121921897690812
"TET1;TET2",-0.124737555767136,-0.121530689848942,-0.173290988072214,-0.179116755275462
"THRA;THRB",0.26445257112286,0.0688354050956335,0.218293443428068,0.261748837575128
"TIA1;TIAL1",0.627349706944037,0.396083732378268,0.869187196201772,0.856106312796956
"TIAM1;TIAM2",0.0250559719493514,0.006481873475773,-0.224635335310054,-0.0819429268315548
"TIMP3;TIMP4",-0.255688933528154,-0.268734300541934,-0.398383734630233,-0.412872649456023
"TJP2;TJP3",-0.315468489447298,-0.474716035173635,-0.165368638827422,-0.226902196321423
"TLK1;TLK2",0.88681132506313,0.927900413397963,0.773983554641883,0.734450738853893
"TLN1;TLN2",0.130056728244664,0.121360863697513,0.276722737937204,0.286361624297936
"TSPAN6;TSPAN7",0.0594086828817313,0.0017173150193629,-0.344641632402294,-0.347139289434667
"TMC5;TMC6",-0.0423543647269289,-0.100426738310948,-0.153787437340813,-0.234254378069845
"TMC7;TMC8",-0.0273936295924337,-0.105827958025478,-0.126391505751221,-0.144038255467323
"TMEM50A;TMEM50B",-0.292398670481147,-0.31724754481868,-0.220960691035084,-0.320085981412269
"TMEM59;TMEM59L",-0.0713654387141939,-0.233752174410571,-0.025929972054044,0.00315805497883259
"TMEM184A;TMEM184B",-0.140434367067378,-0.203883726564562,-0.160946240574775,-0.132019804739578
"TMUB1;TMUB2",-0.214251738160372,-0.296915920675556,-0.296648117147662,-0.362923086652575
"TMX1;TMX4",-0.132846423511685,-0.327532462781089,-0.128838223410343,-0.161107709731216
"TNK1;TNK2",-0.194446707765695,-0.216463722741095,-0.183016515557579,-0.203717722126984
"TNKS;TNKS2",0.147117855054625,0.0195284826277259,0.353881597999441,0.339636422919866
"TNPO1;TNPO2",0.584124803495712,0.576276565096557,0.713968087410159,0.766212401254488
"TOB1;TOB2",-0.153435698854543,-0.182421819749251,-0.243177549200052,-0.328695059443732
"TOMM40;TOMM40L",0.244187345679825,0.199976632632145,0.243436111073538,0.163679874286956
"TOP1;TOP1MT",0.112654704715961,0.089554045493607,0.235259006042772,0.0869212004488044
"TOP2A;TOP2B",-0.483315123043923,-0.537266749323297,-0.333938118216652,-0.348698593779796
"TOX;TOX2",-0.0883152607993281,-0.109244208623183,-0.125640613470497,-0.162045367663599
"TP53INP1;TP53INP2",-0.0495443757197728,-0.120514389937174,-0.11817785022154,-0.107667665594798
"TPM1;TPM2",-0.288267669273518,-0.56076267527652,0.326513444611561,0.358127631939781
"TPST1;TPST2",0.0215931985386068,-0.0141333089769446,0.0555798970688046,0.0387004128906154
"TRAF3;TRAF5",-0.0463646856499539,-0.103248201487393,-0.207672462766081,-0.228776055841059
"TRAK1;TRAK2",-0.334171291745014,-0.291606380486333,-0.359169184760538,-0.385107985122716
"TRIM35;TRIM72",-0.0842077737927893,-0.0815033091558306,-0.12369130026744,-0.101910381995369
"TSPAN4;TSPAN9",-0.0482614313692388,-0.00973762439923184,-0.0477526728467806,-0.0581495019931306
"TSPAN13;TSPAN31",0.0761894931869013,0.0929609202405567,-0.0243344622111197,-0.065951107519274
"TTC7A;TTC7B",0.276885301096506,0.177105181866797,0.309360705577347,0.238482730225187
"TTC39A;TTC39B",0.133396758399321,0.190731702166611,0.010375549128992,0.0104060049666351
"TTYH2;TTYH3",-0.253322632612829,-0.203224367695379,-0.246307925357493,-0.273211869237145
"TWF1;TWF2",0.0397038424677225,0.0803635545271164,0.0722103968049163,0.0975046613483247
"TXNRD1;TXNRD3",-0.129987054052846,-0.142682272954545,-0.141678924225088,-0.130731078823388
"UAP1;UAP1L1",0.638619206633631,0.606511789833899,0.456518364005903,0.532225969695999
"UBA1;UBA7",-0.51086326505717,-0.602991050390563,-0.409959091830906,-0.490720775269569
"UBE2Q1;UBE2Q2",0.110082110402273,0.0169314892491783,0.148577743548543,0.12244134895676
"UBE2V1;UBE2V2",0.0233595391759975,-0.0106149019949671,0.491294648239727,0.504152152605764
"UBQLN1;UBQLN4",-0.330472547016757,-0.688399388176735,-0.103429398522005,-0.206520107753386
"UBR1;UBR2",0.166118642712253,0.049666347122861,0.0305892255647219,0.0860084166067445
"UBTD1;UBTD2",-0.230332178637339,-0.144104775461525,-0.265932360193179,-0.290750120230605
"UCHL1;UCHL3",-0.219812374513588,-0.317461327383165,-0.0860293597250288,-0.0462441697050782
"UCK1;UCK2",0.160590026815425,0.107143264557095,0.0518956643585823,0.0743877034566607
"ULK1;ULK2",-0.268650660684122,-0.370061249161267,-0.229161382122668,-0.271666854993884
"UNC5B;UNC5C",0.0814876967027679,0.0716471721515862,-0.0269372628401161,-0.096439348047583
"UNC119;UNC119B",-0.302860588030101,-0.423864285245494,-0.254777847045544,-0.336917400744147
"UNK;UNKL",0.0149909356971168,-0.0737171809060587,-0.135540485611483,-0.158461169460053
"USP2;USP21",-0.0919403618274073,-0.115987802186054,-0.179887713056369,-0.153557101873025
"USP12;USP46",0.405749789582099,0.51091245390157,0.393105026467185,0.550047774693539
"USP16;USP45",-0.0961567655804446,-0.14104219195571,-0.132646791276636,-0.133294629504604
"USP31;USP43",0.21233437305091,0.34235552338023,0.146860496684276,0.0714118622497064
"USP35;USP38",0.0201122282794352,-0.0389767688189729,-0.0251065915230629,0.0125295980981477
"VAPA;VAPB",-0.264820306354779,-0.23857429179917,0.110030896828464,0.18148240768558
"VASH1;VASH2",-0.00265902626929231,-0.0633056117180162,-0.156869931341924,-0.273492168516117
"VPS13A;VPS13C",-0.165973313748091,-0.324284109783292,-0.0987572257427529,-0.124954155482764
"VPS37B;VPS37C",-0.18431851821276,-0.231830326840349,-0.291772399209266,-0.276671542092715
"WASF1;WASF2",-0.1854160755682,-0.359802466235823,-0.298892041790461,-0.380824207089591
"WIPI1;WIPI2",-0.115467157201365,-0.177054626703436,-0.130744460966975,-0.0543129123113315
"WSB1;WSB2",0.0682743290538492,-0.00585148896705667,-0.0909136174025299,-0.0764199916441295
"WWC1;WWC2",0.0226680388227736,0.166943420881725,-0.476320305873526,-0.528263746454472
"XYLT1;XYLT2",-0.0737601430572491,-0.172844923909219,-0.025701457936699,-0.112027989952403
"YIF1A;YIF1B",0.104129811977563,0.114399276816037,0.26685927871056,0.26464746334564
"YIPF1;YIPF2",-0.23297880416344,-0.36344812882626,0.121366782226034,0.0537236360177233
"ZCCHC11;ZCCHC6",-0.144975859305119,-0.27709733756257,0.122299182665385,0.203500714193353
"ZDHHC14;ZDHHC18",-0.104196363572192,-0.129196895829493,-0.349273760043375,-0.312283339258408
"ZFR;ZFR2",-0.290183862758718,-0.328525169525437,0.366770602354299,0.672116880123025
"ZFYVE16;ZFYVE9",-0.00295249494785176,-0.0716363837289967,-0.179756391409496,-0.24509869214788
"ZMIZ1;ZMIZ2",-0.263464678009932,-0.475483030711281,-0.135174378476082,-0.193786646106945
"ZNF503;ZNF703",-0.161149364229059,-0.319959247915224,-0.219501987587016,-0.181561721165873
