"","RPE1.T18","RPE1.T24"
"SLC16A1;SLC16A3",-0.0586743432712522,-0.0783258721728439
"MDM4;TP53",-2.3716849301452,-2.73158869587744
"APC;CTNNB1",0.174509541890572,0.106826138480274
"BRAF;MAP2K1",0.0191531772625068,-0.0869955572550478
"CCNE1;CDK2",0.0313007551578801,0.0213658366708664
"BRAF;PEA15",-0.0809178859183197,-0.0815537267068291
"CBFB;RUNX1",-0.571924928920166,-0.860325628252004
"SMARCA2;SMARCA4",0.191184153969469,0.148158221167292
"BRD4;KDM4C",0.219635379656505,0.284461359430397
"BRD4;KDM6B",0.303578875985856,0.289500541831612
"SRRM1;SRRM2",0.922809543651121,0.944890172942013
"TRA2A;TRA2B",0.501253373091503,0.506589098310507
"PAIP1;PAIP2",-0.131245485771978,-0.155635768667146
"EIF4E;EIF4E2",-0.174745184378971,-0.28618772140071
"ENO1;ENO2",0.869624261711037,0.98149035607576
"ENO1;ENO3",0.110564026893993,0.11297441508015
"ENO2;ENO3",0.456449719815168,0.423058915683543
"CREBBP;EP300",-0.227546344032211,-0.360140172017596
"BCL2L1;BCL2L2",0.160650457700706,0.160498540687318
"BCL2L1;MCL1",0.32047967797103,0.277424169129727
"PARP1;PARP2",-0.115089858357771,-0.0960499747923624
"MAPK1;MAPK3",0.278394753708946,0.193634313014546
"MDM2;TP53",-2.24661272817103,-2.50928564024126
"ABHD12;ABHD12B",-0.253338355073626,-0.300336366063224
"ABL1;ABL2",0.37079105039819,0.400295245702348
"DMWD;WDR20",-0.2996217951222,-0.475601516624012
"HNRNPL;HNRNPLL",0.410238505042019,0.358617288385576
"ACBD3;TMED8",-0.361042045786944,-0.407996439811025
"ACBD7;DBI",0.440015175929155,0.477998342132764
"ACSL1;ACSL6",-0.0164193410032442,-0.0246448522847403
"ACTR1A;ACTR1B",0.178030109374886,0.200389971077159
"ACVR2A;ACVR2B",0.0283849329615206,-0.109305227116492
"ADAMTS10;ADAMTS6",0.0338721095377495,0.00737989887344376
"ADAMTSL1;ADAMTSL3",0.329230319940353,0.387289162661553
"ADAP1;ADAP2",0.0205561332149086,-0.0002704435166479
"ADSS;ADSSL1",0.0206748373985089,0.0494025187055008
"AGPAT3;AGPAT4",-0.182934726837839,-0.205479355915301
"AHCYL1;AHCYL2",0.111704466530035,0.116499363330679
"AHNAK;AHNAK2",0.0368007919822559,-0.0595821271408668
"AHSA1;AHSA2",-0.136758740330118,-0.149508653159273
"AJUBA;WTIP",-0.267223094004363,-0.384498952534047
"AK1;AK5",-0.0686729538383584,-0.152064073671522
"AK3;AK4",-0.0827589372523844,-0.16094628581268
"ALMS1;C10orf90",-0.0836904668707905,-0.144174081391658
"AMOT;AMOTL2",-0.43154844704389,-0.495869316192401
"ANK2;ANK3",0.328185269106664,0.286554321634675
"ANKRD11;ANKRD12",0.424537038365462,0.456102794174683
"ANO4;ANO5",0.0536754241167718,0.0948138419714449
"ANXA5;ANXA6",-0.0814710633044767,0.00519617866326438
"AP1B1;AP2B1",-0.191060897663008,-0.234296386449043
"AP1G1;AP1G2",0.18433596257139,0.144291401376773
"AP2A1;AP2A2",0.0335427222786087,-0.0477329275555639
"AP3B1;AP3B2",-0.211912111755445,-0.333893303729881
"APBA2;APBA3",0.0425695505995687,-0.0160687656849442
"APBB2;APBB3",-0.198791026004436,-0.214594482244888
"APH1A;APH1B",0.176032799196179,0.132947970075407
"APLP1;APLP2",-0.297329339586106,-0.351047747810667
"ARAP2;ARAP3",-0.103706386908229,-0.141980472990799
"ARF4;ARF5",0.19564346688719,0.220420903069202
"ARFGEF1;ARFGEF2",0.450500273971585,0.390135124278223
"ARHGAP22;ARHGAP24",-0.490161724521064,-0.6160075562441
"ARHGAP31;ARHGAP33",0.166258209973761,0.21706109661752
"ARHGEF1;ARHGEF12",0.00876272863174099,-0.0677675260507416
"ARHGEF6;ARHGEF7",-0.147942333373684,-0.0725033143985638
"ARHGEF37;DNMBP",-0.0653513135998252,-0.118137545104561
"ARID1A;ARID1B",0.111544817323796,0.088552638269574
"ARL8A;ARL8B",-0.0289084576721542,-0.080469268471637
"ARNT;ARNT2",-2.89213381874815,-4.12314135950784
"ARPC5;ARPC5L",-0.142065101206524,-0.20259853371135
"ARPP19;ENSA",-0.20085848061179,-0.153136465032307
"ATAD2;ATAD2B",0.448196987294689,0.371352565834425
"ATF3;JDP2",-0.200194418320228,-0.248690119877167
"ATF6;ATF6B",0.121428134583119,0.152823441908936
"ATG4A;ATG4B",-0.303596881287003,-0.339127034269241
"ATG4C;ATG4D",-0.243182514712632,-0.321380376671048
"ATG16L1;ATG16L2",0.085099195813644,0.0280970833510033
"ATP6V0A1;ATP6V0A4",0.344812190288215,0.300786513530884
"ATP6V0A2;TCIRG1",-0.180550483179578,-0.214647715066674
"ATP6V1C1;ATP6V1C2",-0.205232931554795,-0.238519803123224
"ATP8A1;ATP8A2",0.0563465313169751,0.0763919335199678
"ATP9A;ATP9B",-0.00781806477274472,-0.000420912984401903
"ATRN;ATRNL1",0.564766575101608,0.562826638078088
"ATXN1;ATXN1L",0.0234553821398388,-0.0671205341952155
"ATXN7;ATXN7L2",-0.0638474704215042,-0.141805600668237
"AUH;ECHDC2",-0.300401472068669,-0.340623972475904
"AXIN1;AXIN2",-0.826911395361287,-1.1639349342783
"B4GALT5;B4GALT6",-0.383614752760177,-0.356489129543767
"BACH1;BACH2",0.496917917459503,0.517940537403522
"BAG3;BAG4",-0.0391115922237665,-0.0690460535943702
"BAIAP3;UNC13D",0.117572947626537,0.0970206191949176
"BANK1;PIK3AP1",0.0428714012362325,0.0349563259775452
"BCOR;BCORL1",-0.238717962811753,-0.366061755069632
"BEGAIN;TJAP1",0.14203027317969,0.0847834624911167
"BMI1;PCGF2",0.145719578703991,0.101167848764987
"BMPR1A;BMPR1B",-0.0416483102743688,-0.0231708453609852
"BRD7;BRD9",-0.398912178316094,-0.444413598101227
"BRMS1;BRMS1L",0.141468647470616,0.10857052499699
"BTBD1;BTBD2",0.166247160678617,0.170062342713203
"BTBD3;BTBD6",-0.165034223371796,-0.175939366271319
"BTBD10;KCTD20",-0.0209346973263456,-0.0400627173794497
"BTRC;FBXW11",0.479373149170468,0.470521411856772
"CAB39;CAB39L",-2.04701268374962,-2.82593397168069
"CALB1;CALB2",-0.394718423132804,-0.421027054017106
"CALM1;CALM2",-0.160355213447754,-0.153226719109371
"CAMKK1;CAMKK2",-0.126967771226233,-0.162736059651053
"CAND1;CAND2",-0.892706362546283,-1.52571819309856
"CANX;CLGN",0.245506325179981,0.290566287320871
"CAPRIN1;CAPRIN2",0.157782334723206,0.21697066430628
"CASKIN1;CASKIN2",0.0636002858930391,0.0157961024463112
"CASP3;CASP7",0.0731417525379078,0.0697115408792981
"CBX1;CBX5",0.097807873758239,0.0504679456339397
"CC2D1A;CC2D1B",-0.107388047240093,-0.146101875522518
"CCDC102A;CCDC102B",-0.15921305108453,-0.209314500936354
"CCNA1;CCNA2",0.478683057460289,0.397116115405053
"CCNB1;CCNB2",0.354510717965079,0.388003601306833
"CCND1;CCND2",0.00652961253041406,-0.0633969128029996
"CCNE1;CCNE2",0.0616541226258399,0.0404400430404175
"CCNG1;CCNG2",0.117384871551016,0.100694504000203
"CCNJ;CCNJL",-0.477502655023828,-0.534767942406772
"CCNL1;CCNL2",0.28652850600249,0.27980496959509
"CCNT1;CCNT2",0.244117669003235,0.200737465828134
"CCNY;CCNYL1",-0.254117712512893,-0.236296692322957
"CD151;TSPAN11",-0.058383250344037,-0.129544364567276
"CDC34;UBE2R2",-0.256064120188709,-0.334215331425475
"CDK2;CDK3",0.174677088860686,0.154466866102431
"CDK2AP1;CDK2AP2",0.136425285057822,0.0985666072201674
"CDK12;CDK13",0.177460525918404,0.13869755425347
"CDK14;CDK15",-0.204870443127744,-0.197256181602328
"CDKL2;CDKL3",-0.0117163296745109,-0.0374106194922915
"CEP85;CEP85L",0.65204791069303,0.69249831941671
"CERS5;CERS6",-0.247179266007527,-0.299197710942959
"CHCHD3;CHCHD6",-0.268192657887216,-0.361988385158437
"CHD1;CHD2",0.35825990685301,0.400746912677123
"CHD3;CHD5",0.0897108691573695,0.0389368387930833
"CHIC1;CHIC2",0.0422340796899019,0.091441655687688
"CHMP4A;CHMP4C",0.0547957358509231,0.00489085226525892
"CHPF;CHPF2",-0.358918207036802,-0.294247966229534
"CHSY1;CHSY3",-0.000527048033317538,0.0938625646213982
"CLCN3;CLCN4",-0.24036925155245,-0.239641582534637
"CLIP1;CLIP2",-0.196192231773682,-0.165902994863233
"CLOCK;NPAS2",-0.0716825444799355,-0.0587274248030569
"CLTC;CLTCL1",0.222946555643604,0.138988998424352
"CNKSR1;CNKSR3",0.0952821361981642,0.08225832363139
"CNOT7;CNOT8",0.453626729211067,0.419062995522313
"COMP;THBS3",0.147374477917115,0.0668919160477999
"COPG1;COPG2",0.0594909433030902,0.0942967237567175
"COPZ1;COPZ2",0.0747849686077278,0.0914243940996123
"COQ10A;COQ10B",0.147884275766917,0.131996355807576
"CORO2A;CORO2B",-0.166855931274194,-0.167563413610098
"CRABP1;CRABP2",-0.0937334501984861,-0.092616358650858
"CRELD1;CRELD2",-0.0103256025064652,-0.0726368251874318
"CSAD;GADL1",0.0485868432497744,0.0931431634784935
"CSNK1D;CSNK1E",0.269848323201777,0.148595225081361
"CSNK2A1;CSNK2A2",0.342300212173169,0.4265958892527
"CTBP1;CTBP2",0.0306351227677184,-0.00177303694329399
"RAVER1;RAVER2",0.297650407327143,0.338829776687371
"CTPS1;CTPS2",0.0521769188439759,-0.00980361292809862
"CUL4A;CUL4B",0.380522700059075,0.316225277453708
"CUX1;CUX2",0.0145503258436529,-0.082781475084561
"CYB5A;CYB5B",-0.106165793712847,-0.136859236615566
"DAAM1;DAAM2",0.0169959070504829,0.00536056319810604
"DAB1;DAB2",-0.11835398729862,-0.132368462051416
"DACH1;DACH2",-0.282442423507998,-0.369290008932111
"DCHS1;DCHS2",-0.0470162901494653,-0.0814157886428273
"DDHD2;SEC23IP",-0.164891903058775,-0.188396037522549
"DDR1;DDR2",-0.189442616828139,-0.219501971596047
"DENND6A;DENND6B",-0.126997601914119,-0.160419918725998
"DERL2;DERL3",0.100139537101691,0.106276385140832
"DHX32;DQX1",0.262791487885996,0.234220361812065
"DHX58;IFIH1",0.116519245430319,0.0359814695554307
"DIP2A;DIP2C",-0.0426961822247248,-0.212267396067081
"DLG1;DLG4",0.147904102759462,0.0986341965218358
"DLG2;DLG3",-0.242698420408314,-0.339422230380211
"DMRTA1;DMRTA2",-0.112491752155533,-0.144282853933139
"DNAH11;DNAH17",-0.329567119365521,-0.372726747400219
"DNAJA1;DNAJA4",0.085485174986318,0.00472815770270896
"DNAJC15;DNAJC19",0.175111127433577,0.201084895554976
"DOCK3;DOCK4",-0.144135264250686,-0.136967711802539
"DOK1;DOK3",-0.10057271257428,-0.157440554316665
"DOPEY1;DOPEY2",-0.0937937370202263,-0.0747992386707374
"DST;MACF1",-0.157220885293792,-0.104600253627661
"DUSP15;DUSP22",-0.0674656178048163,-0.143172651928224
"DUSP16;DUSP8",-0.205101821911568,-0.333737191761989
"DVL1;DVL3",0.055664149079272,-0.0428826152028474
"DYNLL1;DYNLL2",-0.26714754674004,-0.310279091624066
"DYRK2;DYRK3",0.354090025681913,0.371058377329401
"E2F7;E2F8",-0.256052739691779,-0.280326306179581
"EBF1;EBF3",0.0383015331760257,0.0409677019540702
"EEF1A1;EEF1A2",-0.513450535403278,-0.664210488068259
"EFHD1;EFHD2",-0.214956356662009,-0.244563923520747
"EGR2;EGR3",0.0670465972943188,-0.0218622582219497
"EHBP1;EHBP1L1",-0.335688241209248,-0.328660093367593
"EIF1;EIF1B",0.520888555714687,0.370192043972105
"EIF4A1;EIF4A2",-0.628279167916041,-0.627805862272507
"EIF4EBP1;EIF4EBP2",-0.199269422082978,-0.245589976707921
"EIF4G1;EIF4G3",-0.0166073149965933,-0.0663073802943626
"ELAVL1;ELAVL2",0.0527532403583191,0.122979729980066
"ELK3;ELK4",0.10259213427801,0.166965463067148
"ELMO2;ELMO3",-0.0731534064803857,-0.123976838934219
"ELMOD1;ELMOD2",0.0617998474248901,0.11945993563493
"ELOVL1;ELOVL7",-0.0387059048040751,-0.00112368283734587
"EMC8;EMC9",-0.0924049252792272,-0.138306129405763
"EME1;EME2",0.0788356270353013,0.0675035697749893
"EMX1;EMX2",-0.0405067320564531,-0.0673749424599238
"EN1;EN2",-0.298463701860972,-0.378052674184411
"ENOX1;ENOX2",0.333105101845484,0.304013052209277
"ENTPD5;ENTPD6",-0.0187972347253375,-0.0379181214600716
"EP400;SRCAP",0.0303734109488487,-0.0146305226932434
"EPC1;EPC2",0.181320344659897,0.198540674518432
"EPS15;EPS15L1",0.470834235690689,0.467339849352902
"ERC1;ERC2",-0.121065509550892,-0.139564242487467
"ERLIN1;ERLIN2",0.134212142337365,0.086287073911309
"ESRP1;ESRP2",0.146134644713392,0.107788280647604
"ESYT2;ESYT3",-0.0421794301511961,-0.0260002630659394
"ETS1;ETS2",-0.174357204493795,-0.256511929610951
"ETV1;ETV4",-0.0185137727706817,-0.0595242421965667
"EXOC6;EXOC6B",0.535162168930693,0.460472212312136
"EXT1;EXTL1",0.159966623150903,0.0908848584294278
"FAM49A;FAM49B",-1.96920149741643,-2.57106886289145
"FAM78A;FAM78B",-0.118407138601903,-0.190717185461912
"UBALD1;UBALD2",0.297222641068688,0.306468195902836
"FAM102A;FAM102B",0.406141729827364,0.454058722090185
"FAM117A;FAM117B",0.121985580825221,0.106298715690022
"MVB12A;MVB12B",0.479645690902736,0.451551792750945
"FAM126A;FAM126B",-0.233270895664243,-0.155157728016456
"FAM160A1;FAM160A2",0.233783398467355,0.223030860203249
"FAM160B1;FAM160B2",-0.342418317855776,-0.330983889874031
"FAM161A;FAM161B",0.562836104577762,0.586295740468591
"FARP1;FARP2",-0.0326446080653428,-0.137501559714648
"FBLIM1;ZYX",-0.100206669742122,-0.164547313492114
"FBN1;FBN2",-0.240558508486282,-0.268511278598752
"FBXO25;FBXO32",0.247973713734602,0.237833113265367
"FEM1A;FEM1C",0.187134256008309,0.253210937710351
"FER;FES",-0.383230413109959,-0.44436295310907
"FGF1;FGF2",-0.353764430155798,-0.319728589877451
"FHOD1;FHOD3",0.133479463641502,0.0147809645296707
"FLNB;FLNC",-0.102226793408086,-0.169723466079807
"FMN1;FMN2",-0.0540753433019885,-0.0520725644017108
"FNDC3A;FNDC3B",0.118632300899707,0.212568042692289
"FOXF1;FOXF2",-0.0091694671885082,-0.0348184098260602
"FOXK1;FOXK2",0.277266875002489,0.282363934711932
"FOXN2;FOXN3",-0.163917515301756,-0.150563492610334
"FSCN1;FSCN2",-0.189843406370572,-0.286103890536156
"FST;FSTL3",-0.382819950686489,-0.323284669143834
"FUBP1;FUBP3",-0.0328004241698943,-0.0978535274825442
"FUCA1;FUCA2",0.0635556050151633,0.0312783918887747
"FUNDC1;FUNDC2",-0.225268052407155,-0.25854803241438
"GALNT10;GALNTL6",0.0141515782545167,0.0196199669217895
"GATAD2A;GATAD2B",-0.128479038028408,-0.175983119406602
"GDPD1;GDPD3",0.0820694666746152,0.055958211604117
"GFOD1;GFOD2",-0.185463439434275,-0.248889494484519
"GLIS1;GLIS3",-0.0879098467871853,-0.175185616078231
"GMFB;GMFG",0.0639365855306996,0.0494095871584694
"GNA11;GNAQ",0.26169021801479,0.237373712243506
"GNA12;GNA13",0.0689513247113481,-0.0932824848887389
"GNAL;GNAS",-1.52282544540877,-2.3289412910097
"GNB1;GNB4",0.0944728263806029,0.0160513030145027
"GNL3;GNL3L",0.289876973613679,0.28636902602067
"GNPDA1;GNPDA2",0.366377232522977,0.357009520658438
"GOLGA7;GOLGA7B",-0.227064657600311,-0.322673195331165
"GPATCH2;GPATCH2L",0.0468943584070374,0.0656610627337092
"GPC1;GPC6",-0.231214706230881,-0.289007374576689
"GPR137;GPR137C",-0.111794356776812,-0.155985171443644
"GPSM1;GPSM2",0.180967540553203,0.219205613380038
"GREB1;GREB1L",0.124616668329038,0.0702842429019187
"GRPEL1;GRPEL2",-0.268023103232241,-0.304852105396186
"H2AFY;H2AFY2",0.283679048514122,0.181093574962878
"HEATR5A;HEATR5B",0.064954494172377,0.0863019791398522
"HERC3;HERC4",0.442559521491831,0.416806417058963
"HEXA;HEXB",-0.32822262443732,-0.362541035131746
"HIP1;HIP1R",0.29043879645641,0.390309060251911
"HNRNPF;HNRNPH3",0.378147476024326,0.384231594051482
"HNRNPR;SYNCRIP",-0.116254328917182,-0.169577683614815
"HOOK1;HOOK2",-0.419085927105264,-0.436528861173978
"HOXA2;HOXB2",-0.252393410099646,-0.278281431011881
"HOXA7;HOXB7",-0.174540160757907,-0.250095736356908
"HPCAL4;VSNL1",-0.188652528602727,-0.258016741531817
"HSF1;HSF4",-0.095363741009736,-0.144907628609337
"HSP90AA1;HSP90AB1",0.208004833872078,0.189678229603362
"HSPA12A;HSPA12B",0.0612147372192817,-0.0182499144293511
"ICA1;ICA1L",-0.138196208101985,-0.180087558177541
"ID1;ID2",-0.13918924287406,-0.119360042112423
"IFRD1;IFRD2",0.223334594426712,0.233263084607413
"IGF2BP1;IGF2BP3",-0.136388895686328,-0.196190748822875
"IL16;PDZD2",-0.0263669296062166,-0.0418296095027494
"IMPDH1;IMPDH2",0.545179756178239,0.579697302444761
"INPP4A;INPP4B",-0.282069936084403,-0.276985648234444
"ISL1;ISL2",-0.162750035148787,-0.213932769154763
"ITCH;WWP2",0.116884847645593,0.112261195558457
"ITGA4;ITGA9",-0.00371182218683219,-0.0559601213923424
"JAG1;JAG2",-0.13137865704806,-0.206278260905968
"KCND2;KCND3",-0.200399346854372,-0.281680612512905
"KCTD2;KCTD5",-0.0825428093339281,-0.34870547376962
"KDM2A;KDM2B",-0.111607939107199,-0.0204034406133741
"KHDRBS1;KHDRBS3",0.112967541087158,0.101168818973771
"KIAA1217;SRCIN1",-0.175666447727214,-0.238787607486814
"KIF1B;KIF1C",0.0758374772780677,0.0679347469124363
"KIF5B;KIF5C",-0.220809255311552,-0.20361718217562
"KIF16B;STARD9",0.112332363536636,0.0925602060908808
"KIFC2;KIFC3",-0.191554264786874,-0.234025407864345
"KLF10;KLF11",-0.10146920573665,-0.0380146125640451
"KLF13;KLF9",0.030761740128656,-0.0446508870734421
"KLHL2;KLHL3",0.108947102962762,0.116588815630945
"KLHL11;KLHL23",0.10419727802345,0.0804824720068241
"KLHL26;KLHL9",-0.568625102799267,-0.558759682825345
"KSR1;KSR2",-0.193567519680177,-0.179901818007685
"LARP1;LARP1B",-0.375294886893326,-0.374438027760585
"LBX1;LBX2",-0.0371447662364939,-0.0866078403053957
"LCOR;LCORL",-0.156452234455078,-0.286308913606837
"LDB1;LDB2",0.280747112517077,0.283034095283885
"LDHA;LDHB",0.346501685520839,0.360761540389457
"LDHA;LDHC",-0.150318063296158,-0.189085995310864
"LDHB;LDHC",0.0875417940220464,0.111655180525321
"LETM1;LETM2",0.0948644299774813,0.0506887598649019
"LHX2;LHX9",-0.113955526137723,-0.176219827289951
"LHX6;LHX8",-0.240224138191022,-0.261750545495998
"LIMCH1;LMO7",0.0554654342119159,-0.0312219724528722
"LIMK1;LIMK2",0.287859254481523,0.248567280332156
"LIN28A;LIN28B",0.0761717382565461,0.0365209509116242
"LLGL1;LLGL2",-0.0680051985674836,-0.113170485168379
"LMBR1;LMBR1L",0.233339351940383,0.236767506129476
"LMCD1;TES",-0.109405310969072,-0.145205707944195
"LPP;TRIP6",-0.157892661055971,-0.280329363881218
"PLPPR3;PLPPR4",-0.0723276501360159,-0.0469273450098849
"LRBA;NBEA",0.259709971342399,0.212685298254757
"LRP1;LRP1B",0.108577704261034,0.100310306274738
"LRRC1;SCRIB",0.134513802747244,0.0985371344886438
"LSM14A;LSM14B",0.48680117007113,0.545748676300466
"LYPLA1;LYPLA2",0.0445772395364397,-0.000484246641468983
"LYSMD3;LYSMD4",-0.414813105693816,-0.414024489082477
"MAB21L1;MAB21L2",-0.113801948629918,-0.133100919800704
"MACROD1;MACROD2",-0.0630109488685306,-0.167557788625022
"MAGT1;TUSC3",0.461507978155799,0.486756814663945
"MAN1A1;MAN1C1",-0.172002539882263,-0.180060029538606
"MAN2A1;MAN2A2",0.119516525240484,0.118669984277627
"MAP2K1;MAP2K2",0.359764851055018,0.262168111529023
"MAP2K3;MAP2K6",-5.79785695457025e-05,-0.0891179239270145
"MAP3K2;MAP3K3",0.61838817454798,0.698315878638338
"MAPKBP1;WDR62",0.273125235668277,0.261150900193146
"MARCH2;MARCH3",-0.0823614086982075,-0.0971555711671617
"MAT1A;MAT2A",0.343740735619941,0.317138517343445
"MBD2;MBD3",-0.304580637420973,-0.31786122364852
"MBNL1;MBNL2",0.253562617850335,0.392902319160402
"MBNL1;MBNL3",0.232254487711989,0.293085144517043
"MBNL2;MBNL3",-0.199211835140043,-0.27842780899645
"MCTP1;MCTP2",0.620532082030283,0.472984066298933
"MECOM;PRDM16",0.439572186579958,0.490881596362999
"MED13;MED13L",-0.1008989426241,-0.25861530268604
"MEIS1;MEIS2",0.365259762262,0.279574385376077
"MET;MST1R",-0.0101000821415871,-0.0822522684958076
"METRN;METRNL",-0.0589544384470252,0.0460741194395926
"MGRN1;RNF157",0.288106637099379,0.261988477720581
"MICALL1;MICALL2",0.266251852994541,0.251105508597309
"MIER1;MIER3",0.00895739579334276,0.00164233117676804
"MKNK1;MKNK2",-0.0674799479802986,-0.068580022295433
"KMT2A;KMT2B",0.38688276943185,0.527534131210627
"MLLT1;MLLT3",-0.274843732783254,-0.370792232984705
"MLLT10;MLLT6",0.290432904419953,0.315391683532986
"MLXIP;MLXIPL",0.107774485849872,0.0786813479294953
"MME;MMEL1",0.11166298427974,0.0808571362200915
"MOB1A;MOB1B",-0.631118817818797,-0.72828774391399
"MPRIP;TRIOBP",-0.0238161795037573,-0.125898650755768
"MSI1;MSI2",0.0648037809337943,0.00944386003156061
"MSX1;MSX2",-0.202377025295677,-0.303176766393117
"MTMR3;MTMR4",-0.248291341270274,-0.266473886730309
"MTMR10;MTMR12",-0.037104499838491,-0.123997597530253
"MTSS1;MTSS1L",-0.036779755393766,-0.150177733684045
"MTX1;MTX3",0.0668514890009211,0.0243263120642296
"MYB;MYBL1",-0.0296954018154822,-0.117274837202929
"MYC;MYCN",-0.136252589377087,-0.184447717177199
"NAA15;NAA16",0.622326299820543,0.643936194624064
"NAB1;NAB2",-0.0922634563268604,-0.0644961089392498
"NAV1;NAV3",0.139372223254756,-0.0187498944321128
"NBEAL1;NBEAL2",-0.203580306377979,-0.319630263832389
"NCOA1;NCOA3",-0.220128962186404,-0.253054569544061
"NCOR1;NCOR2",0.443843149290619,0.474769012112975
"NDE1;NDEL1",0.272267687884529,0.265838672097898
"NDFIP1;NDFIP2",-0.472916237747222,-0.484298006733758
"NEDD4;NEDD4L",-0.264536280923965,-0.287848070259344
"NEK6;NEK7",-0.194635232688635,-0.191056109652953
"NFKBID;NFKBIZ",0.218441698157641,0.176419643014615
"NID1;NID2",-0.201916549993052,-0.242696943687392
"NIPAL1;NIPAL4",-0.00980867433987459,-0.117281755409645
"NKTR;PPIG",0.171224346045337,0.160108292179624
"NKX2-1;NKX2-4",-0.516949831535303,-0.543640012659111
"NLGN1;NLGN4X",0.144113609312018,0.134459341360701
"NLN;THOP1",0.258157299921549,0.153575187494953
"NOTCH1;NOTCH2",0.0264722078610184,-0.0601984532304434
"NOVA1;NOVA2",-0.0844956880463708,-0.184095579053661
"NPR1;NPR2",-0.391247930315113,-0.42035489072643
"NR2C1;NR2C2",-0.173038835407747,-0.224314139843078
"NRBP1;NRBP2",0.205907291027161,0.157537148846712
"NT5C2;NT5DC4",0.125013213004314,0.121081462092496
"NUCB1;NUCB2",-0.0369835973197774,-0.0607483243906405
"NUMB;NUMBL",-0.167888797345279,-0.175767413990504
"OGDH;OGDHL",-0.0367973745809186,-0.00750693564985638
"ORMDL1;ORMDL3",-0.270715570586456,-0.312303002603035
"OSBP;OSBP2",0.0390911915323262,0.0344022300256106
"OSBPL5;OSBPL8",0.212071460566365,0.253983880086097
"OSR1;OSR2",-0.2663540551327,-0.206785487797623
"OTUB1;OTUB2",-0.115376944460209,-0.123064043773814
"OTX1;OTX2",-0.266284457068541,-0.305061744618276
"P4HA1;P4HA2",-0.094404628694796,-0.136726687354465
"PACS1;PACS2",-0.122617197706883,-0.174861624252036
"PAFAH1B2;PAFAH1B3",0.110084777240998,0.0633192187185017
"PAK2;PAK3",-0.0422508570036622,-0.063513796251108
"PAK4;PAK6",-0.123037401930709,-0.151445483340513
"PAPD5;PAPD7",-0.221559542937221,-0.191701225190777
"PAPSS1;PAPSS2",0.469680314260752,0.456551844045272
"PARP6;PARP8",0.37645853187831,0.344159370712835
"PARVA;PARVB",-0.055245422068668,-0.0725159143252876
"PDE8A;PDE8B",-0.0136263805396424,0.0115217239130224
"PDP1;PDP2",-0.107530828804185,-0.112287460226488
"PDS5A;PDS5B",0.535126268525203,0.549283429256622
"PEX5;PEX5L",-0.120583424751315,-0.153380793595755
"PGM2;PGM2L1",-0.210118096608139,-0.203178718820959
"PGRMC1;PGRMC2",-0.28940097329539,-0.33400712346965
"PHACTR2;PHACTR4",0.382538895019161,0.318854298618147
"PHF20;PHF20L1",0.0171925265585866,-0.0155440194583706
"PHKA1;PHKA2",-0.272721628774765,-0.304755988668377
"PHLDB1;PHLDB3",0.0393027452461535,-0.0336864643751315
"PI4K2A;PI4K2B",-0.0681781480208115,-0.0840334819192877
"PIEZO1;PIEZO2",-0.0288550991187104,-0.06813891114714
"PIK3CB;PIK3CD",0.278292742204214,0.290880800291368
"PIP4K2A;PIP4K2B",0.0726192314502558,0.131459776198832
"PITPNA;PITPNB",0.303329455215839,0.285136178913277
"PKN2;PKN3",0.0815715589582654,0.116262950205039
"PLCB1;PLCB3",-0.0133345107817942,-0.0689518883025228
"PLCD3;PLCD4",0.15508983940539,0.089001841045153
"PLCG1;PLCG2",0.0499227179731024,0.0762259700389787
"PLCL1;PLCL2",-0.195562909271712,-0.176631383153671
"PLEKHB1;PLEKHB2",0.050020593129936,-0.0265376921056292
"PLEKHH1;PLEKHH2",0.122651875222928,0.0408312503590785
"PLK2;PLK3",0.0864742689109065,-0.0374347547864898
"PLOD1;PLOD2",0.241221134625017,0.240890588385784
"PMM1;PMM2",0.0559366046736899,0.0140665537666211
"POC1A;POC1B",0.326381975622261,0.328658054122514
"POGZ;ZNF280D",-0.146024041990083,-0.160992427603142
"PPA1;PPA2",-0.0352729491971479,-0.0478912959491321
"PPARGC1A;PPRC1",0.20170947961473,0.24583990465195
"PPFIA1;PPFIA3",0.136602767827201,0.118327415049915
"PPIB;PPIC",0.423363787719952,0.318245598858167
"PPM1E;PPM1F",-0.232367100204172,-0.383882602059685
"PPP1CA;PPP1CC",0.514696674245383,0.457192436778568
"PPP1R3B;PPP1R3C",-0.205392869817847,-0.234647177746313
"PPP1R3D;PPP1R3E",0.0110482148740172,0.000616026570402828
"PPP1R14A;PPP1R14B",0.156321684839041,-0.075377120127198
"PPP1R16A;PPP1R16B",-0.0132862822538082,-0.0727299884852975
"PPP2CA;PPP2CB",0.422203108130623,0.384224838205316
"PPP2R5C;PPP2R5D",0.222953238169301,0.259922222885342
"PPP3CA;PPP3CB",0.491656340364324,0.474986409514348
"PPP6R2;PPP6R3",-0.59220693667296,-0.67779224546934
"PREX1;PREX2",-0.505709631993394,-0.586982620567698
"PRKAR1A;PRKAR1B",0.406540675657198,0.368618492749333
"PRKAR2A;PRKAR2B",-0.0682644136931546,-0.124887239320882
"PRKCA;PRKCB",-0.192958377309362,-0.184826732684609
"PRKCD;PRKCQ",-0.302752037822603,-0.337358630298349
"PRKCE;PRKCH",-0.191067082425208,-0.122822177238697
"PRKCI;PRKCZ",0.0978725414737857,0.0936744550988266
"PRPF40A;PRPF40B",-0.00523394095583007,-0.0422856829805504
"PRPSAP1;PRPSAP2",0.0472278408928019,-0.0496726010861865
"PRRX1;PRRX2",0.0454482740768541,-0.0278392562790251
"PSEN1;PSEN2",0.334096995935081,0.31128033293184
"PSMA7;PSMA8",0.145101262020012,0.128740544700323
"PTBP1;PTBP2",-0.18443789373856,-0.259616990362344
"PTBP1;PTBP3",0.205720189178229,0.167453818002901
"PTBP2;PTBP3",-0.0579769377415482,-0.0741983984591513
"PTCH1;PTCH2",0.472051601185471,0.433105027020004
"PTGS1;PTGS2",-0.19653328054064,-0.150662090492482
"PTK2;PTK2B",-0.145906946879482,-0.155652428769982
"PTPN1;PTPN2",0.525915081712628,0.504772929611936
"PTPRG;PTPRZ1",0.284535264437845,0.249809607132273
"PUM1;PUM2",0.444018193207655,0.444408516845712
"PWWP2A;PWWP2B",0.15833609994,0.14321791018962
"PXN;TGFB1I1",0.154843669816761,0.100591974664095
"QPCT;QPCTL",-0.100345155804874,-0.0846337222308446
"QSOX1;QSOX2",-0.110568366751183,-0.0798836471291049
"R3HCC1;R3HCC1L",-0.120529357248279,-0.124527828321324
"RAB1A;RAB1B",0.348554507708163,0.220736921503511
"RAB4A;RAB4B",0.0184394715914753,-0.0578646620300689
"RAB9A;RAB9B",-0.331450271920141,-0.370306638376963
"RAB11A;RAB11B",-0.199499707219543,-0.176915101278502
"RAB22A;RAB31",-0.145972942032793,-0.0779330644726424
"RAB26;RAB37",0.484819215024074,0.53406455673824
"RAB33A;RAB33B",-0.174166888038487,-0.168733315480357
"RAB34;RAB36",-0.284370789920565,-0.257092492611694
"RAB39A;RAB39B",-0.106558656490473,-0.0919569759876894
"RABEP1;RABEP2",-0.122366857187655,-0.176514442023976
"RABGAP1;RABGAP1L",0.146701699147677,0.19513779318046
"RAC1;RAC2",0.184616614708729,0.143185662456193
"RAD9A;RAD9B",-0.399849321440199,-0.39551044872304
"RAD23A;RAD23B",0.366750116616574,0.399966658737682
"RALGAPA1;RALGAPA2",-0.683892587966131,-0.913632654028352
"RALGPS1;RALGPS2",0.087473559662512,0.0918406553401719
"RANBP10;RANBP9",0.0147955229773507,-3.59711681265917e-05
"RARA;RARG",-0.167164453886958,-0.242453495807383
"RASA2;RASA3",-0.781056502269087,-0.959420781984283
"RASSF7;RASSF8",-0.152766240310932,-0.23954891622251
"RBBP4;RBBP7",0.0564742237521718,0.00751338245578792
"RBL1;RBL2",0.341004772751396,0.406116135049634
"RBM12;RBM12B",0.106455149773471,0.0430419431228007
"RBM15;RBM15B",-0.0293705289557098,-0.132968030596669
"RBM23;RBM39",-0.0539218414990488,-0.0681631212453674
"RBM26;RBM27",0.758376108614063,0.781412778714069
"RBMS1;RBMS3",0.0970211240924736,0.0834160385850235
"RC3H1;RC3H2",0.323198927707171,0.381091036082781
"REEP5;REEP6",0.296938645652176,0.247964365942738
"RFX5;RFX7",0.320503539179616,0.288676521429271
"RGMA;RGMB",-0.327603834414068,-0.396125232915955
"RHBDF1;RHBDF2",-0.296252223462468,-0.325610408065681
"RHOBTB1;RHOBTB2",0.106787337392841,0.0772997438105112
"RHOT1;RHOT2",0.445643036790509,0.479876090367121
"RHOU;RHOV",0.298083719442777,0.190613436171329
"RHPN1;RHPN2",0.0212684469051949,-0.0509154603198563
"RIC8A;RIC8B",-0.0595663486502601,-0.214025524667337
"RNF13;RNF167",0.0153574190216088,0.0321857150025812
"RNF43;ZNRF3",-0.278603777878265,-0.255566723546398
"RNF115;RNF126",-0.390279732388376,-0.494571861189333
"RNFT1;RNFT2",-0.0391595251016222,-0.059830032631073
"ROCK1;ROCK2",0.121498683981137,-0.0198435463415008
"ROR1;ROR2",-0.0812513105266294,-0.0716822640727579
"ZNF608;ZNF609",0.388074571863634,0.445642904086989
"RPS6KA4;RPS6KA5",0.0297918826978544,0.0239898069142873
"RPS6KC1;SNX15",-0.0760793760116378,-0.136296836231063
"RPS27;RPS27L",0.0533726090557616,0.152036426056672
"RRAS;RRAS2",0.258757532405355,0.0948225582575872
"RYBP;YAF2",-0.0772418064465663,-0.132148283486057
"SAMD1;SAMD13",0.0152024353988947,-0.0538688796637264
"SAMD4A;SAMD4B",0.560886282570652,0.590394610429789
"SAMD10;SAMD12",0.0765923186299079,0.0120956805122824
"SAP30;SAP30L",-0.167615746016876,-0.129816785172826
"SAR1A;SAR1B",0.701253828489497,0.689890525903434
"SCAF4;SCAF8",0.0144131783444556,-0.00181539277631965
"SCD;SCD5",0.488977305347851,0.565766357023019
"SEC11A;SEC11C",-0.198765125173011,-0.210933878728206
"SEC23A;SEC23B",0.825133020662879,0.853076317958583
"SEC24A;SEC24B",0.0747994515652103,0.0660212898047594
"SEC24C;SEC24D",0.539308328795562,0.555474422474787
"SEC31A;SEC31B",0.0213333094181391,0.0365893099393786
"SEC61A1;SEC61A2",0.152975367995617,0.171304918834638
"SENP3;SENP5",0.190314352999079,0.227938473267533
"SERINC2;SERINC3",0.257887674161528,0.0933699009124711
"SERP1;SERP2",0.0191210050319895,0.0121716875487895
"SESN1;SESN2",0.0734798556270679,0.105438051067661
"SETD1A;SETD1B",-0.0850691758411752,-0.221787273616676
"SFXN1;SFXN3",0.111851940256469,0.150067457244282
"SFXN4;SFXN5",0.502480852744715,0.443148976065841
"SGMS1;SGMS2",0.478707479911608,0.409920342593908
"SGSM1;SGSM2",0.100720699044097,0.0147496916188939
"SGTA;SGTB",0.0599757244086793,0.037880386862719
"SIN3A;SIN3B",-0.315175922932465,-0.315705227256654
"SIX1;SIX2",-0.196231241499257,-0.184561692061918
"SIX4;SIX5",0.191727932233278,0.134054735197399
"SLC9A3;SLC9A5",-0.0966388415536306,-0.113562012010749
"SLC9A3R1;SLC9A3R2",0.0602161056466283,0.0959572046145341
"SLC12A4;SLC12A5",-0.000656555507296125,-0.030784762033362
"SLC24A1;SLC24A2",-0.195191286484942,-0.284221385883668
"SLC25A12;SLC25A13",-0.140465149692767,-0.125276928598905
"SLC25A14;SLC25A30",0.395520835157896,0.381147779531105
"SLC25A28;SLC25A37",1.52333341061734,1.49195445101239
"SLC25A33;SLC25A36",-0.128890061930635,-0.149126254832102
"SLC29A1;SLC29A2",-0.0869711239128003,-0.14010261223942
"SLC35D1;SLC35D2",0.0709712989379653,-0.00595539989712646
"SLC41A2;SLC41A3",-0.21006773120152,-0.228685536475231
"SLC44A1;SLC44A3",-0.383640582585195,-0.4520434736511
"SLC52A2;SLC52A3",-0.426056293348398,-0.42933120179165
"SLK;STK10",-0.225633585251344,-0.333817607821681
"SMAD6;SMAD7",0.121664351263066,0.0254757808195467
"SMARCD1;SMARCD2",-0.400736840856377,-0.473820412496803
"MIEF1;MIEF2",0.378664588024254,0.358208026606113
"SMTN;SMTNL2",-0.0640118516809672,-0.0770048794257033
"SMURF1;SMURF2",0.257422658083483,0.256313592810869
"SNAP23;SNAP25",0.286557807698814,0.256301313764808
"SNX12;SNX3",0.0602459512279556,0.0367478602278503
"SOCS4;SOCS5",-0.565120206910033,-0.818549293053767
"SORBS1;SORBS2",-0.205023055809542,-0.219534474962284
"SOS1;SOS2",0.853220962036586,0.916548892649799
"SOX5;SOX6",-0.32219041860951,-0.256753470194996
"SOX11;SOX12",-0.252688498711858,-0.357255471825069
"SP1;SP3",-0.190768694198809,-0.171343029979167
"SPARC;SPARCL1",0.106318595895444,0.0933170700089213
"SPATA2;SPATA2L",0.163726097216956,0.0579562098148875
"SPATA6;SPATA6L",-0.168043944296352,-0.145040698848099
"SPECC1;SPECC1L",-0.0464230973949633,-0.00264908829473978
"SPIRE1;SPIRE2",0.123111417522101,0.0583540660341817
"SPOP;SPOPL",-0.265555969436063,-0.38293214322538
"SPSB1;SPSB4",-0.0864098630160264,-0.130077536211173
"SPTLC2;SPTLC3",-0.240922814963155,-0.227066110176501
"SREK1;SRSF11",0.119062208442529,0.116354092397573
"SRSF1;SRSF9",0.0177806527519847,-0.0576828507557505
"SS18;SS18L1",0.118929612835178,0.116371029219187
"SSH1;SSH2",-0.222876719068218,-0.462138081553718
"ST8SIA2;ST8SIA4",-0.415001778409295,-0.419614886006551
"STAM;STAM2",0.413885962431286,0.49302652605833
"STAU1;STAU2",-0.0691834983932087,-0.1185676124912
"STK3;STK4",0.121484122811391,0.152138432131149
"STK38;STK38L",-0.73747985515229,-1.03992360567784
"STOX1;STOX2",-0.081653556408418,-0.22564742788075
"STRADA;STRADB",-0.00292519773488739,-0.0519956131098274
"STRIP1;STRIP2",0.276410742087632,0.227077210583623
"STX1A;STX1B",-0.2040328413596,-0.276238340806623
"STX10;STX6",-0.163658394191709,-0.252309157890032
"STX12;STX7",-0.023088307767832,0.015333360447651
"SULF1;SULF2",0.093000416007025,0.0726541288586565
"SUN1;SUN2",0.123917196015922,0.0633228531194006
"SYCP2;SYCP2L",0.139762979285541,0.203831939437422
"SYDE1;SYDE2",0.136307664050159,0.114804448456869
"TAF4;TAF4B",0.235125352065129,0.238576358681775
"TANC1;TANC2",-0.160887244059614,-0.214737558732817
"TARS;TARSL2",0.0986309210410246,0.085936704322881
"TBC1D1;TBC1D4",-0.0325633229391828,-0.140536221349844
"TBC1D9;TBC1D9B",-0.0957916793784597,-0.0826021364667466
"TBC1D10A;TBC1D10B",0.0712968475387604,0.0803690610091059
"TBC1D15;TBC1D17",-0.231105661404422,-0.231428729951965
"TBX2;TBX3",0.0252110522588063,0.184268838978571
"TCP11L1;TCP11L2",-0.430327635071728,-0.510317330584862
"TET1;TET2",-0.12636353363576,-0.164577677221947
"THRA;THRB",-0.113199663497273,-0.122961515702546
"TIA1;TIAL1",0.218514181811896,0.268871700747062
"TIAM1;TIAM2",-0.0440809566101946,0.053858119904313
"TIMP3;TIMP4",-0.654528243144968,-0.663327479303379
"TJP2;TJP3",0.248591221095211,0.190556416539399
"TLK1;TLK2",-0.148096794434495,-0.263589730493142
"TLN1;TLN2",0.203575746852701,0.187025970739415
"TSPAN6;TSPAN7",-0.182099888502032,-0.219434749678769
"TMC5;TMC6",0.0501466234534589,0.0162110000134829
"TMC7;TMC8",-0.0131136172146121,-0.0254697571215599
"TMEM50A;TMEM50B",0.0376491369254285,-0.043818739453135
"TMEM59;TMEM59L",-0.0823205558142381,-0.170764565823295
"TMEM184A;TMEM184B",-0.251304056300777,-0.297394729085076
"TMUB1;TMUB2",-0.0397892399185117,-0.113481866090363
"TMX1;TMX4",-0.176270222095876,-0.18209602707658
"TNK1;TNK2",-0.0193686265040862,-0.0429043621659203
"TNKS;TNKS2",-0.0372845809744629,-0.0799357868075511
"TNPO1;TNPO2",0.927262664186826,0.994738758691202
"TOB1;TOB2",0.00533732657006419,-0.0315770977509903
"TOMM40;TOMM40L",0.0835195991978465,0.125369360653226
"TOP1;TOP1MT",0.304329642534134,0.286616587456123
"TOP2A;TOP2B",-0.149861119763754,-0.198790389699606
"TOX;TOX2",-0.0560701268533041,-0.0492254901035036
"TP53INP1;TP53INP2",0.010851653113701,-0.0325473941741118
"TPM1;TPM2",0.15796995949821,0.172129652089385
"TPST1;TPST2",-0.00770681780673305,-0.0391202795432399
"TRAF3;TRAF5",-0.050337355396893,-0.211334786352587
"TRAK1;TRAK2",-0.066853844371339,-0.0923819008348852
"TRIM35;TRIM72",-0.00596434578313931,-0.0768252508046369
"TSPAN4;TSPAN9",0.0376208174477174,-0.0255398304478354
"TSPAN13;TSPAN31",0.422505976873747,0.383048504162322
"TTC7A;TTC7B",0.00257206797069254,-0.0755416369015793
"TTC39A;TTC39B",0.0616232494722503,0.0431402852674977
"TTYH2;TTYH3",-0.136560465737836,-0.24684353860877
"TWF1;TWF2",-0.243025357210391,-0.337790273139169
"TXNRD1;TXNRD3",0.0849860347841715,0.0138829287168903
"UAP1;UAP1L1",0.224260344426295,0.255575176083107
"UBA1;UBA7",0.0259752590305865,-0.0183075699479269
"UBE2Q1;UBE2Q2",0.0173268264367545,0.0169960182474688
"UBE2V1;UBE2V2",0.0525739269887263,-0.0103313565046281
"UBQLN1;UBQLN4",0.0137188250759342,0.0627459876764925
"UBR1;UBR2",0.244065938819386,0.24934155067491
"UBTD1;UBTD2",0.0565075017513352,0.0380674737613681
"UCHL1;UCHL3",0.0842058320525936,0.0543581157170086
"UCK1;UCK2",-0.298667294491493,-0.380463654709008
"ULK1;ULK2",-0.0504843662667108,-0.0500709177626974
"UNC5B;UNC5C",-0.015089738931222,-0.00150259897838423
"UNC119;UNC119B",-0.0155593889480434,-0.02790289213512
"UNK;UNKL",-0.127322594629214,-0.202508813341573
"USP2;USP21",0.175597548485523,0.14995181760057
"USP12;USP46",-0.281119548080787,-0.45465868482201
"USP16;USP45",0.378099676952927,0.434734705390959
"USP31;USP43",0.328151733157914,0.35130737460918
"USP35;USP38",0.110371953253952,0.0689568481460145
"VAPA;VAPB",0.048368004293438,0.0729761649254192
"VASH1;VASH2",-0.111649337207695,-0.152075155807531
"VPS13A;VPS13C",0.259244369602888,0.272489342895411
"VPS37B;VPS37C",-0.168848440201061,-0.199942054944041
"WASF1;WASF2",0.370421409967933,0.372095861055714
"WIPI1;WIPI2",-0.0617236634563336,-0.0803444824819325
"WSB1;WSB2",-0.0694950121797157,-0.0294032387661383
"WWC1;WWC2",-0.136628452273765,-0.168998661992897
"XYLT1;XYLT2",-0.164627596510933,-0.285099225176954
"YIF1A;YIF1B",0.0297931744892156,0.00988342251574367
"YIPF1;YIPF2",0.329545972939884,0.234119402163375
"ZCCHC11;ZCCHC6",0.00777870770087979,0.0283035092496924
"ZDHHC14;ZDHHC18",-0.279965031964352,-0.339087377452141
"ZFR;ZFR2",0.409900909229911,0.507014583454896
"ZFYVE16;ZFYVE9",0.252483176786145,0.288325439099111
"ZMIZ1;ZMIZ2",-0.16959363722443,-0.162856657417154
"ZNF503;ZNF703",0.066843695754144,0.0297375564321244
