"","PC9_LTP"
"AADAC:AADACL2",-0.00733896754135266
"AADACL3:AADACL4",0.022368146794197
"ABCC1:ABCC3",0.0693192711261325
"ABCC8:ABCC9",-0.123466346389114
"ABCD1:ABCD2",-0.0248891279695845
"ABCG1:ABCG4",-0.0831762486871055
"ABHD4:ABHD5",0.0586257204319014
"ABI1:ABI2",0.0972767645366628
"ABL1:ABL2",-0.14713566925784
"ACACA:ACACB",0.0140124894229782
"ACSL3:ACSL4",0.395464251534366
"ACTA2:ACTG2",-0.0866264191927062
"ACTL6A:ACTL6B",-0.157087434774916
"ACTL7A:ACTL7B",-0.147875112103024
"ACTRT1:ACTRT2",-0.0167662738785654
"ACVR2A:ACVR2B",0.0283781507915529
"ACVR1:ACVRL1",0.0354882929130883
"ADAMTS16:ADAMTS18",-0.204008663942354
"ADAMTS10:ADAMTS6",-0.00375990278397445
"ADAP1:ADAP2",0.0655792882350615
"ADARB1:ADARB2",-0.0290012627348597
"ADCY5:ADCY6",-0.0234014945492015
"ADIPOR1:ADIPOR2",-0.0225033727164565
"ADSS:ADSSL1",0.0244508287218949
"AGPAT3:AGPAT4",0.0195931497253312
"AGR2:AGR3",-0.0451974066576707
"AIF1:AIF1L",-0.0743682171355433
"AK3:AK4",-0.0899577476308818
"AKIRIN1:AKIRIN2",0.409259366806214
"AKR7A2:AKR7A3",0.038578064646642
"ALAS1:ALAS2",-0.043149730484818
"ALDH1L1:ALDH1L2",0.0127630900030011
"ALG10:ALG10B",0.16111587662729
"ALG1L:ALG1L2",0.1254201395953
"ALOX12:ALOX15",-0.0488720943872658
"AMELX:AMELY",-0.135475024605025
"AMMECR1:AMMECR1L",0.0278836769962895
"AMPD1:AMPD3",0.234523316453317
"ANGPT1:ANGPT2",-0.238082705426731
"ANGPTL1:ANGPTL2",-0.14383026820203
"ANKRD18A:ANKRD18B",-0.0103009393014316
"ANO1:ANO2",-0.0485144430252122
"ANO3:ANO4",-0.0182316446681258
"ANXA1:ANXA2",-0.0150329870507165
"AOC2:AOC3",0.0476696161169536
"AP1G1:AP1G2",0.221617473874033
"AP1M1:AP1M2",0.137660627944862
"AP2A1:AP2A2",0.338931013861774
"AP1B1:AP2B1",0.34150213958431
"AP3B1:AP3B2",0.0280487979423661
"AP3M1:AP3M2",0.255572989596092
"AP3S1:AP3S2",-0.0225634739421494
"APH1A:APH1B",0.049977673551423
"AQP12A:AQP12B",-0.0427969936756192
"ARFGAP2:ARFGAP3",-0.00449468844394357
"ARFGEF1:ARFGEF2",0.431312410330196
"ARFIP1:ARFIP2",0.00251526876145549
"ARG1:ARG2",-0.00653497434427924
"ARHGAP10:ARHGAP26",-0.112891389305074
"ARHGAP35:ARHGAP5",-0.0397757521487676
"ARHGEF6:ARHGEF7",-0.101317691709527
"ARID1A:ARID1B",0.0712382918971675
"ARL8A:ARL8B",0.106218194793286
"ARNT:ARNT2",0.0106874398419194
"ARPC1A:ARPC1B",0.100099027340233
"ARPC5:ARPC5L",0.0754340758912546
"ASAP1:ASAP2",-0.00921873006749767
"ASB14:ASB15",-0.124462517212348
"ASF1A:ASF1B",0.17669148474865
"ASIC1:ASIC2",0.0957221193936783
"ATF2:ATF7",0.223275057878014
"ATG4A:ATG4B",-0.0340616540120968
"ATP13A4:ATP13A5",-0.0657174859793584
"ATP2C1:ATP2C2",0.0913066643370198
"ATP5L:ATP5L2",0.028573729908716
"ATP6V0D1:ATP6V0D2",-0.117757916767422
"ATP6V1B1:ATP6V1B2",-0.0403365677725458
"ATP6V1C1:ATP6V1C2",0.154921175373245
"ATP6V1E1:ATP6V1E2",-0.0308529526823002
"ATP8A1:ATP8A2",-0.0091657718332255
"ATP8B1:ATP8B4",-0.0223073617276923
"ATP9A:ATP9B",-0.0462980295813095
"ATRN:ATRNL1",-0.0178568074134748
"ATXN3:ATXN3L",-0.102673477524677
"B4GALT1:B4GALT2",0.0946222681225215
"B4GALT5:B4GALT6",-0.0711835649298353
"BARHL1:BARHL2",-0.105722467630448
"BCAT1:BCAT2",0.0158167689181419
"BCL11A:BCL11B",-0.158031920294981
"BECN1:BECN2",0.00498301145915674
"BEST2:BEST4",0.118226115778505
"BEX1:BEX2",-0.0717458749438877
"BHMT:BHMT2",-0.0412653253914628
"BICD1:BICD2",-0.0329749569796932
"BIRC2:BIRC3",0.00721322168352807
"BMP2:BMP4",-0.0346655405375667
"BMP8A:BMP8B",-0.117433871889192
"BOD1:BOD1L2",-0.202491701726802
"BRD2:BRD3",0.0708678861188843
"BRSK1:BRSK2",0.0533895354413444
"ABTB2:BTBD11",-0.0619681406612216
"BTBD1:BTBD2",-0.0216310963056867
"BTBD3:BTBD6",-0.115663374173644
"BTF3:BTF3L4",0.0901549167452053
"BTG1:BTG2",-0.110586827745767
"BTN2A1:BTN2A2",-0.125384703282621
"BTNL3:BTNL8",-0.16517075062033
"BZW1:BZW2",0.205174179660973
"C1GALT1C1:C1GALT1C1L",-0.046900020051265
"C1QTNF9:C1QTNF9B",0.120216483739289
"C2CD4A:C2CD4B",-0.0549230589339566
"CA10:CA11",0.110672188500649
"CAB39:CAB39L",0.123206778546958
"CABP2:CABP5",0.0859634309260187
"CACNA2D1:CACNA2D2",-0.0276964815692384
"CACNA2D3:CACNA2D4",-0.0705648858258872
"CACNG5:CACNG7",0.0214873349287577
"CADPS:CADPS2",-0.0260424051537676
"CALB1:CALB2",-0.134757180086641
"CALCR:CALCRL",-0.0689008541032714
"CABP7:CALN1",-0.290331257049292
"CAMK2N1:CAMK2N2",-0.110761476482042
"CAND1:CAND2",0.102284847194645
"CAP1:CAP2",-0.0133120707945046
"CAPNS1:CAPNS2",9.17731499163188e-05
"CAPZA1:CAPZA2",-0.045874175118821
"CASP4:CASP5",-0.242719333218489
"CASQ1:CASQ2",0.0503189741249861
"CAV1:CAV3",-0.176834893408846
"CBR1:CBR3",-0.0291639814793287
"CCDC74A:CCDC74B",0.0210676584750206
"CCNL1:CCNL2",0.913694692030927
"CCNY:CCNYL1",0.00609205256987671
"CCT6A:CCT6B",-0.00780069516357835
"CD200R1:CD200R1L",-0.125914454129117
"CDC42BPA:CDC42BPB",-0.0362156367782165
"CDH1:CDH3",-0.156576132374017
"CDH2:CDH4",-0.143051522999818
"CDK11A:CDK11B",0.12168684479215
"CDK14:CDK15",-0.0468570178477284
"CDK2AP1:CDK2AP2",0.0454228648781316
"CDK4:CDK6",0.486185287361536
"CDKN2A:CDKN2B",-0.296657104037218
"CDRT15:CDRT15L2",0.107989688201496
"CDS1:CDS2",0.115977162383191
"CEACAM3:CEACAM4",-0.0494320891750291
"CELF1:CELF2",0.0637634372794672
"CERS2:CERS3",-0.0519787541271867
"CERS5:CERS6",-0.0179878632704599
"CETN1:CETN2",-0.150993332558841
"CHD1:CHD2",0.0664916929148166
"CHI3L1:CHI3L2",0.0350033970090197
"CHIC1:CHIC2",-0.0654622472541107
"CHM:CHML",0.147442831215041
"CHMP1A:CHMP1B",0.341974647946156
"CHP1:CHP2",-0.0600545583895579
"CHPF:CHPF2",-0.0976126976559519
"CEPT1:CHPT1",0.170803267785743
"CHRM2:CHRM4",0.00573656636378913
"CHRFAM7A:CHRNA7",0.169105750906118
"CHRNA10:CHRNA9",-0.0257620516583296
"CHRNA5:CHRNB3",-0.0242432588058282
"CHRNB2:CHRNB4",0.0357441269536613
"CHSY1:CHSY3",-0.0289401700544089
"CIB2:CIB3",0.0529614317177785
"CKS1B:CKS2",0.262120717649163
"CLASP1:CLASP2",0.627126263165403
"CLCA1:CLCA4",0.0703567486775651
"CLCNKA:CLCNKB",-0.0649710487442126
"CLDN17:CLDN8",-0.0903326618864115
"CD209:CLEC4M",0.112852630489884
"CLEC4C:CLEC6A",-0.217508459530323
"CANX:CLGN",-0.02955731016397
"CLTA:CLTB",-0.140100931932689
"CLTC:CLTCL1",-0.0549505693563514
"CLVS1:CLVS2",-0.124340596444293
"CNNM2:CNNM4",-0.016548996610766
"CNOT6:CNOT6L",-0.179031317101002
"CNOT7:CNOT8",0.111810771271816
"COL4A2:COL4A6",-0.107707014840526
"COPG1:COPG2",0.0430471961641885
"COPZ1:COPZ2",0.24083505395874
"COQ10A:COQ10B",0.542117341379431
"CORO2A:CORO2B",-0.018148637502741
"COX6A1:COX6A2",0.170312399889315
"COX7B:COX7B2",-0.048799124395737
"CPEB3:CPEB4",-0.12439502267521
"CPLX1:CPLX2",-0.14169652987478
"CPLX3:CPLX4",-0.0346151001051716
"CRABP1:CRABP2",0.0474103298709861
"CRISP2:CRISP3",-0.0751568597889967
"CRK:CRKL",0.323085344882041
"APCS:CRP",-0.0140819366091544
"CRY1:CRY2",0.0375648302858512
"CRYBB2:CRYBB3",-0.0973307483654985
"CARHSP1:CSDC2",0.0232290737037878
"CSGALNACT1:CSGALNACT2",-0.0123037064246542
"CSTA:CSTB",-0.0677242948745891
"CSTF2:CSTF2T",0.378356914215961
"CTPS1:CTPS2",-0.0202423014012366
"CTXN2:CTXN3",-0.0582432649570838
"CUL4A:CUL4B",0.325715821083629
"CXCL5:CXCL6",0.0347293897904596
"CXCR1:CXCR2",-0.0646652294543218
"CXorf40A:CXorf40B",0.0455739552994105
"CYFIP1:CYFIP2",0.10951346072545
"CYP11B1:CYP11B2",-0.0781438895212643
"CYP26B1:CYP26C1",-0.0778791997467601
"CYP4X1:CYP4Z1",0.0057096675091339
"DAAM1:DAAM2",-0.0461510067338029
"DDI1:DDI2",-0.0213601115685143
"DDR1:DDR2",0.0837450436151177
"DDT:DDTL",-0.0790526062446713
"DDX39A:DDX39B",0.496653026777441
"DDX3X:DDX3Y",-0.21747006263483
"DDX17:DDX5",0.122519077362295
"DDX21:DDX50",0.0611139918029802
"DDX43:DDX53",-0.197086694896771
"DDX60:DDX60L",-0.156734611919062
"DEFB131A:DEFB131B",-0.12784158937869
"DEGS1:DEGS2",-0.216158662682272
"DENND5A:DENND5B",-0.0957525401406854
"DENND6A:DENND6B",-0.00162972353415174
"DERL2:DERL3",-0.0202945270760405
"DGKD:DGKH",-0.0941400726166722
"DGKI:DGKZ",-0.0938189256967237
"DHFR:DHFR2",0.463921157461223
"DHRS4:DHRS4L2",-0.105314732624501
"DIRAS1:DIRAS2",-0.0256199244719006
"DLX1:DLX6",0.0245545785764113
"DMXL1:DMXL2",0.11689145131886
"DNAH11:DNAH17",0.0455175111524526
"DNAH3:DNAH7",-0.115739370622379
"DNAJC5:DNAJC5B",-0.119050473243639
"DNASE1:DNASE1L2",-0.112419858220581
"DOC2A:DOC2B",-0.0860342765347333
"DOCK3:DOCK4",-0.054606476841074
"DPP8:DPP9",-0.0575150544895827
"DPY19L1:DPY19L2",0.181942130927082
"DRD1:DRD5",-0.110654057629521
"DSCAM:DSCAML1",-0.300046778340014
"DTNA:DTNB",-0.0984075008891445
"DTX1:DTX4",0.0206622615308696
"DUOX1:DUOX2",0.135543726815884
"DUSP18:DUSP21",-0.0546322669162408
"DYNC1I1:DYNC1I2",-0.00236392733679375
"DYNC1LI1:DYNC1LI2",0.0561956511770729
"DYNLL1:DYNLL2",0.2750314363304
"DYNLRB1:DYNLRB2",-0.0669089758482584
"DYNLT1:DYNLT3",-0.139241790197128
"DYRK1A:DYRK1B",-0.0963874084365951
"DYRK2:DYRK3",0.0300158716142879
"E2F4:E2F5",-0.0671060611170379
"EAF1:EAF2",0.0442677128387012
"EDDM3A:EDDM3B",-0.103681012785236
"EEF1A1:EEF1A2",-0.0668247550542642
"EFHD1:EFHD2",-0.0873777744795098
"EFNB1:EFNB2",0.00985213093224584
"EFR3A:EFR3B",-0.0542620499858336
"EIF1:EIF1B",0.154731024185632
"EIF4E:EIF4E1B",-0.0651885127672306
"ELMO1:ELMO2",0.0345657443061346
"ELOVL2:ELOVL5",-0.0407289211157285
"ELOVL1:ELOVL7",-0.0139898553496889
"EML5:EML6",-0.0773906230109963
"EMX1:EMX2",0.0251435191223185
"ENOX1:ENOX2",-0.0496808091674749
"ARPP19:ENSA",0.246408929087093
"ENTPD4:ENTPD7",-0.121453045526039
"CREBBP:EP300",0.351783784532366
"EPC1:EPC2",0.117951704233731
"ERC1:ERC2",-0.0681666971077663
"ERLIN1:ERLIN2",-0.0134250846970783
"ERO1A:ERO1B",-0.076642971311685
"ESRP1:ESRP2",-0.0320950877831934
"ESRRA:ESRRG",0.0367571031738325
"ETS1:ETS2",0.00915383594919638
"EVI5:EVI5L",0.161411281042661
"EXOC6:EXOC6B",-0.0084414543566086
"EZH1:EZH2",0.134932559992785
"FAHD2A:FAHD2B",0.0616582654787937
"FAM102A:FAM102B",-0.0144771789380915
"FAM120A:FAM120C",-0.0104905376953688
"FAM126A:FAM126B",0.0595296147110072
"FAM133A:FAM133B",-0.0370643490948059
"FAM160B1:FAM160B2",-0.0806883663267008
"FAM168A:FAM168B",0.0563365793938466
"FAM200A:FAM200B",-0.135622000142202
"FAM209A:FAM209B",-0.0547692974050276
"FAM24A:FAM24B",-0.117349626950198
"FAM47A:FAM47B",-0.0766479684056899
"FAM49A:FAM49B",-0.223703593356064
"FAM50A:FAM50B",0.0665977236265805
"FAM76A:FAM76B",-0.188015650205057
"FAM78A:FAM78B",-0.109588566703304
"FAM9B:FAM9C",-0.0770622089099345
"DPP4:FAP",-0.163370141899465
"FAR1:FAR2",-0.125630332272828
"FARP1:FARP2",-0.114054542824242
"FAT1:FAT3",-0.220112310778017
"FBP1:FBP2",-0.12650408039178
"FBXL2:FBXL20",-0.0735571883705409
"FBXO17:FBXO27",0.0981934940844194
"FBXO25:FBXO32",-0.070458246834778
"CDRT1:FBXW10",0.0669261159482571
"BTRC:FBXW11",0.0826654609574431
"FCGR1A:FCGR1B",0.273616464777683
"FCGR3A:FCGR3B",-0.0446740587936907
"FCN1:FCN2",-0.182989132809996
"FEM1A:FEM1C",-0.0401794049468502
"FER:FES",0.0554581899332207
"FEZF1:FEZF2",-0.0900408058621454
"FKBP10:FKBP9",0.170418459676311
"FLVCR1:FLVCR2",-0.146339025843697
"FN3K:FN3KRP",-0.161734761104057
"FNDC3A:FNDC3B",0.0104534765483348
"FOXR1:FOXR2",-0.190470888538325
"FRAT1:FRAT2",0.0866021545079274
"FRMD3:FRMD5",-0.0190787409821427
"FRY:FRYL",-0.162807205565806
"FSCN1:FSCN2",-0.0862304043487054
"FSD1:FSD1L",-0.0859679522591825
"FSTL4:FSTL5",-0.047948940300257
"FUCA1:FUCA2",0.0158449129814371
"FUT1:FUT2",-0.120958701432336
"FZD3:FZD6",-0.0828456983868203
"G3BP1:G3BP2",0.357843780955933
"GABPB1:GABPB2",-0.0350405849923967
"GAD1:GAD2",-0.0681376661840962
"CSAD:GADL1",-0.0321719354344738
"GALNT1:GALNT13",-0.126415426098068
"GALNT3:GALNT6",0.00470979778374844
"GALNT10:GALNTL6",-0.219993980794114
"GALR2:GALR3",0.0832453581529438
"GAPDH:GAPDHS",0.218173257371333
"GATA2:GATA3",-0.0342872510979408
"GDI1:GDI2",0.0197167261308854
"GFOD1:GFOD2",-0.150000200779737
"GFPT1:GFPT2",0.0371212297029058
"GIT1:GIT2",0.166069901690959
"GLB1:GLB1L",0.00485432183962396
"GLB1L2:GLB1L3",-0.35497509077862
"GLS:GLS2",0.0960714063160387
"GLUD1:GLUD2",0.0802387332161435
"GMFB:GMFG",0.0795562203944657
"GMPR:GMPR2",0.0554458169379661
"GNA12:GNA13",0.0593504603290341
"GNPDA1:GNPDA2",-0.0841553354566794
"GOLGA7:GOLGA7B",-0.0929143046208415
"GOLPH3:GOLPH3L",-0.0752889967035781
"GOLT1A:GOLT1B",-0.0106653971104619
"GPAT3:GPAT4",0.132226416634957
"GPC4:GPC6",-0.143710203492731
"GPD1:GPD1L",-0.0183371180461749
"GPR21:GPR52",-0.0734910518774971
"GPSM1:GPSM2",-0.0108436850930159
"GPX1:GPX2",-0.0044233570344624
"GREB1:GREB1L",0.093413437534334
"GREM1:GREM2",-0.0647257868740801
"GRHL1:GRHL2",-0.143121965547981
"GRID1:GRID2",-0.0205432504790422
"GRIK4:GRIK5",-0.075242589657109
"GRIN2A:GRIN2B",-0.122087874834317
"GRIP1:GRIP2",0.129681755345793
"GRK2:GRK3",-0.0553170339290118
"GRM2:GRM3",0.0479980565779681
"GRM1:GRM5",-0.137208150973223
"GSK3A:GSK3B",0.45349618630062
"GSPT1:GSPT2",-0.0198472788022686
"GSTO1:GSTO2",0.0210795438944218
"GXYLT1:GXYLT2",-0.0100433709680556
"GYS1:GYS2",-0.132583958156989
"H2AFV:H2AFZ",0.0239691101812002
"HACD1:HACD2",0.0555841788261977
"HAND1:HAND2",-0.241453040207746
"HARS:HARS2",0.621183617592916
"HCRTR1:HCRTR2",0.0632265280123207
"HEATR5A:HEATR5B",-0.11131368971873
"HECW1:HECW2",-0.0343022367506905
"HEXA:HEXB",-0.0707842453037483
"HEY1:HEY2",0.0160670158764774
"HIGD1A:HIGD1C",0.0240822958359954
"HMGCL:HMGCLL1",-0.00538367311069196
"HMGCS1:HMGCS2",-0.0739609849676043
"HMGN2:HMGN4",-0.0546534151031707
"HNF4A:HNF4G",-0.105416350663216
"HNRNPAB:HNRNPD",0.438173158626988
"HNRNPL:HNRNPLL",-0.0145766933966899
"HOOK1:HOOK3",-0.00476292547883622
"HOXA5:HOXB5",-0.0233335463378354
"HOXA6:HOXB6",-0.11226054081811
"HOXA7:HOXB7",-0.0424663723342924
"HP:HPR",-0.0415057334555975
"HS6ST1:HS6ST3",-0.0261673507816587
"HSD17B11:HSD17B13",-0.0541806954224444
"HSD3B1:HSD3B2",0.194466686637041
"HSP90AA1:HSP90AB1",0.202376749474043
"HSPA12A:HSPA12B",-0.0148991750585671
"HTN1:HTN3",-0.0407473948595437
"HTR1B:HTR1D",-0.0309335108151159
"HTR1E:HTR1F",-0.0955216976818409
"IDH1:IDH2",0.0606656677990827
"IDI1:IDI2",0.000549475737776303
"IFFO1:IFFO2",-0.0299427047774097
"IFIT2:IFIT3",-0.0731545441501652
"IGFL2:IGFL3",0.174984465734297
"CHUK:IKBKB",-0.00757141770330595
"IL1RAPL1:IL1RAPL2",-0.125149887442207
"IL36A:IL36G",-0.0589641937532479
"IMPDH1:IMPDH2",0.145390321522661
"INSIG1:INSIG2",-0.0480460574793541
"INTS6:INTS6L",0.0393418200884863
"IPO7:IPO8",0.00202126639189705
"ACO1:IREB2",0.0949709812986599
"ISL1:ISL2",-0.12774986317153
"ITGB3:ITGB5",0.0523987843829076
"ITIH1:ITIH3",0.0307461650397162
"ITLN1:ITLN2",-0.0416682134429649
"ITSN1:ITSN2",-0.0647035068251984
"JAG1:JAG2",-0.165333400711597
"CTNNB1:JUP",-0.185875777742996
"KAT2A:KAT2B",0.183765165820262
"KATNA1:KATNAL1",0.00939627892326134
"KBTBD6:KBTBD7",-0.0524644236809926
"KCNB1:KCNB2",-0.0812279602648539
"KCNH1:KCNH5",-0.122674791652208
"KCNJ10:KCNJ15",-0.00852110526874681
"KCNJ11:KCNJ8",-0.0683388577887188
"KCNK12:KCNK13",-0.123810356087865
"KCNK3:KCNK9",-0.0810102820903843
"KCNS2:KCNS3",-0.10757339351994
"KCNT1:KCNT2",-0.104804156640963
"KCTD1:KCTD15",0.0283855684130748
"BTBD10:KCTD20",-0.175442037839861
"KCTD2:KCTD5",-0.166833092404993
"KDELC1:KDELC2",-0.283963957964563
"KDM5C:KDM5D",-0.0226866501202195
"KHDRBS2:KHDRBS3",-0.199037688780181
"KIAA1324:KIAA1324L",-0.120709912742107
"KIF13A:KIF13B",-0.0478362910407963
"KIF21A:KIF21B",-0.144082745017573
"KIF3B:KIF3C",-0.0131751018563146
"KIF4A:KIF4B",-0.0367033105350608
"KLF6:KLF7",-0.158529008225716
"ENC1:KLHL25",-0.0211530220703409
"KLHL2:KLHL3",-0.199070821548795
"KLHL13:KLHL9",-0.0986306552296992
"F11:KLKB1",-0.0869457869173689
"LANCL1:LANCL2",-0.10355450766725
"LARGE1:LARGE2",0.0695862451304679
"LARP1:LARP1B",0.0270027332989912
"LCE3D:LCE3E",0.015312725237363
"LDB1:LDB2",-0.156679097973732
"LEFTY1:LEFTY2",-0.11328361841232
"LGI1:LGI2",-0.0353127068600042
"LGR5:LGR6",0.0300652339481198
"LHFPL1:LHFPL6",-0.05583781795664
"LHX3:LHX4",0.0194993684397798
"LHX1:LHX5",-0.00976943363216456
"LHX6:LHX8",0.0247605116427622
"LHX2:LHX9",-0.0729039919260275
"LIN28A:LIN28B",-0.0502204333725119
"LLGL1:LLGL2",0.223060701402433
"LMAN2:LMAN2L",-0.00572772920184758
"LMBR1:LMBR1L",0.0453776007815814
"LMNB1:LMNB2",0.0676541158268951
"LMO1:LMO3",-0.0468577330375279
"LMX1A:LMX1B",-0.0719722939766133
"LRIG2:LRIG3",0.111706813610529
"LRP1:LRP1B",0.155496882876082
"LRP5:LRP6",-0.0759071635399493
"LRRN1:LRRN3",-0.18845364523357
"LRRTM3:LRRTM4",0.0328070769565838
"LYPLA1:LYPLA2",0.0443529321296999
"LYZL1:LYZL2",-0.0304796635034578
"MAB21L1:MAB21L2",-0.206324902089747
"DST:MACF1",-0.0880771400795733
"MAGOH:MAGOHB",0.0916132850259257
"ICK:MAK",-0.0271510374305283
"MAN2A1:MAN2A2",-0.118550636247022
"MANEA:MANEAL",0.0712103127236375
"CDNF:MANF",-0.0490792258385817
"MAOA:MAOB",-0.127599173191158
"MAP2K1:MAP2K2",0.27711130538118
"MAP3K12:MAP3K13",-0.118297958511348
"MAP3K2:MAP3K3",0.153821122245334
"MAP3K15:MAP3K5",-0.0443187307115081
"MAPK1:MAPK3",0.336874164291307
"MAPKAPK2:MAPKAPK3",-0.0276767514064419
"MAPRE1:MAPRE3",0.101792421024998
"MAT1A:MAT2A",0.444390456725951
"MBOAT1:MBOAT2",-0.230386418218928
"L3MBTL2:MBTD1",0.106868208845476
"MDGA1:MDGA2",-0.0506617556139569
"MED12:MED12L",0.0803847434277394
"MED13:MED13L",0.202232090811134
"MEGF10:MEGF11",-0.245494611877302
"METTL2A:METTL2B",0.118628162267484
"METTL7A:METTL7B",0.0547946339839629
"MFN1:MFN2",0.000922776747596221
"MGAT4A:MGAT4B",-0.159243408146916
"MICA:MICB",0.0957223806339745
"MID1:MID2",-0.0699132490728318
"MKNK1:MKNK2",-0.130207446349186
"MLLT1:MLLT3",0.00134781297195928
"MMD:MMD2",-0.128112053659461
"MME:MMEL1",-0.0948232866762212
"MOGAT1:MOGAT2",0.0611931783345553
"MORF4L1:MORF4L2",-0.112213831339805
"MPP2:MPP6",0.112539201711053
"MPP3:MPP7",-0.0922762228522455
"MPPED1:MPPED2",0.0753969140333565
"MRFAP1:MRFAP1L1",-0.0795981104282092
"MSI1:MSI2",-0.0870661069778416
"GDF11:MSTN",-0.0575633888877927
"MSX1:MSX2",-0.179299524774561
"MTHFD1:MTHFD1L",-0.0385574906600486
"MTHFD2:MTHFD2L",0.0407655040236768
"MTNR1A:MTNR1B",-0.137628318368822
"MTSS1:MTSS1L",-0.183107012810326
"MX1:MX2",-0.00507140426061932
"MYO1A:MYO1B",0.0113451338023734
"MYO1E:MYO1F",-0.107480205179424
"MYO1D:MYO1G",0.0637243327122796
"MYO1C:MYO1H",0.0356503128881058
"MYO7A:MYO7B",-0.0278107845707276
"DYSF:MYOF",0.134514436138235
"GCOM1:MYZAP",-0.00322097853324621
"MZT2A:MZT2B",-0.0568333919841131
"NAA10:NAA11",0.17399236507385
"NAA15:NAA16",-0.068385828809965
"FOLH1:NAALAD2",0.119626147088338
"NABP1:NABP2",0.338256030962992
"NAP1L1:NAP1L4",-0.0897815565415409
"NAPA:NAPB",0.0305037603854209
"NAT1:NAT2",-0.171802089690539
"NAV2:NAV3",0.113193127327156
"LRBA:NBEA",-0.162750723614697
"NBPF15:NBPF3",0.0547628010663542
"NCK1:NCK2",-0.0749399275081536
"NCKAP1:NCKAP1L",0.121150045894979
"NDE1:NDEL1",0.224591218809032
"NDUFA4:NDUFA4L2",0.0712189127838216
"NECAP1:NECAP2",0.0962608088180996
"NEK6:NEK7",-0.101045398622156
"NELL1:NELL2",0.0689324766663823
"DCC:NEO1",-0.0527276401342559
"ARHGEF3:NET1",-0.148715296019674
"NETO1:NETO2",-0.135716617292093
"NHLH1:NHLH2",-0.132102033800959
"NIPA2:NIPAL1",-0.107247420900769
"NIPSNAP1:NIPSNAP2",0.0800282331682583
"NIPSNAP3A:NIPSNAP3B",-0.0834738400809006
"NKAP:NKAPL",0.0215771618869298
"NKIRAS1:NKIRAS2",0.0475557888456488
"NLRP2:NLRP7",0.164870259646054
"NMT1:NMT2",-0.0811870858827657
"NOL4:NOL4L",-0.100001635357528
"NOVA1:NOVA2",0.0794944470228837
"NPBWR1:NPBWR2",-0.131496383664514
"NPR1:NPR2",0.188392493228121
"NPTX1:NPTX2",-0.059848499296712
"NR1H2:NR1H3",0.0588925452819848
"NR2C1:NR2C2",0.0464019170944055
"NR5A1:NR5A2",0.00898291509526481
"NRBP1:NRBP2",0.00321013515244636
"NSG1:NSG2",-0.152245207279192
"NT5DC2:NT5DC3",-0.0155609601907884
"NT5C:NT5M",0.0195272189071406
"NTN1:NTN3",-0.100892296579765
"NTNG1:NTNG2",-0.0341100409428593
"NUCB1:NUCB2",0.116131600668394
"NUMB:NUMBL",0.151163095689553
"NXPH1:NXPH2",-0.087312408008115
"NXT1:NXT2",0.0849921656267731
"OBP2A:OBP2B",-0.0179864442305954
"OCM:OCM2",-0.043483613268001
"OGDH:OGDHL",0.280159038137837
"OSBP:OSBP2",-0.136937394324887
"OSBPL10:OSBPL11",-0.070875195802351
"OSBPL5:OSBPL8",-0.00532840681349524
"OTUD7A:OTUD7B",-0.0210800667808352
"OXCT1:OXCT2",0.0290011994693567
"AVP:OXT",-0.123075072149047
"P2RY2:P2RY4",-0.145932099819501
"P4HA1:P4HA2",0.153101791761326
"PACS1:PACS2",-0.0504108316595874
"PAFAH1B2:PAFAH1B3",-0.174780483831222
"PAIP2:PAIP2B",-0.122078447183858
"PAPSS1:PAPSS2",0.0104356017487041
"PARVA:PARVB",-0.130395216801202
"PAX3:PAX7",0.00964052160135302
"PCK1:PCK2",-0.17033814499944
"PCMTD1:PCMTD2",-0.0513639749788887
"FURIN:PCSK4",0.113575928238734
"PCYT1A:PCYT1B",-0.0286168159020758
"PDCL2:PDCL3",0.0212090729601898
"PDE1A:PDE1B",-0.00257447104358428
"PDE6G:PDE6H",-0.112965578803474
"PDE7A:PDE7B",-0.104913360688001
"PDE8A:PDE8B",-0.140805803408665
"PDHA1:PDHA2",-0.0407131009482428
"PDS5A:PDS5B",0.506411949956227
"PF4:PF4V1",0.041218384349713
"PFN1:PFN2",-0.0414486523873983
"PGK1:PGK2",0.00108623393208229
"PGLYRP3:PGLYRP4",-0.0464167091871239
"PGM2:PGM2L1",-0.0493264445031309
"PGM1:PGM5",0.0949573641427999
"BRWD3:PHIP",-0.210084474290924
"PHKA1:PHKA2",-0.0579387217512846
"PHKG1:PHKG2",0.120070320462312
"PHOX2A:PHOX2B",-0.180410634931969
"PHTF1:PHTF2",0.00943280817267983
"PHYHIP:PHYHIPL",0.00456534104904581
"ETNPPL:PHYKPL",-0.0855546742147205
"PIK3CB:PIK3CD",-0.139097526131689
"PILRA:PILRB",-0.0859941720719382
"PITPNA:PITPNB",0.284617879959584
"PKLR:PKM",0.0864360319556968
"PKNOX1:PKNOX2",-0.198404929134852
"HRASLS2:PLA2G16",-0.0665003703852495
"PLA2G2A:PLA2G2E",-0.0236852292136432
"PLAG1:PLAGL2",0.00918876980336644
"PLCB1:PLCB3",-0.0144374535092593
"PLCL1:PLCL2",0.0752424952632195
"PLPP4:PLPP5",0.0469863219082316
"PLPPR1:PLPPR5",-0.06520800366888
"LDLRAD4:PMEPA1",-0.00632423552832471
"PMM1:PMM2",0.177343901058455
"MOAP1:PNMA1",-0.131936709645926
"PNPLA6:PNPLA7",-0.0908079500249826
"POM121:POM121C",0.217296449767863
"PPA1:PPA2",0.210653649860419
"PPIP5K1:PPIP5K2",0.0272796241217723
"PPM1A:PPM1B",-0.0367618846393753
"PPP1R14B:PPP1R14C",-0.17737467096955
"PPP2CA:PPP2CB",-0.0888588492782718
"PPP2R1A:PPP2R1B",0.15779256061238
"PPP3R1:PPP3R2",-0.146354443125822
"PRELID3A:PRELID3B",-0.115843709116993
"PREX1:PREX2",-0.00265769074245858
"PRICKLE1:PRICKLE2",-0.0802176680575
"PRKAA1:PRKAA2",-0.0872279925209385
"PRKAB1:PRKAB2",-0.0658315738752538
"PRKAR1A:PRKAR1B",-0.0796996456303843
"PRKAR2A:PRKAR2B",-0.0494300948999279
"PRKCE:PRKCH",-0.0912456807985959
"PRKCD:PRKCQ",0.011061638786853
"PRKCI:PRKCZ",-0.0596064885501808
"PRMT1:PRMT8",-0.0746288987364785
"PROKR1:PROKR2",-0.110274107726992
"PRPF40A:PRPF40B",0.059497178514996
"PRPSAP1:PRPSAP2",0.00303698718779041
"PRRX1:PRRX2",-0.0645483140767303
"PRSS21:PRSS41",-0.0629053254455611
"HPRT1:PRTFDC1",-0.0679682809176787
"ELANE:PRTN3",0.011367767237616
"PSEN1:PSEN2",-0.170542708308508
"PSKH1:PSKH2",-0.0269939006361076
"PSMA7:PSMA8",-0.161945487789387
"PSMB10:PSMB7",-0.0850376298197504
"PSMB5:PSMB8",0.078706182415941
"PSMB6:PSMB9",-0.011018029713334
"NONO:PSPC1",0.281824250801698
"PTGS1:PTGS2",-0.0793992748063646
"PTPN1:PTPN2",-0.0115643797342986
"PTPN14:PTPN21",-0.160719466199554
"PTPN3:PTPN4",-0.0810093188093353
"PTPN11:PTPN6",0.050798693051816
"PTPRA:PTPRE",-0.0322603878325892
"PUM1:PUM2",0.137332015783436
"PURA:PURB",0.0337017279780495
"PXDN:PXDNL",-0.125402924174269
"PYCR1:PYCR2",0.0656531826094228
"A2M:PZP",-0.249934374583057
"PI15:R3HDML",-0.0265107426840891
"RAB27A:RAB27B",-0.13828929222528
"RAB22A:RAB31",-0.0783057545801937
"RAB33A:RAB33B",-0.0458444442008421
"RAB26:RAB37",0.03985724217166
"RAB39A:RAB39B",-0.162451689298421
"RABL2A:RABL2B",0.223236706559125
"RAD23A:RAD23B",0.241219625138702
"ARAF:RAF1",-0.0652177459700336
"RALA:RALB",0.241848164276229
"RALGPS1:RALGPS2",-0.11519269317549
"RALY:RALYL",0.0590874455271349
"IPO5:RANBP6",-0.138026332504875
"RANBP10:RANBP9",0.0277425413155724
"RAPGEF2:RAPGEF6",-0.0913421540933396
"RASA2:RASA3",-0.0303240274328062
"RASD1:RASD2",-0.0571607995176421
"RASGRF1:RASGRF2",0.0579655818647116
"RASL10A:RASL10B",-0.0507675852373388
"RASSF2:RASSF4",-0.000831575686446345
"RBBP4:RBBP7",0.0281490369358233
"RBM24:RBM38",-0.119870584720561
"RBPMS:RBPMS2",-0.174209807807195
"RCAN2:RCAN3",-0.0141084140731498
"RCBTB1:RCBTB2",-0.101756722090915
"RDH11:RDH12",-0.0320179261007136
"REEP5:REEP6",-0.0266046505197687
"REG1A:REG1B",-0.069240588341759
"RFX2:RFX3",-0.0284852008324598
"RGS17:RGS19",-0.160183633668329
"RGS6:RGS7",-0.179248204639222
"RHBDF1:RHBDF2",0.0502699990564171
"RHBDL1:RHBDL3",-0.06215769859861
"RHCE:RHD",-0.0213418155612807
"RHEB:RHEBL1",0.0598414614177626
"RHOBTB1:RHOBTB2",-0.130380206125036
"RHOT1:RHOT2",0.0554911619373477
"RIMKLA:RIMKLB",-0.113464087997259
"RIT1:RIT2",-0.0849043299791469
"RLN1:RLN2",-0.205905748614668
"RMND5A:RMND5B",-0.0600238827032364
"RNASE2:RNASE3",-0.0283101043188951
"RNF113A:RNF113B",-0.0062522049494728
"RNF144A:RNF144B",-0.0870538007277528
"RNF121:RNF175",-0.216414748477376
"RING1:RNF2",-0.0208320706066264
"RNF20:RNF40",0.387636304162736
"RNF38:RNF44",0.0085532111361741
"ROCK1:ROCK2",0.24682987489374
"ROPN1:ROPN1B",-0.0185909997661738
"ROR1:ROR2",-0.0523345997727376
"RPE:RPEL1",0.456530845391605
"RPL10:RPL10L",-0.0718069275496282
"RPL22:RPL22L1",0.122255671562449
"RPL26:RPL26L1",0.0454557462978711
"RPL39:RPL39L",-0.15339088572608
"RPL3:RPL3L",-0.0204217128473971
"RPRD1A:RPRD1B",-0.0603231224401289
"RPRM:RPRML",0.0509228094247042
"RPS27:RPS27L",0.0186105516355675
"RPS6KA4:RPS6KA5",-0.0585133624818133
"RPS6KB1:RPS6KB2",0.0783645405671804
"RRAGA:RRAGB",0.109948730991796
"RRAGC:RRAGD",-0.0757156373335983
"RRM2:RRM2B",0.0518789055442547
"RTP1:RTP2",-0.1738145581468
"RUNDC3A:RUNDC3B",-0.0305226961370485
"SAFB:SAFB2",0.194995792353831
"SALL1:SALL3",-0.206186047003968
"SAMD4A:SAMD4B",0.0628426574163991
"SAMD9:SAMD9L",-0.149143696579024
"SAP30:SAP30L",-0.269790883615757
"SAR1A:SAR1B",-0.0810700526267887
"SATB1:SATB2",-0.0696781317873955
"SBF1:SBF2",0.106956403946773
"SCAMP4:SCAMP5",-0.059799560840264
"SCD:SCD5",0.239000513469023
"SCGB1C1:SCGB1C2",-0.02446331975315
"SCGB2A1:SCGB2A2",-0.0230810552312758
"GSN:SCIN",-0.165391097877107
"SDCBP:SDCBP2",-0.09025043599543
"SDF2:SDF2L1",0.0540039364116807
"SDK1:SDK2",-0.00545273005249308
"SDS:SDSL",-0.0320124856996463
"SEC11A:SEC11C",-0.0631303869737439
"SEC14L1:SEC14L5",-0.00357026185712753
"SEC23A:SEC23B",0.372142869999377
"SEC24A:SEC24B",0.235012642550131
"SEC24C:SEC24D",0.236279494980004
"SEC61A1:SEC61A2",-0.00152308941884772
"SEMA3C:SEMA3F",-0.0572700924315092
"SEMA5A:SEMA5B",-0.0626866766808562
"SEMG1:SEMG2",-0.0695504939380818
"SEPHS1:SEPHS2",0.0593520532972116
"SEPT12:SEPT3",-0.0498342418382707
"SERP1:SERP2",-0.0122230040753853
"SET:SETSIP",0.0799619327952787
"SFMBT1:SFMBT2",-0.0814259853763796
"SFRP1:SFRP5",0.0695124961534035
"SFT2D1:SFT2D2",-0.038185071798961
"SFTPA1:SFTPA2",0.22447058629268
"SGMS1:SGMS2",0.102002145416574
"SGSM1:SGSM2",-0.027166029424796
"SGTA:SGTB",0.0486233425794456
"SH3BGRL:SH3BGRL2",-0.19868420437654
"SH3GLB1:SH3GLB2",-0.0825541443792104
"KCTD3:SHKBP1",0.0186448183438796
"SHMT1:SHMT2",0.131687484250718
"SHOX:SHOX2",-0.0794103460926676
"MGAM:SI",-0.124646843109657
"SIAH1:SIAH2",-0.117098984738078
"SIDT1:SIDT2",-0.143731327286604
"SIGLEC10:SIGLEC11",0.23975466173459
"SIPA1L1:SIPA1L2",-0.122879803880905
"SIX3:SIX6",-0.102527450577564
"SLC11A1:SLC11A2",0.131394011319717
"SLC16A1:SLC16A7",0.11269378896183
"SLC16A3:SLC16A8",0.0193757868571234
"SLC18A1:SLC18A2",-0.0286126696352438
"SLC1A4:SLC1A5",-0.0320562546774461
"SLC20A1:SLC20A2",0.175113572511842
"SLC22A11:SLC22A12",0.0177163715688833
"SLC22A1:SLC22A2",-0.231494793906106
"SLC22A4:SLC22A5",0.0587472255251209
"SLC23A1:SLC23A2",-0.195564807834185
"SLC24A3:SLC24A4",-0.151056075315866
"SLC25A12:SLC25A13",-0.0161016277278013
"SLC25A15:SLC25A2",-0.117939067591796
"SLC25A18:SLC25A22",-0.00880195510849851
"SLC25A14:SLC25A30",-0.0441557491277465
"SLC25A33:SLC25A36",-0.0846346091156621
"SLC25A28:SLC25A37",0.270793840900687
"SLC25A51:SLC25A52",-0.0713853959691626
"SLC27A1:SLC27A4",0.101293010712639
"SLC27A2:SLC27A6",0.00128403863659104
"SLC28A1:SLC28A2",-0.0926700196712674
"SLC2A5:SLC2A7",-0.150761566297195
"SLC35D1:SLC35D2",0.15479072028803
"SLC35E2:SLC35E2B",-0.140121635100739
"SLC37A1:SLC37A2",-0.160586391762914
"SLC41A1:SLC41A2",-0.0896885906688613
"SLC43A1:SLC43A2",-0.0507768316695888
"SLC52A1:SLC52A2",-0.0896976709770985
"SLC5A12:SLC5A8",-0.0677563618432518
"SLC6A15:SLC6A17",0.0315667871072374
"SLC6A18:SLC6A19",-0.148137900537763
"SLC6A2:SLC6A3",-0.144376169369169
"SLC7A6:SLC7A7",0.00522911027163088
"SLC9A2:SLC9A4",-0.0341424859052877
"SLC9B1:SLC9B2",-0.124268991367778
"SLFN12:SLFN12L",-0.0564355760047564
"SMARCA2:SMARCA4",-0.0683322940206766
"SMARCA1:SMARCA5",0.0187969323506225
"SMARCC1:SMARCC2",0.0109167216964824
"SMOC1:SMOC2",-0.183963389492056
"SMURF1:SMURF2",0.147554919877129
"SNAP23:SNAP25",-0.129328448605524
"SNCA:SNCB",-0.123625204251769
"SNRPA:SNRPB2",-0.0607113401039347
"SNRPB:SNRPN",-0.178874718850357
"SNX1:SNX2",-0.0932900960237063
"SNX12:SNX3",0.0411233655149158
"SORCS1:SORCS3",-0.155821242890693
"SOS1:SOS2",0.00931441601090702
"SOX1:SOX2",-0.137667723494884
"SOX14:SOX21",-0.0772360965335434
"SOX5:SOX6",-0.108001470845762
"SP8:SP9",0.192758674542352
"SPAG11A:SPAG11B",-0.110438288279455
"MAPK8IP3:SPAG9",0.0301128360779747
"SPOCK1:SPOCK3",-0.115783123497541
"SPOP:SPOPL",0.159929533550563
"SPRED1:SPRED2",-0.270003300795889
"SPRR1A:SPRR1B",-0.211896825346226
"SPRR2A:SPRR2B",0.0996147043513209
"SPRY1:SPRY2",-0.00737694017416888
"SPTA1:SPTAN1",-0.134037752589998
"SPTLC2:SPTLC3",-0.180468950527536
"SRGAP2B:SRGAP2C",0.0718315636324903
"GCA:SRI",-0.0485991361030641
"SRSF1:SRSF9",0.0818902483111401
"SSTR1:SSTR4",-0.125126616973242
"ST7:ST7L",-0.0209246198406168
"ST8SIA2:ST8SIA4",-0.156815460971351
"STAG1:STAG2",0.211252576910953
"STAM:STAM2",0.0649254290018786
"STAMBP:STAMBPL1",-0.00520814279586117
"STAT5A:STAT5B",0.12163129803833
"STEAP1:STEAP1B",-0.0963696554679775
"STEAP2:STEAP3",-0.144899458452463
"OXSR1:STK39",0.313968537900373
"STK3:STK4",-0.0860634357344289
"STOM:STOML3",-0.00242583218335742
"STRIP1:STRIP2",0.138862227938474
"STX10:STX6",-0.00151226066293949
"STX12:STX7",-0.0268306978347471
"STXBP1:STXBP2",0.118968333083707
"STXBP5:STXBP5L",-0.153624108626406
"SULF1:SULF2",-0.0514596062482763
"SUV39H1:SUV39H2",-0.0122020013193325
"HNRNPR:SYNCRIP",0.267659258536701
"SYNGR1:SYNGR3",-0.153875181102083
"SYNPR:SYP",-0.0349631876379967
"SYT11:SYT4",0.0377796675514594
"TACR1:TACR3",-0.143265696699502
"TAF1:TAF1L",-0.095439682260598
"TAF9:TAF9B",-0.000316316431064695
"TANC1:TANC2",-0.127346868976282
"TAOK1:TAOK3",-0.121839606089707
"TAS2R39:TAS2R40",-0.196331989781858
"TBC1D22A:TBC1D22B",-0.0241764619867321
"TBC1D8:TBC1D8B",0.000578812066995702
"TBP:TBPL2",-0.0683031008748387
"TBX15:TBX18",-0.15543113710617
"TBX2:TBX3",0.129475271088833
"TBX4:TBX5",-0.000101510606564381
"TCAF1:TCAF2",0.0399904886309425
"SCX:TCF15",-0.0873182647634436
"MSC:TCF21",-0.0238570124338758
"LTF:TF",0.132958061581147
"TGFB2:TGFB3",-0.0143242309508505
"TGIF2LX:TGIF2LY",-0.243515276737376
"NLN:THOP1",-0.0621713870019561
"THRA:THRB",0.0413017463946019
"TIA1:TIAL1",0.401651018129987
"JRKL:TIGD2",-0.0254549047458199
"TIMM17A:TIMM17B",0.100671284713173
"TIMM23:TIMM23B",0.159339339504489
"TLK1:TLK2",0.528733718158846
"TLN1:TLN2",0.178993282752456
"TLR1:TLR6",-0.0791268739991749
"TMED1:TMED5",0.181141632274778
"TMED3:TMED7",0.0151639733584299
"TMED4:TMED9",0.158805616159482
"TMEM120A:TMEM120B",-0.0102578500157293
"TMEM184A:TMEM184B",-0.0820523202618195
"TMEM185A:TMEM185B",-0.000901795354092419
"TMEM30A:TMEM30B",0.0704073799312278
"TMEM39A:TMEM39B",0.163235668718364
"TMEM50A:TMEM50B",0.00260089220809725
"TMEM55A:TMEM55B",-0.0974827694940794
"TMEM63A:TMEM63B",-0.0456169056740899
"TMEM9:TMEM9B",-0.053911369065966
"TNFAIP8L1:TNFAIP8L2",0.0984616628709971
"TNKS:TNKS2",0.0618919703226247
"TNPO1:TNPO2",0.429381516954342
"TOB1:TOB2",0.0725945223128206
"TOM1:TOM1L2",-0.0414708523767174
"TOMM40:TOMM40L",0.116063196938546
"TOP1:TOP1MT",0.0713879726718495
"TOP2A:TOP2B",0.102598732289756
"TOR1A:TOR1B",-0.112300971256833
"TP63:TP73",-0.0910826254144724
"TPST1:TPST2",-0.141640048089934
"TPTE:TPTE2",-0.12775632436976
"TRA2A:TRA2B",0.335791020644406
"TRABD2A:TRABD2B",0.0873319256819043
"TRAPPC3:TRAPPC3L",-0.144907175842574
"TRAPPC6A:TRAPPC6B",0.00181994699087558
"TRIB1:TRIB2",-0.101196251223066
"TRIM16:TRIM16L",0.0528645850715005
"TRIM2:TRIM3",-0.0609250935762519
"TRIM54:TRIM63",-0.00361068257914747
"TRIM67:TRIM9",-0.108998151709572
"TRPC4:TRPC5",0.0258867839012098
"TRPM1:TRPM3",0.147474744989164
"TRPM6:TRPM7",0.0111345371545124
"TRPV5:TRPV6",-0.0729571427726737
"CD151:TSPAN11",0.11841567436598
"TSPAN13:TSPAN31",-0.0941056333595963
"TSPAN6:TSPAN7",-0.101136850906615
"TSPAN4:TSPAN9",-0.0823228412169552
"TSSK1B:TSSK2",-0.0692759205689401
"MPST:TST",0.0222969641589492
"TTC21A:TTC21B",-0.0450389425391648
"TTC30A:TTC30B",0.209362598821282
"TUBG1:TUBG2",0.0909839167253712
"MAGT1:TUSC3",-0.0950674746685618
"TWF1:TWF2",0.11465477066441
"TYW1:TYW1B",0.00829856604089193
"UAP1:UAP1L1",0.0903580609490506
"UBALD1:UBALD2",0.0386610852844649
"UBE2A:UBE2B",0.291773129143269
"UBTD1:UBTD2",-0.0757564120327785
"UCHL1:UCHL3",-0.0715981807698445
"UCK1:UCK2",-0.00340969765678527
"UGGT1:UGGT2",0.0104645894188835
"UGT3A1:UGT3A2",-0.108539499498582
"UHRF1:UHRF2",0.0488803644165657
"ULK1:ULK2",-0.116799618115159
"UNC119:UNC119B",-0.18238669918547
"UNC13A:UNC13B",-0.0304633388497298
"UNC45A:UNC45B",0.03887414464334
"UPP1:UPP2",-0.0966176703296448
"PMPCB:UQCRC1",0.478296668404794
"UQCRH:UQCRHL",0.275282182070778
"USP20:USP33",-0.0925339332331313
"USP15:USP4",0.106017934911815
"USP12:USP46",-0.0163882512191957
"USP44:USP49",-0.00722189273281704
"USP13:USP5",0.0443257619452034
"USP32:USP6",0.0640547697746862
"USP9X:USP9Y",-0.060602364844893
"UTP14A:UTP14C",-0.0827787548739445
"KDM6A:UTY",-0.251607999403929
"VANGL1:VANGL2",-0.10791438963081
"VAPA:VAPB",0.253188456241138
"VASH1:VASH2",0.0801361342067094
"VAV1:VAV3",0.0133337910029123
"AVIL:VIL1",0.0651995012844929
"VPS26A:VPS26B",0.00692328076382653
"VPS4A:VPS4B",0.192115872978643
"WASHC2A:WASHC2C",0.114139546537401
"WDFY1:WDFY2",0.0692509372639852
"DMWD:WDR20",0.0708264733232802
"WDR5:WDR5B",-0.020798106872487
"WFIKKN1:WFIKKN2",0.0102565677861364
"WIPI1:WIPI2",-0.123762425795611
"WNT10A:WNT10B",0.0433041240956146
"WNT2:WNT2B",0.0511285579232554
"WNT3:WNT3A",-0.168178611934281
"WNT5A:WNT5B",-0.0711485085482481
"WNT7A:WNT7B",0.0558396047561383
"WNT8A:WNT8B",0.117291318010361
"WNT9A:WNT9B",0.132608521207953
"XCL1:XCL2",-0.0934210410515393
"RANBP17:XPO7",-0.0244672728149237
"YBX1:YBX3",0.0126852733830383
"YIPF5:YIPF7",-0.0376867263471757
"YY1:YY2",0.0538140824626508
"SYK:ZAP70",0.0111922830550634
"ZC3H12B:ZC3H12C",-0.0737468539398515
"CNBP:ZCCHC13",0.0320096546433121
"ZCCHC12:ZCCHC18",0.00963738376947175
"ZDHHC3:ZDHHC7",-0.158062929342366
"ZFAND5:ZFAND6",0.0317952799500699
"ZFHX3:ZFHX4",0.0021845277410662
"ZFP69:ZFP69B",0.0837440577231431
"ZMIZ1:ZMIZ2",0.0445611875888119
"ZNF146:ZNF260",-0.217225170261693
"ZNF280A:ZNF280B",-0.0315628645571648
"ZNF181:ZNF302",0.0450561410892789
"ZNF324:ZNF324B",0.105478598963304
"ZNF385B:ZNF385D",0.0564557137934856
"ZNF24:ZNF396",-0.0838261931753366
"ZNF423:ZNF521",-0.0492660012104195
"ZNF561:ZNF562",0.0709078568591027
"ZNF552:ZNF587B",0.300986426397361
"ZNF300:ZNF630",-0.111566891747463
"ZNF503:ZNF703",0.0741759284402268
"ZNF143:ZNF76",0.100260328188093
"ZNF419:ZNF773",0.109891015829199
"ZNF175:ZNF81",-0.212189960885415
"ZYG11A:ZYG11B",0.0966509064089187
