gene_pair,A549_SL_score,A549_standard_error,HT29_SL_score,HT29_standard_error,OVCAR8_SL_score,OVCAR8_standard_error
ABHD4|ABHD5,-5.110132547165056e-05,0.0012008683807936034,-7.241940985740985e-05,0.0022605280831800552,-9.433333423283168e-05,0.0028928380809335645
ABL1|ABL2,-0.026985560581116272,0.01854297736776824,-0.02828448857252254,0.019258529409122246,3.4284814853559795e-06,0.001085620579061037
ABR|BCR,-0.00015766609941038036,0.003422369802266562,-7.185173417223313e-05,0.0019053003344859415,-5.866461119841743e-05,0.0015244643869915873
ACAP2|ACAP3,3.1865517324368274e-05,0.0030934971869016523,1.5009777253913478e-05,0.0027648582395554617,2.0295948792441638e-05,0.0021008755059587782
ACTG1|ACTR1B,0.0003495562196369438,0.004243570826991725,0.0001578183756694255,0.004201201262598641,-6.720860257423812e-05,0.0018286290177082778
ACVR2A|ACVR2B,-1.554193778966083e-05,0.0021284930532440324,2.916817582604425e-07,0.00028363921978539385,-1.0292292577170533e-05,0.0004745884602641146
AGAP1|AGAP3,0.008594895969654246,0.002923824088780723,0.00922861426218197,0.002243936235280387,0.006109290475714166,0.004068396224184888
AGAP1|AGAP9,-0.010243130675902509,0.003955524695349384,-0.009643231314420868,0.003543155344401972,-0.006182781558224141,0.001982129977695953
AKT1|AKT2,4.9899097163628845e-05,0.003996830607232951,6.45117353530949e-07,0.0028807230588651107,-8.936860702971369e-06,0.0014066948571508269
ALG10|ALG10B,-2.1100589698526868e-05,0.0026524357098060575,-2.7645428776180208e-05,0.001662880812876777,-7.707632626881134e-05,0.0015803772097443306
ANKRA2|RFXANK,0.00010629727107916122,0.002154791228431108,5.843067960593763e-05,0.0025412208824543876,2.8500315001847884e-05,0.00163102726534328
ANKRD13A|ANKRD13D,2.0293132193476777e-05,0.001067163730865488,-2.9338956629555558e-06,0.0014070672202163015,4.345980043189393e-05,0.0016897087175299144
ANXA11|ANXA7,1.380782758020338e-06,0.003927827294441476,-5.187950475213057e-06,0.0013539601970365583,2.6055540717028387e-05,0.0018917881342855132
AP1B1|AP2B1,-6.578590562362269e-07,0.0012698115026727231,-7.286063593363466e-06,0.002212069970058178,5.6006051520831233e-05,0.0026024318896254897
AP2A1|AP2A2,2.2510418226072877e-05,0.004011563576507869,-1.2253534036943403e-05,0.005139779885263393,-4.7106214186372806e-05,0.0038560848662330177
AP3M1|AP3M2,-9.430886637584427e-06,0.001876483041031982,5.0100492043138166e-05,0.0013170625028181499,4.240984660977245e-06,0.0008670961957582035
AP3S1|AP3S2,-1.0655956135897155e-05,0.0016956479728389426,-6.693588485737509e-07,0.0018110136379117013,-2.1080724688140227e-06,0.0011478405331913064
APPL1|APPL2,1.4722417166962432e-05,0.002388781516033665,6.242211807650561e-06,0.0007929124893218497,2.432272122264434e-05,0.001774415677387445
ARFGEF1|ARFGEF2,-0.0002541290177209801,0.005611385547134036,-0.0002280171555205595,0.004196496324374629,0.0003214942079269743,0.006668840456494452
ARFIP1|ARFIP2,2.807062100164866e-05,0.0029356466957987278,-4.389536943566474e-06,0.0018036528879005718,3.8206430825255603e-07,0.001263810098401123
ARHGEF3|NET1,-2.000759460477064e-05,0.0012074592352803754,-5.990995778782433e-06,0.0014136491280981704,1.6371141279959546e-07,0.0009552610884478812
ARID1A|ARID1B,1.6870894474191322e-05,0.003700144074380328,5.33685453801527e-06,0.004069300610001708,1.510921209664969e-06,0.0015946506029674572
ARL8A|ARL8B,1.695490612447596e-05,0.0036899002270567175,-8.246549138218256e-07,0.002214087226461775,-1.1716018615696525e-05,0.0024184035202211946
ARPC1A|ARPC1B,-2.8379177484469694e-05,0.005715602373887432,0.0002211414995683731,0.005744538274077702,0.00010487644683998852,0.002679184830382602
ARPC5|ARPC5L,1.8950707840488985e-05,0.0012869005013723949,-2.034966481235615e-06,0.0007186566617333808,-1.6772317963376082e-06,0.001188102958309061
ARPP19|ENSA,-3.843182552717058e-05,0.007470652377531957,-8.409413829599563e-06,0.0032614673022021176,-4.560075753458194e-06,0.005312073086899884
ASAP1|ASAP2,-3.1012145853967806e-05,0.0010927001357064132,4.479824654423586e-06,0.0026005906956219796,1.5288442116402777e-05,0.0016034828477370397
ASIC1|ASIC3,3.4015873516966987e-06,0.0031745208029817823,-1.1170573444858118e-05,0.001501622190866533,-7.948815512211679e-06,0.0014977427457354329
ATAD2|ATAD2B,-2.8568063225442278e-05,0.0026342359126676927,-1.0894856931157697e-06,0.0015299659759973653,-6.552398646284911e-06,0.0015555801031091536
ATAD3A|ATAD3B,-9.84460838893142e-06,0.0034980354239054156,2.119267679681933e-05,0.004934365179039101,3.1063173264178623e-07,3.083381435883534e-07
ATF1|CREB1,0.001713636207527967,0.00289645514508273,-0.001648745846720602,0.0014512238074548742,-0.005859879305436765,0.0030683619027387387
ATF1|CREM,-0.0016811160117213503,0.0035214452959830174,0.001646081050220664,0.0027882441187151302,0.005847257014222503,0.001245790638743044
ATF2|ATF7,2.3125164473305728e-06,0.002450583175261439,-3.862759404057694e-06,0.0007526246090545854,5.2936707275463846e-06,0.0012820844433675135
ATP6V0A1|ATP6V0A2,0.00015544086392467305,0.0036293646135083972,-1.6010098593591568e-05,0.0016131406580198067,2.8625714573830376e-06,0.0007471562796496833
B4GALT1|B4GALT2,0.000414418960345431,0.001895857333643721,0.0016649861775149281,0.002482506285316038,-3.009673715822133e-06,0.0014005698928702295
BCL2L1|MCL1,9.80226017973065e-05,0.004248416909017568,5.023336122715759e-05,0.00992290815673337,3.955363962243916e-05,0.002723624333022347
BICD1|BICD2,-3.340044281411695e-06,0.001646408583667099,1.074128475843218e-05,0.0017722838331634216,-1.714060230307815e-05,0.0013263555774450156
BRCA1|PARP1,-2.69593631559675e-05,0.003938155310368936,4.532552736136175e-06,0.0033176386715124255,-4.5172238547259834e-05,0.003977359867953541
BRWD1|PHIP,4.437044332531201e-05,0.0016134452861951223,1.2797285937122322e-05,0.0013522767863997272,2.3079434168654656e-06,0.0013601376561454563
BTBD1|BTBD2,4.3522145805580115e-05,0.004019705706444022,-1.4534613884099108e-05,0.002007576895225951,3.549999052067222e-06,0.0024948902266020275
BTN2A1|BTN2A2,2.535177904764337e-05,0.0032715193590957168,5.674561191388378e-06,0.002172446439630204,-1.1036657967024761e-06,0.0014517177409740316
BTN3A1|BTN3A3,-0.0001341819969796302,0.002151189423672641,1.537728218832986e-08,0.001766126943644779,-7.571889930189923e-05,0.0010146289201878945
CAMKK1|CAMKK2,-1.1541600666588171e-05,0.002781429893985358,-1.1365355488164432e-05,0.0012155355376159906,3.215384784017234e-06,0.0013130988330138963
CAPZA1|CAPZA2,9.558056929167187e-07,0.0019439873414125153,-5.146584982567642e-07,0.004103827008813389,-3.41288296946993e-05,0.004179862714525172
CBX3|CBX5,-2.0912229253698832e-06,0.003298629199670837,1.143629350692294e-05,0.0028463185920352347,-3.928916356205687e-06,0.0022338142563977283
CCNE1|CCNE2,3.005455239730232e-05,0.0041461658893306,1.622929144252784e-07,0.0020420186586674635,2.403403693107542e-05,0.005362970549904282
CCNG1|CCNG2,-5.867860631867147e-07,0.0024736123152643897,2.6718919154952417e-05,0.0021234683390249924,-1.2091126636581961e-06,0.0009462011367882946
CCNT1|CCNT2,0.0001703652372909703,0.009447808690957463,0.00036177703212621356,0.010202791466018504,4.438735471597023e-05,0.007091459731806402
CCNY|CCNYL1,-1.0963955115313636e-05,0.0028298698645925486,-1.558812534249104e-05,0.0017407514043552943,9.107945444539498e-07,0.000659405515680091
CDC34|UBE2R2,2.6797072193005905e-05,0.001424953260046881,-1.61350931828662e-05,0.0025782944484035565,-6.46488646192671e-05,0.003030190755886642
CDC42BPA|CDC42BPB,6.815270106566265e-06,0.0012037565346337798,2.185522488136471e-05,0.0013060496859428868,-5.4712682283014006e-06,0.002102775032196731
CDH1|CDH3,-1.836262452355032e-05,0.0019986433400945042,3.5844354372735786e-06,0.0015772366276460637,-5.50579073527334e-06,0.001059415579503017
CDK3|CDK5,-2.7406636335172707e-05,0.0017054142679052307,1.7598581625144494e-05,0.002928767913440292,-2.1146258900872628e-07,0.0016226135283096946
CHD1|CHD2,3.662708594177117e-05,0.0024620805190434833,1.0869897468494353e-05,0.000820820396650523,-8.640989426449295e-06,0.0013498359110659885
CHKA|CHKB,1.0584204093046686e-05,0.0017937511690231348,-2.275075810315472e-05,0.0016828298693717604,7.78497571062791e-06,0.0012673983330532348
CHUK|IKBKB,-2.056704757846189e-05,0.001132366849105739,5.307877653705033e-06,0.0017289498376313929,2.1253054842422668e-05,0.001549418652631474
CISD1|CISD2,-0.020132369308096382,0.008286409039020969,-0.022467872045468275,0.008095385417905342,-0.00029127159293119526,0.003771442754097442
CLSTN1|CLSTN3,3.752023908540656e-08,0.0022040467056383046,-5.300734396119284e-06,0.0024064509784393106,-2.3562051930628127e-06,0.0010970126962309983
CLTA|CLTB,-4.752509669769194e-06,0.0038069125487658383,3.468495791168295e-05,0.0018955305274811819,4.4688278428176636e-05,0.0018825723906796057
CNNM2|CNNM4,1.1077312205233657e-05,0.002152000801661978,5.41824128610307e-06,0.002546999135669262,1.2099405455722992e-05,0.002498274153489477
CNOT7|CNOT8,-8.933625324539538e-05,0.0038585898842479582,-9.074916204344764e-06,0.003578256936226564,-1.5668153552923008e-05,0.0021507841605412125
COPS7A|COPS7B,-7.52556155661499e-06,0.0012818485621151178,1.2833710087608214e-06,0.0007834998616643421,6.703661821205742e-07,7.50385681709071e-05
COQ8A|COQ8B,8.11039739250415e-06,0.003643698443635894,-1.9691055225688913e-06,0.002207749094533601,2.8823568353918293e-06,0.004434871923388121
CORO1B|CORO1C,-9.718337543555987e-06,0.0012513001958929753,1.6750096615003596e-06,0.0015444097200677147,6.032103391238423e-06,0.0016757601459688918
CPEB2|CPEB4,5.7010171819733684e-06,0.003464789352152829,2.0718861170122684e-05,0.0008708034306706623,8.81872194532908e-06,0.0009021325034007399
CPNE1|CPNE2,-4.371902425135163e-05,0.0037934979208786865,5.38560787261154e-06,0.0030456012309742733,1.7761735314450157e-06,0.0020075159792658503
CRTAP|P3H4,-5.947504679495699e-06,0.0025862222933637946,2.228605340412779e-06,0.0017766309361559277,2.1940201332454953e-06,0.0011364335298267494
CRY1|CRY2,-1.1251722512362369e-05,0.001860040945754468,0.00013052193146798681,0.0024735865659988063,6.423784185746585e-05,0.0011157865856193298
CSNK1D|CSNK1E,-0.00018293180768960847,0.006944708786788184,3.183753263658668e-05,0.00493499899198445,1.318130649316672e-05,0.003741286907469628
CSNK1G1|CSNK1G2,9.862180557898251e-06,0.0019737820921203234,6.451792068460114e-06,0.0012949873101937952,7.1916318311943736e-06,0.0016605668234410485
CSNK2A1|CSNK2A2,0.00012406589232314783,0.004405280228737071,-2.010802150749965e-06,0.0023825756430289865,-5.425269291553514e-05,0.003543733220959105
CTDSP1|CTDSP2,-3.3353189495312816e-06,0.0013410934948697103,4.867732069003631e-06,0.002913468202704215,-7.311671620380267e-06,0.0024770490797842003
CUL7|CUL9,6.86001076518231e-05,0.0030581588183572987,-7.703921814563833e-06,0.0020718350577809135,-7.763856771359551e-05,0.0022615219136930694
CYB5R1|CYB5R3,6.0817525461186956e-05,0.0025929341140367265,1.1985243106579472e-05,0.0038220584435696243,-4.646972187811861e-06,0.002117345557273139
CYTH1|CYTH2,0.006935963217893478,0.004881223629783616,-0.004366297773213352,0.001754408641785633,0.005166231788823947,0.0027864942190096447
CYTH2|CYTH3,-0.006946739534471998,0.00369778730513614,0.004340694686926087,0.0023674839308021373,-0.005119055720017557,0.002862811505538859
DCK|DGUOK,-9.385656378109916e-07,0.0017595613568927642,6.37880744660165e-07,0.0013105810308521415,1.6269558605539222e-05,0.0014453685383976809
DCUN1D1|DCUN1D2,-7.702523756691583e-05,0.001637701047415337,-4.5581974588873894e-05,0.0012869633477266018,-1.9896021950412896e-05,0.0011856305509771528
DCUN1D4|DCUN1D5,-8.557458089639764e-05,0.0016810204718773287,-8.11261458122381e-06,0.00300907498032212,9.643169474398015e-06,0.002975036319087216
DDHD2|SEC23IP,-1.3398551401007529e-05,0.001561022180828165,2.077996891503009e-07,0.0009107232646623234,2.952940956109836e-07,0.00011593986617199226
DDX19A|DDX19B,3.4585627228732476e-05,0.007481616503130374,-7.911140295677805e-05,0.0065347225993229825,-3.3633460689050686e-06,0.0036485588238958236
DHRS4|DHRS4L2,0.00012629408763433246,0.0027062312952556397,-2.9367211974431113e-05,0.0021950443914206404,-8.429007308252382e-06,0.004081364526774921
DIAPH1|DIAPH3,1.4074734677008766e-05,0.0017059835568201008,6.106931841697799e-05,0.002164260461983566,0.00018690869060449748,0.008515393538354343
DMWD|WDR20,6.433053156096941e-06,0.0018796762269522752,2.9793948009078825e-05,0.0012711431470254805,1.0475953375243479e-05,0.0005111385191684078
DMXL1|DMXL2,-0.008755891627974025,0.003698624803785002,-0.010514218446014233,0.004465150340262019,-5.734390113010863e-06,0.002574142330315967
DNAJA1|DNAJA2,0.0001753693352701042,0.005744164099173507,2.0165423169380167e-05,0.007708861472066514,3.0636795473940356e-05,0.006395513461166431
DNAJB12|DNAJB14,0.004711284176738275,0.001970927166898436,0.0024635119011791485,0.0012078502503875578,-2.1110920000065438e-05,0.0014389470248448485
DNMT3A|DNMT3B,-1.9166929829395052e-07,0.001703557612375555,-2.4558871036408265e-05,0.003595921071607983,-2.8635856659705212e-05,0.002270264019643694
DPF1|DPF2,6.798330746311964e-05,0.0040311955321249435,9.496440452246476e-06,0.002989718848382979,-4.754891081189107e-06,0.0016017270639299191
DPP8|DPP9,-7.648124302971225e-06,0.0019178461268303483,4.812006845443066e-06,0.0013706150001431341,1.0886032139056923e-06,0.0012670863446100596
DUSP16|DUSP8,-6.097769511224464e-06,0.002756192459258561,4.7239342142642765e-07,0.0007051708168958954,1.9456469823297038e-06,0.0008700543516382725
DYNC1LI1|DYNC1LI2,1.007191091454788e-05,0.0016489315616235638,-2.0090990348892783e-05,0.00302680776302719,7.2178888627248844e-06,0.0018342700607737884
DYRK2|DYRK3,8.561353159282205e-06,0.0021396464930342677,-2.9864110961952406e-08,0.0011905635088552689,-6.728530489749948e-07,0.0007631157960405676
EHD1|EHD4,5.9082056269433985e-06,0.002529532253383557,-2.4899655989529197e-05,0.0021334954621917658,-1.5108794735032202e-05,0.0024714419968257396
ENTPD4|ENTPD7,4.691364549178993e-06,0.0024681146135723427,-1.1237735784538595e-06,0.002629698881070222,-8.998439640500733e-05,0.002747717341454301
EPN1|EPN2,-2.0144937153564345e-06,0.002095413999748824,-2.7303009421386637e-06,0.002327992094170809,9.09686162401144e-07,0.0024003391954701622
EPS15|EPS15L1,-5.980275905972017e-06,0.0014338052873961863,-6.14909993294314e-10,0.0010202744226233366,-5.84358668730288e-06,0.0019297976336800685
ERLIN1|ERLIN2,0.00010257114908447508,0.002504216558526734,-7.259920306465957e-05,0.0018658516949250378,-2.565190145758758e-05,0.0020239307271747034
EVI5|EVI5L,-1.7522116031793493e-05,0.0013541985610650317,5.3622238004961504e-06,0.000656258996192586,3.7314130508188846e-05,0.0023768555078853733
EZH1|EZH2,1.1661778036187176e-05,0.002578754166448117,-2.108880401869357e-06,0.0012066007829179186,8.59369802242191e-06,0.001168162572004656
EZR|NF2,-2.410142079262465e-06,0.0006126831993782585,1.254625554240422e-05,0.0007133197267930548,-2.921573826249499e-05,0.001600868640792196
FAHD2A|FAHD2B,-8.1793853093062e-07,0.0010723212395918507,-8.124713249396059e-06,0.0026860341070104486,4.695195661918388e-05,0.0019537865520153855
FAM117B|GLCCI1,-5.473230165181333e-06,0.0021244538555226927,-9.140824714478882e-07,0.001268568503532607,-1.864993613483036e-05,0.0006912974596234248
FAM160B1|FAM160B2,-4.5037217610264e-05,0.002100796832391857,-2.2379997055566037e-06,0.0013240179160760822,1.568770835277801e-05,0.002396513646995658
FAM200A|FAM200B,-1.4170892760777419e-07,0.0003983037747313521,-2.0276691161345377e-05,0.002121893832656715,-9.66108230941577e-07,0.0006327451944661053
FAM76A|FAM76B,-3.139475647999842e-05,0.0012566243387810438,-2.4172227947100782e-05,0.0009714344618743507,-9.030968707036803e-06,0.0013109651780827002
FGFR1OP2|SIKE1,4.739453338494268e-05,0.0013326144700198722,2.776797535381576e-05,0.0026080789154216875,3.0509054822741577e-05,0.0006220938270511701
FLOT1|FLOT2,-1.1743932776910512e-05,0.0019025865959141415,1.4628587206688692e-05,0.0015429770336688163,-7.2382914656622515e-06,0.0016016655215253866
FN3K|FN3KRP,-9.79932111214474e-06,0.0019707449030677915,2.509023739151924e-06,0.0012460507638908701,6.626823441391008e-06,0.0006188790281568212
FNBP1L|TRIP10,-1.528745829870109e-05,0.0023745958415131788,-1.2919002248975823e-05,0.002515103656281764,-2.687274673372918e-05,0.0020279592832648376
FNDC3A|FNDC3B,-2.4037808607921263e-05,0.0018682762124264249,7.017743053209452e-05,0.001997139803022337,-1.853676814213741e-05,0.0011026241391502009
FNIP1|FNIP2,-6.01498029985227e-06,0.0012182455606244672,-6.613066673464038e-07,0.0005478833930185556,5.478271837972004e-07,0.0006114617304540882
FXR1|FXR2,-2.2028334294216864e-06,0.0009358460287698594,-1.4971735785265474e-06,0.0018213012255360313,1.930906293838112e-07,0.0011604952261917902
G3BP1|G3BP2,-4.459206265988724e-06,0.0022758884376693346,-0.0001076731325776027,0.0021857637935180814,-1.0268469845463467e-05,0.001194261554568153
GABARAP|GABARAPL2,-1.0868587975828816e-06,0.0015261971964535136,-2.2347705923833e-05,0.003767638852579712,-5.343994665189965e-05,0.0026271995760447577
GANAB|GANC,-5.631778316454265e-06,0.0018699776610184365,-3.8410771621082914e-07,0.0024018766411262535,1.948328710063871e-07,0.0013039084748632998
GFOD1|GFOD2,0.00010049390125553097,0.0031441222065990634,-6.38501488067458e-06,0.0009112422865618572,-4.077080389885042e-06,0.0013095738209526373
GGA1|GGA2,0.0026293270487740363,0.002376061138032752,0.0013612305727757007,0.0024944473632272372,0.00198624721954614,0.0022141899765554178
GGA1|GGA3,-0.002641488061135742,0.0029990204872099827,-0.001378647849914344,0.0013010410714114128,-0.001970630679488559,0.0035003826826830882
GIGYF1|GIGYF2,-6.42900969222781e-05,0.002616432110708252,-9.493135508215684e-05,0.0033415299316406884,-6.755368607729634e-05,0.0047057216893919025
GIT1|GIT2,-1.1854609971168668e-05,0.0039012251076404637,6.596931779045658e-05,0.0022895069930262174,8.487593241374775e-05,0.0033392628547971918
GLB1|GLB1L,-5.0957521283068804e-06,0.0034502306809645797,4.963561501409987e-06,0.0015810453534410847,2.0263086477859127e-05,0.0021201189312544696
GNA12|GNA13,-3.209157865526212e-05,0.0024639951472582764,-5.840130364220202e-06,0.0018056498209028614,1.4581480672868414e-05,0.0025908349966974995
GNG10|GNG5,0.007212828283019781,0.003333522279428257,0.006026733031537494,0.002573195972480026,2.9389104135949897e-06,0.002540696732680391
GNPDA1|GNPDA2,-5.457106249730072e-06,0.0028402128885895972,-8.827696821570955e-06,0.0010640392068902002,-1.0330191362505841e-05,0.0008767791050443381
GOLPH3|GOLPH3L,-2.7134717366619456e-06,0.0013486154214447667,5.239445196275925e-06,0.002123838012302876,-1.8292584264278933e-05,0.0023226462576486223
GON4L|YY1AP1,-5.726765469760759e-06,0.0022980127155556936,-8.423178901345585e-06,0.0021887850752050813,-0.0001461606313734012,0.0029880714818179594
GOT1|GOT2,4.988878477091285e-05,0.0074883875113013025,4.668795938568405e-05,0.003189983190843362,-5.923998433721773e-06,0.0019084725557096732
GPR107|GPR108,-2.8252434874133834e-06,0.002079961098460628,-1.0465952411664592e-07,0.0008752554389456753,1.8199731370247922e-06,0.0005829372031555604
GRK2|GRK3,2.603053300716868e-05,0.003465530537386935,-1.1688411395399667e-05,0.0018596745544305448,-0.00030846634586819164,0.002324776213119783
GRK4|GRK6,3.879903322552404e-06,0.0012640118151136456,-3.3335419495813165e-06,0.001948333837904193,1.1755945207411435e-06,0.0009167585884284018
GSK3A|GSK3B,6.08710132086897e-05,0.003333628913815627,3.444173187159036e-05,0.0024977536344885534,0.0001465927362123852,0.0022470071290264784
GTF2H2|GTF2H2C,2.1335265119881708e-07,0.002111171035245116,-3.410580411752443e-05,0.0035574403468697216,2.017159313194572e-08,5.0692587489369156e-08
HDAC1|HDAC2,0.0002733152682293886,0.006125231444649099,5.108270461293757e-05,0.00858670179690284,-5.633448136218207e-06,0.005093153136569873
HDAC4|HDAC5,5.209487457385414e-05,0.003232929282489455,-8.556797780862047e-06,0.0018007212456549592,-5.490921332960512e-06,0.002368390969478268
HERC3|HERC4,-0.005210781645081161,0.003304275214970596,-0.005581492160306904,0.002349585890591915,5.700869431582742e-06,0.0017308210496499246
HEXA|HEXB,-4.791758626104197e-06,0.00169903433596355,1.8041328979133562e-05,0.0014350786270388202,-1.1806744526793619e-05,0.0007063138914748145
HINT1|HINT2,3.4363475291491565e-06,0.0026623078595203057,-1.2834528918968956e-06,0.0018944794472523928,-3.205363792962835e-05,0.002474130983467147
HIPK1|HIPK3,1.2131924836878477e-06,0.001219954164996157,5.304697669298062e-06,0.0009309653833040038,-6.409418473802337e-06,0.0011384427830336363
HIST1H4H|HIST4H4,-1.7487850124946964e-05,0.0016987555175415555,-2.3719178653221053e-05,0.0016707646310826633,-5.027830485790055e-05,0.0020101171792466983
HIST2H2BE|HIST2H2BF,-9.978137212624898e-05,0.0035825666076809773,3.174632374082035e-05,0.0034179900713179447,-1.210662344672881e-05,0.001371036470578583
HMG20A|HMG20B,1.570295871114612e-05,0.0033326528365260214,1.1337770497670449e-05,0.0015394717651057155,3.5653796784616367e-06,0.0029056634122590426
HNRNPF|HNRNPH3,-3.3899588469002736e-05,0.002493931775297276,7.573667042866846e-07,0.0012221080739440323,-1.2191077390249432e-05,0.0016910205334880273
HSP90AA1|HSP90AB1,2.4127157263070182e-05,0.007645978939229891,0.00034077721514488846,0.005803157397119896,0.0001474368939490853,0.007583430075701102
IFRD1|IFRD2,4.3707331303747637e-07,0.003119166891765635,-1.4917754233438144e-05,0.0023572386947844992,-4.522060648511535e-06,0.0011646133452862134
ING4|ING5,-0.007004048109920849,0.0037029658652918255,-0.0018061087713392371,0.0013615912250480346,6.860670555735982e-05,0.0031718243131585062
IP6K1|IP6K2,2.3261202328564127e-05,0.002154385181861015,1.6625365167117273e-06,0.0024939080219094426,5.630052372790042e-06,0.002353857293293724
IQGAP1|IQGAP3,-4.047436912019142e-05,0.001979503329512694,-1.6217099385965976e-06,0.0005813152822824522,-2.000659281671381e-06,0.0014582127279472229
IRF2BP1|IRF2BPL,0.00010215598636512113,0.0025600188011156303,-3.543848275793423e-05,0.0016870609027246119,-8.776599803571008e-05,0.0013646764387684196
ITSN1|ITSN2,-1.9341457968095426e-05,0.0015560355580688735,2.128476751809025e-05,0.0012576170455505843,9.543783128574e-05,0.0025992999837886306
JAK1|TYK2,2.0627845890763214e-05,0.0026086897011785787,3.20645128146147e-05,0.0008274108438725359,2.757510109252052e-05,0.0010105938561773317
JOSD1|JOSD2,3.60194815580972e-06,0.0012108331969270109,1.0036376671407332e-07,4.4961479659385965e-08,-8.048856042821203e-07,0.0018989960821478259
JRKL|TIGD2,-1.0860653172810473e-05,0.0037380849517251154,-3.998517469771164e-06,0.00231945502867975,-4.47180910893235e-06,0.001132084963613717
KAT6A|KAT6B,1.258544108401205e-06,0.00324598504923065,-2.3075459349976752e-05,0.0029367278610492025,5.816486167123072e-07,0.0021895442550017106
KATNA1|KATNAL1,-2.5992911874532048e-05,0.004974518857257464,-2.5079640987394716e-06,0.0014998073741640079,-2.6486155922942716e-05,0.0016914558751581561
KBTBD6|KBTBD7,-1.3466177446454694e-05,0.0013879919759405184,4.911541237921184e-06,0.0027809450308234128,-4.147187284822551e-06,0.0013451418417403393
KCTD17|KCTD2,0.0027587610244426807,0.0023671215838104226,-0.0010749311562665534,0.0013228582615090608,0.00030542888940555187,0.001588781789736242
KCTD2|KCTD5,-0.0027946418895358712,0.0017873028192582066,0.0010515724436704127,0.0019409445951850549,-0.0003372780623456806,0.002018438675777429
KDELR1|KDELR2,-4.649764868136816e-05,0.005265719771782537,-5.456264979898497e-06,0.005386111208095995,-9.635625094943521e-06,0.005550426601752201
KDM5A|KDM5B,-3.7525053297623704e-05,0.001755662602459132,-1.893873763979105e-05,0.002321486210042454,1.9193222622214556e-06,0.0012446567733365164
KIF3A|KIF3B,5.324844487581168e-06,0.0015334589386062157,8.38638379558085e-06,0.0014132992874492864,7.442718377901398e-06,0.001263545433280898
KLC1|KLC4,0.0002324862821463658,0.005710250641446836,1.8704038368487958e-05,0.0018457996170785707,1.6711655465980375e-05,0.0016874486023986006
KLHL17|KLHL20,1.0783076601881022e-05,0.000913286759778262,-7.005098999436478e-06,0.0019010207374837297,-3.426296631652158e-06,0.0005274585634702661
KYAT1|KYAT3,0.00012120695704545857,0.001954602857728256,6.001995971981663e-05,0.0019144384884849973,7.350468562508341e-06,0.0019373210964780084
L3MBTL2|MBTD1,6.06009833060201e-06,0.002561344909111395,1.2400439073985877e-05,0.0023256630084546,1.0826385152913466e-05,0.0014145199391671461
LATS1|LATS2,-8.077941589082328e-05,0.0028995435221624353,2.530587450771023e-05,0.0010156790237450216,-1.9539338366582183e-06,0.0013028482255723558
LIN7B|LIN7C,2.3212818351378254e-05,0.0022975479831175752,-8.035973226714096e-06,0.0015771103278651329,-1.636002927816861e-05,0.001661495125676118
LMAN2|LMAN2L,-2.0410961899438216e-06,0.0008940704194496545,-2.0925108266493334e-07,0.001093537306949624,-6.78685147106586e-07,0.0010740779025808472
LMBR1|LMBR1L,-1.4223960056734665e-05,0.001335469695785401,-1.039048997285451e-05,0.0015184237032134793,-1.4023442741607619e-07,0.0015452346364812045
LMNB1|LMNB2,-4.166655093309737e-06,0.001322378721507588,3.3278360702615165e-05,0.0017889244847540645,-4.744597173509144e-06,0.0011510393544783295
LPIN1|LPIN2,4.701753878461674e-06,0.0038455659553721312,-6.928969051791152e-06,0.002051509864975072,5.629878265909895e-06,0.0028250941752020705
LRBA|NBEA,2.6179955036555642e-05,0.0028198108190178634,-0.00011763948248866285,0.00496023736673293,4.084769068837196e-05,0.002745985745716959
LSM14A|LSM14B,3.5616641725232256e-06,0.002202728015347212,3.0381201703338296e-05,0.002291367948927843,-3.688884105373935e-06,0.001080836148083707
MAFG|MAFK,1.000264921169336e-07,0.0,-4.252838559093419e-08,0.0,3.949432558769672e-09,0.0
MAP2K1|MAP2K2,0.00013635038554507154,0.007894094188091108,-1.0531646087996727e-06,0.0038702572658601796,-1.773225790055455e-05,0.0065235358019667365
MAP3K10|MAP3K11,0.0017221608291234122,0.00548643645550865,-0.0010798162474976061,0.0045840733208237765,0.004727273207607176,0.004658375099189377
MAP3K10|MAP3K9,-0.0015337034151184077,0.002560102379051335,0.0010788900151504448,0.002531727473457454,-0.0046824419773079246,0.002414911982997469
MAP3K2|MAP3K3,-6.637263578774933e-05,0.0018845592709941343,-3.3536801955255965e-05,0.0020501166365968202,1.4163416245352137e-05,0.0009034018766967901
MAPK11|MAPK12,-2.7253894161751045e-05,0.0016376017721894177,-1.037855066624016e-06,0.0012748448796505764,-1.0338665757719183e-05,0.0020674745885638245
MAPK1|MAPK3,2.8453335813012472e-05,0.00340440530681656,4.43859219223735e-05,0.004882931406405749,2.013240245682699e-05,0.002778885315194784
MAPK8IP3|SPAG9,-4.973778128866062e-06,0.0014015961230262127,3.5087777234870605e-05,0.002438754920059412,9.435337199224328e-06,0.0018130364832631687
MAPKAPK2|MAPKAPK3,-3.5918034183301776e-05,0.00548090134862676,-1.0991036079493107e-05,0.0017734050505978135,3.209363495931816e-07,0.000565919478191933
MARK3|MARK4,1.382915489959539e-05,0.0008621733816453333,-9.115557237470027e-06,0.0006444570464107669,-2.428067305857182e-07,0.0011014901633129971
MBD2|MBD3,-1.1634605297646447e-05,0.00224430002077633,-1.4622247199632307e-05,0.00441055868160309,1.7896258230250723e-06,0.0014513856672198745
ME2|ME3,-5.303654211221944e-06,0.0013272097070568419,-2.5293372353703734e-06,0.0014082675859380983,1.4465218539434005e-06,0.00166683790274244
MED13|MED13L,-1.6529142496649978e-05,0.0016288940718314734,2.7743050876420186e-06,0.0009343194894283663,2.768331397087456e-06,0.0013684718868648435
MEF2A|MEF2D,9.944009159616894e-06,0.00305246230115389,1.9077872448715185e-05,0.0011499181156558501,-8.146945800230343e-06,0.0023843894019950104
METTL2A|METTL2B,9.14416809301664e-05,0.0029298040521394796,3.324163065519957e-07,0.002011968734773758,-1.4618753949127088e-05,0.002732233890622741
MEX3B|MEX3C,0.0024089888489046913,0.002603805606500652,0.0029297065339726975,0.001646650998927655,0.002146264650196014,0.0024137764073657387
MEX3B|MEX3D,-0.002423963228748051,0.0034363468958186496,-0.002930023629935299,0.001796980126101902,-0.002128480929206533,0.0019122710503120886
MFAP3|MFAP3L,0.00010665816497339319,0.001955486067691623,0.000151808796973657,0.0020633043262239556,4.3993892558946394e-05,0.001777373119906893
MFSD14A|MFSD14B,1.812808126128471e-06,0.0005391481168324869,2.7626624362185142e-05,0.0012170738755508692,4.790456029284746e-05,0.0015264585784836124
MKNK1|MKNK2,0.0003392235879631901,0.002579499607720583,9.748837832451112e-05,0.0015752768771684243,1.9815028529277894e-05,0.001443216958479095
MOAP1|PNMA1,-1.1896827999988454e-05,0.002596106363801737,1.0073880763769892e-06,0.001468368392767225,-5.672198716848308e-07,0.0022003662436482305
MOB1B|MOB3A,8.482956602449502e-06,0.0013224219761763568,-3.3676782578428988e-06,0.0008892062674615447,-6.689951959769809e-06,0.0009672922021235722
MPP2|MPP6,1.216628846240538e-05,0.0018333762448547188,-3.36059703207973e-05,0.0022776827221386146,-1.9988799529185248e-05,0.0018023207144054931
MPST|TST,7.583309704518716e-05,0.0014159398177980547,-8.987801522993463e-06,0.0028981375750972344,1.4620087096687027e-06,0.002898784621062658
MRFAP1|MRFAP1L1,-8.757648882097415e-06,0.0022662695032704115,2.7430428922663944e-06,0.0022683538353314905,-4.006126018412597e-06,0.00256993496101237
MTHFD2|MTHFD2L,1.082747711211708e-05,0.001812400111570907,-2.495712204465662e-06,0.005287982531359475,-2.951022738754817e-06,0.0018109992824634786
MTMR3|MTMR4,2.8411367633994027e-05,0.0023680774844271947,-6.49728679876412e-07,0.0013907815211130347,-2.3705702525035467e-05,0.0018874600053238766
MYL12A|MYL12B,0.00016588288702835193,0.004786764892691165,0.000895645071196287,0.006014394082515946,7.897046704781551e-05,0.011732773992781272
MYL6|MYL6B,-0.00011176622911825295,0.003254032394786556,-1.1743013180989495e-07,0.0007603966378937168,-3.047994751305868e-06,0.0014629428492837734
MZT2A|MZT2B,-1.0476704684347915e-08,4.84681778537851e-08,5.999815523571872e-08,5.22906652368245e-08,-4.083926585796149e-09,3.477060562965301e-08
NACC1|NACC2,-9.832309404171778e-06,0.0021088697538291005,-3.075084644338058e-05,0.0015888189799017141,-1.0774836159734476e-06,0.0016185123462819546
NAP1L1|NAP1L4,-4.483235167001183e-06,0.0022973160827614286,2.7991161037478464e-07,0.0009972266776780696,4.311798648519593e-05,0.006834259740120523
NDFIP1|NDFIP2,-8.855911086899648e-05,0.0014909651889818119,1.4483001477334007e-06,0.0005579997832767627,1.3300312466008354e-05,0.0014079777901108417
NFIA|NFIC,9.930806675128517e-07,0.0015826708001414106,4.949250635036879e-06,0.0022884238998431613,-2.1346982672458084e-06,0.0011129468557270802
NIPSNAP1|NIPSNAP2,2.9501238782849655e-05,0.0017282887375458455,-2.6769009529118795e-06,0.0017220776927056904,9.182725884497126e-07,0.0007002307892776114
NKIRAS1|NKIRAS2,-5.216171981786083e-07,0.0014809203683881428,-1.0172811090595571e-05,0.0019905748503470017,3.1858591313506226e-07,0.0016065883545613089
NLN|THOP1,0.000258659991744485,0.002683000513638009,-3.381252918188693e-05,0.0021130658315463118,-4.306187099257292e-05,0.003353969704767808
NME1|NME2,2.3977242267260907e-05,0.0022826688979847953,-1.0054000521943681e-05,0.0014941762188960853,1.0861851262148089e-05,0.0020153156829642773
NOTCH1|NOTCH2,-1.8245114531580274e-05,0.0026737225343497996,-1.6968847084473476e-05,0.002328324102795704,-8.044004930307349e-05,0.004187479598617667
NR1D1|NR1D2,8.944099144536489e-05,0.0015715670424410035,-2.9952856906753644e-05,0.0013879149869880404,-2.007557810812059e-05,0.0006164172560627917
NR2C1|NR2C2,4.9496410698252366e-05,0.003651136295614957,4.4265058663598795e-06,0.004078836275590375,-3.663783748620216e-05,0.002602127075073075
NT5DC2|NT5DC3,-3.264464756840465e-05,0.001762441697290172,4.9721258228142056e-05,0.0010966353666570516,7.089980637332387e-06,0.0008813666281884438
NUCB1|NUCB2,3.676948265780392e-05,0.00116886758508165,-4.525281450155442e-06,0.0010684297411699523,-9.624906663449308e-07,0.0007791554820238174
NUMB|NUMBL,3.0667120176152632e-06,0.003081635109646747,7.193437781810585e-05,0.0015996160779549336,6.5264847949855455e-06,0.0016069908768324185
OAZ1|OAZ2,-1.0812107841328936e-05,0.0018274783250886066,-3.2472104171661474e-05,0.003857636244586492,1.0539787102001627e-05,0.003918416611803478
ORMDL1|ORMDL3,-0.0007731202819190782,0.0010157860721869585,-0.000299876929231548,0.0020939593736996366,0.0039061386754022883,0.0012513764227152528
ORMDL2|ORMDL3,0.0006967225417653254,0.0024186294249348567,0.00029352309655396774,0.0026418773764537258,-0.003806876596010931,0.001965035455554226
OSBPL3|OSBPL7,3.136548828018405e-05,0.002294140337797091,6.350342952874153e-05,0.0019252465557501302,2.242166118738657e-06,0.0018588808755163775
PABPC1L|PABPC4,9.422539377385636e-05,0.003511986477518295,0.00012373360002006537,0.002814723494629306,6.3721498198277e-05,0.004044315059915259
PACS1|PACS2,2.7900075744744267e-06,0.002198417880460124,7.1553620835662635e-06,0.0021317812870649032,2.6013617260166476e-06,0.003441056138921112
PACSIN2|PACSIN3,2.9225350370232836e-06,0.0031311780719413713,-1.107196318604157e-05,0.0029516321978981233,-1.9965619083952186e-05,0.0015594690422733944
PAFAH1B2|PAFAH1B3,8.97048668053704e-06,0.0013555440602378017,-7.279723916206768e-06,0.002290282851504006,9.769356512630124e-07,0.0029716834024171614
PANK1|PANK3,0.00017763595166909852,0.003836745246562713,0.0009157238368656303,0.0033007037331343548,0.003244486058244773,0.0015702331653466163
PANK2|PANK3,-0.00019804941105891483,0.003600631398973905,-0.0009289846278450661,0.001958633604238737,-0.003213259577861582,0.0024724217885417716
PAPOLA|PAPOLG,5.020081966338679e-05,0.0035008473780432253,3.6097970581590776e-05,0.0033401936326814216,1.952191165761742e-06,0.003661749641967627
PBX2|PBX3,0.0006989685260225484,0.001850642165367708,0.0018951803814932716,0.0029995120697172283,-0.0002125401575969774,0.002228459570594505
PBX2|PBX4,-0.0007246565396231835,0.0031480859651283927,-0.0019657086726521853,0.0017181416875031428,0.00021736731152750667,0.0006585596094075892
PCMTD1|PCMTD2,-2.6539048588770158e-05,0.004379388865746023,-1.5058413486414754e-05,0.0023637107963910926,-1.4923579525925725e-05,0.0008190742812313923
PCNX1|PCNX3,4.4765118425250166e-05,0.0027236796923284824,-6.744376904963915e-06,0.001966487045097094,1.6933403050828663e-05,0.0014297154059602108
PDIK1L|STK35,-5.591159033840887e-06,0.002671808337611755,-6.5116464986670405e-06,0.002475999995817746,-1.5220283015360577e-05,0.0016842614182080338
PHLPP1|PHLPP2,-3.3289146338100206e-06,0.001338299161451857,-1.9279171198834564e-06,0.0022195014420236534,2.6893241240564616e-06,0.0008739271277402966
PHTF1|PHTF2,0.0016132838789576097,0.0033924521846235645,-0.0023682791532063006,0.0016688134348129807,3.355015664313621e-06,0.0012135983370458253
PIP5K1A|PIP5K1C,0.0004522258184186513,0.004377017153025002,0.00010115180474040697,0.00220518409464683,0.00031322659882370644,0.004803633923044266
PITPNA|PITPNB,-1.4089166120050894e-05,0.0018111288259004613,-2.214038303669261e-06,0.00716316249447236,-4.328705866469643e-05,0.0035521790117320627
PITPNM1|PITPNM2,3.234077930711374e-06,0.003392974301351118,3.6877688358983985e-06,0.0011511926423471604,4.998783556730187e-06,0.001097495166933395
PKN1|PKN3,0.00692452154192811,0.003964364351322563,0.005110929041150488,0.004120062989627382,0.00767066287024867,0.003845963110289616
PKN2|PKN3,-0.006740616455881504,0.0028562005593104826,-0.005146897680113193,0.0021907376056835093,-0.007627442143573002,0.002758243653393788
PLCD1|PLCD4,1.9507497722423858e-05,0.0022497135832335673,4.130328514009543e-06,0.0010655453571401573,1.979781288642525e-06,0.0009323194698886303
PLEKHF1|PLEKHF2,3.1638589313000132e-06,0.003540743636466401,-1.9293012119238186e-05,0.0024881843409333315,1.3287257977902101e-06,0.0012889752394115714
PPARA|PPARD,3.00749367802509e-05,0.002508304162315969,2.9142471432183933e-05,0.00162867838016922,-4.7672292941738914e-05,0.0027680994756740145
PPIP5K1|PPIP5K2,2.8273259952325052e-05,0.0021014091496821155,6.387111516607351e-05,0.0022450610369241764,-4.542109432915788e-06,0.0016953477972499519
PPM1A|PPM1B,6.364640342249348e-05,0.0029466565780967196,-2.9411330117838177e-06,0.0011029690180812501,-5.1121856573914846e-05,0.001027865820242706
PPP1CC|PPP2CB,5.993324536657241e-08,0.0016221861078125955,2.4300701542628248e-06,0.0018960052590787004,6.481798557765749e-09,0.0015522265910345092
PPP3CA|PPP3CB,0.0009705798327206478,0.002414165672315988,-0.0006256547178435825,0.00169097349628625,-0.0006814176686877863,0.0019104707348401124
PPP3CB|PPP3CC,-0.0009082465011997468,0.0027344289788900104,0.0006285183584661526,0.0011767861297317353,0.0006572410092891571,0.0007439193213524558
PRDX1|PRDX3,-4.443244621053931e-06,0.001920257163317658,-1.978374681558629e-06,0.0008946790458202829,-3.918002670099612e-06,0.002575488038740638
PRKACA|PRKACB,-5.217051627164225e-06,0.002375212626459351,6.336995307088595e-06,0.0025036693747358227,2.3730524601213904e-05,0.002905853601872469
PRKAG1|PRKAG2,1.8720209651009363e-05,0.002537803362252121,-1.3781505617498234e-05,0.0019207445525665527,8.706785953530952e-06,0.0014698139577617945
PRPSAP1|PRPSAP2,3.10592669760292e-05,0.0019066165195193079,-9.316564627579213e-06,0.0017535419754367238,1.5673612413009192e-06,0.0009145637630370984
PSEN1|PSEN2,6.011011357652683e-06,0.0019855332882574594,4.524647884366104e-06,0.004164769386879461,-1.0591823925647996e-07,0.0009755366377173372
PTP4A1|PTP4A2,-2.7030386166794946e-05,0.0027601059785232187,-5.373902993787643e-06,0.0031190863549162705,1.8938088603919706e-06,0.005207235408161974
PUM1|PUM2,1.966554300657693e-05,0.0009374896250111877,-0.0005828069152734532,0.0026446059497989135,-7.335152251253869e-05,0.0019855442254619548
PURA|PURB,-9.44497157109561e-06,0.0021903981590175813,2.4118220059571316e-06,0.00043943985021922577,1.6227477489703473e-05,0.0015382219909712738
PYCR1|PYCR2,9.98889697688194e-05,0.005367398165557341,-0.00014544194343722882,0.004532022842060484,4.245801715080069e-06,0.0015913215658474868
R3HDM1|R3HDM2,-7.429011686685724e-07,0.002104846880463444,-4.1095444390052784e-08,0.0016919557214581473,2.7266885332943858e-08,0.0012724242645417013
RAB40B|RAB40C,2.8316379861957158e-05,0.0018818494406091567,-2.296210408540062e-05,0.0033212851190469405,6.2023447080027874e-06,0.0021734835606763716
RABL2A|RABL2B,-8.250550329571807e-07,0.0008001713024250733,-1.2918834184330287e-06,0.0008691569486901912,6.5052273871793155e-06,0.001574641571228525
RAD23A|RAD23B,-0.00016341986887884495,0.004118545660461302,-4.393962321035579e-05,0.0023678838126254594,-5.886021063106206e-05,0.0029756642212163424
RALGAPA1|RALGAPA2,-3.0190161323944326e-05,0.0018904814341441807,-4.4741084974946205e-06,0.002812790801013882,1.1179085880087043e-05,0.001334199312317673
RALGPS1|RALGPS2,2.2846954370779143e-05,0.00244696895624796,-4.8669598211993475e-06,0.0030922630488346824,-7.582655250344528e-07,0.001373306947979035
RANBP10|RANBP9,2.1107632460708952e-07,0.0008133459713618966,-5.320854713929278e-08,0.001442844278022652,3.045420921554687e-07,0.0015599317773264507
RAPGEF2|RAPGEF6,-9.03393858964516e-06,0.0005924563555252492,-7.954119242842284e-06,0.0016964606179057503,9.026396072686934e-06,0.0013608085309594847
RARA|RARG,-0.0020811883777755863,0.0017801738178200824,-0.006688472681634392,0.003137682062809092,-1.1195244394719848e-05,0.001162569315624318
RBL1|RBL2,-3.406724027459063e-05,0.001877594314745278,-0.00015734773069454096,0.002419823667663492,0.0002155738023097462,0.0027166255047550935
RBM4|RBM4B,1.5241701560123981e-06,0.002337670240120724,2.8973950140632877e-05,0.0030380088371073787,2.940686271367861e-05,0.003100824509814697
RBMS1|RBMS2,-1.6522123214756596e-05,0.0013363540256550335,2.977421464528704e-05,0.002023454756317898,2.0406450224979803e-05,0.0014086437275498806
RC3H1|RC3H2,4.8763363587087415e-06,0.003718129557933892,-3.4300836268911596e-06,0.0027692515798774606,-1.2558865278930772e-05,0.0029633712761399232
RCBTB1|RCBTB2,4.532098276076621e-05,0.0017999457797420024,-2.6517526784890994e-05,0.0028432629011716287,-1.8706486869534936e-05,0.0023412109928969546
RFX1|RFX2,2.914453134345481e-05,0.0035557986246180467,4.567598821972021e-06,0.0012870027010254657,8.858600074752711e-06,0.002008227884353567
RHOC|RHOG,-7.038753143358741e-06,0.001733304392411288,-1.6131044029464735e-05,0.0011917885057656685,7.345286443197516e-06,0.001861603065940801
RIC8A|RIC8B,-1.099386252431204e-05,0.0029919338329977793,2.6836257072408875e-06,0.000847329068367935,9.649562320650383e-06,0.0009785362583155065
RING1|RNF2,-2.2300170375542166e-05,0.0025063209872909767,-2.1408684104091815e-05,0.0023923176729268364,-2.84254633982813e-06,0.001483209016209069
RNF122|RNF24,-1.4791049936777045e-05,0.0026057330068497576,-6.659880731557038e-07,0.001480289090333254,-7.811561486270602e-07,0.0006128972435300152
RNF185|RNF5,-1.2442037428483007e-05,0.0009903680483067867,7.981386420352004e-06,0.0014482749967054374,9.141442167229847e-06,0.0008053280792313078
RNF19A|RNF19B,5.9373687499839375e-05,0.0037343703530456104,-2.45521414413758e-05,0.0007580173535335678,-1.2312257852600816e-05,0.001426651699243227
RNF38|RNF44,9.929012691427727e-06,0.0015818983025579446,-2.7284252357552397e-06,0.002343398537712416,1.1955514114607589e-05,0.00137055827495885
ROCK1|ROCK2,-0.00022251178673492807,0.003381273190573883,0.0008086040088097676,0.0027371492980886917,-0.00041872509857189083,0.004326878025133008
RPS6KB1|RPS6KB2,3.057476231632044e-06,0.001068225707337418,-7.731046402913937e-06,0.002264132652966465,1.9976575848636003e-06,0.0007170708204096059
RSBN1|RSBN1L,1.1746822757628209e-05,0.002329405871680769,-2.8752914740535578e-05,0.003161485848863435,2.716506498048579e-06,0.0019426229258636644
SAFB|SAFB2,7.665598267483303e-05,0.003158263391668617,0.00011123708071797411,0.0028371146848630933,6.377883252870846e-06,0.0018018186375007214
SAP30|SAP30L,1.5916327350931933e-05,0.00186000063081871,1.5690077853111606e-05,0.0010009574013257446,-3.3515120106023287e-06,0.0013863974008897495
SAR1A|SAR1B,4.328355970413379e-05,0.006148544812794097,-3.8105766008828595e-05,0.003156234489038701,9.901002325810038e-05,0.003276704491347542
SBF1|SBF2,-1.408970025970624e-06,0.0019595621292321317,-1.7270648787996877e-05,0.0013531038107188445,3.2051810798223844e-05,0.0035045070808030023
SCAMP2|SCAMP3,0.0002448732417779607,0.004456820720680472,4.6077332141247454e-05,0.002964294721500884,0.00012233377067191124,0.003190550260867506
SCRN2|SCRN3,9.311249270631415e-06,0.0022191927592131286,-8.753464381178805e-07,0.0005102699039855233,-1.5555606576110757e-05,0.0015690188628200033
SEC24A|SEC24B,-1.214855226741893e-05,0.006919333970460778,2.0704706990846516e-05,0.006727053553842891,3.155720069258905e-06,0.006456016676466605
SEPT11|SEPT8,-6.6469625036684006e-06,0.0018824450478496196,-3.342475376099293e-05,0.0013787675102087443,3.135044123929299e-05,0.003392031729280066
SERINC1|SERINC3,2.0194541796824612e-05,0.0022003182950060284,-1.8092434393311862e-06,0.0015260357939099018,3.3922866387438145e-06,0.001384389704536275
SESN1|SESN2,2.2872083152282297e-06,0.001423270211393394,-3.5027853849308363e-06,0.0016068363140142154,-1.8782411478924604e-05,0.0019633549085198137
SFXN1|SFXN2,5.0991395411956496e-06,0.0030671439968319655,-0.00012843970459514638,0.001842660498161976,-2.779293040865315e-06,0.0012518176235194168
SGTA|SGTB,7.818116876757215e-06,0.0013378297819855558,-8.358214282152185e-06,0.0008877653997777972,-9.489247444834556e-06,0.002426502649936172
SHMT1|SHMT2,-1.7798172567640158e-05,0.0022228182868853047,7.239797897588983e-06,0.0006907431968171485,-7.198736072997234e-05,0.0016611301719849322
SIPA1L1|SIPA1L3,-3.105698112725196e-06,0.0024749304407258033,1.6886584434105956e-06,0.0014752640493480402,-1.6752589536258823e-06,0.0016139757952735752
SLC12A4|SLC12A6,8.340691811878046e-06,0.0015970166129784709,-2.8994665434465026e-06,0.0008742754041755008,8.01175754410219e-06,0.0031895506818768052
SLC25A23|SLC25A25,-0.0016990018960084457,0.003569520389346738,-0.00040996174336479444,0.0023074355326786035,0.0020044229846539873,0.001642372858477439
SLC25A24|SLC25A25,0.0016147918457453145,0.00372220319116823,0.00041411355824147765,0.0030488778726560917,-0.00200059667340184,0.003529179645530742
SLC25A33|SLC25A36,-8.487438794031897e-06,0.0017594869853251316,-1.1094229442876808e-05,0.0012770507674148418,-5.795522569754858e-05,0.003249864519373674
SLC36A1|SLC36A4,1.2869013667322133e-05,0.004043505618052264,-4.2833227877995633e-07,0.0010163873419810538,9.241858743800717e-08,0.0003094036728509336
SLC41A1|SLC41A2,-0.002337570190538667,0.00339594149240502,0.0025273647630156904,0.0018408651545116454,0.0008372364220529178,0.0012036254780932263
SLC41A1|SLC41A3,0.0023405803018554613,0.003771022055657013,-0.0025460710727845236,0.0021445538634884964,-0.0008522666093632262,0.0017168111453879531
SLC4A2|SLC4A3,3.4294625113289366e-05,0.0022662781885680813,2.7992676033608554e-05,0.0012010171841795444,1.1977843739676326e-06,0.0017215038287449467
SMAD1|SMAD2,-2.1546464569327825e-05,0.0016652003670348968,4.651058874661897e-06,0.0018404192544189473,1.9512639614114067e-06,0.0004942864117424832
SMAP1|SMAP2,1.2238312760118021e-06,0.0013936509475519076,-6.697684244037925e-06,0.0020330034354574087,-8.856951602902945e-06,0.0010389486190512161
SMARCA2|SMARCA4,8.89004273873136e-06,0.005364870732989107,8.680182435085664e-05,0.0030900344182747974,0.0001660920213893814,0.003091014389769951
SMARCC1|SMARCC2,-1.4979630216183093e-05,0.004322303401158906,-4.19123089604888e-05,0.0045143787963192825,-5.7708623755379586e-05,0.003943973846248478
SMARCD1|SMARCD2,6.661045542938646e-06,0.0029715745728700173,6.226156486912388e-05,0.002587424080267786,5.327601134231314e-06,0.0026871765330519362
SMURF1|SMURF2,-7.812809046054476e-06,0.0011995577758054756,3.463286009438201e-06,0.0009405903559846816,-3.853196549299634e-07,0.0010455475229807685
SNTA1|SNTB2,-2.712006889443113e-06,0.0037764849326662356,4.330802299686483e-06,0.003183425989189128,-8.474550259759653e-06,0.001989108906515698
SNX1|SNX2,-1.1613559573029711e-05,0.0024045688468463163,-2.7743952262993596e-06,0.0016954887401600298,1.2729709938467484e-07,0.0011736302300000554
SNX5|SNX6,-4.821602982718301e-05,0.0020416640889911616,-1.588202635878037e-05,0.003063249159278774,6.455795951863951e-07,0.002233209504880738
SOCS4|SOCS5,4.6849952192531655e-05,0.0017990100775329533,7.728992402697113e-06,0.0026878312520028694,-5.297997706007103e-06,0.0015873011234579554
SPOP|SPOPL,-1.2951119812220573e-05,0.003102815857689466,-5.797408475258534e-06,0.0028648568392825816,7.649262549403519e-06,0.0035666500390342695
SPRED1|SPRED2,-2.5198769355567875e-06,0.0008532639090479081,1.5779002174925078e-05,0.0015892569037601865,5.333807818101875e-06,0.0009069211098893784
SRSF4|SRSF5,6.414028000332874e-06,0.0023412243150752595,3.681036534752824e-06,0.0009923643793213113,2.8578517287041686e-06,0.0010768510308064763
SS18|SS18L1,5.918199163742415e-06,0.004284018412987624,-8.03631084361304e-06,0.002055417561958003,-1.0783673596475215e-05,0.0017674247645797529
STAM|STAM2,1.0796872874036585e-05,0.0026090661101044084,-1.9016269452036088e-05,0.002140015716091086,1.4035050047178026e-05,0.0024089511956244102
STAT1|STAT3,-8.437341041158304e-05,0.003200617816136238,5.396739540499931e-06,0.0031215236095430768,-1.723813950170615e-05,0.002048525261239533
STK17A|STK17B,6.814405495052707e-06,0.0016367543185274735,4.631165541329412e-06,0.001078380735792482,-1.0503102404124972e-05,0.001648664632796419
STK38|STK38L,4.619484628725264e-05,0.002104844776791738,1.4325857056373619e-05,0.0014648546599194572,-1.2795782433519839e-05,0.0013862692176244541
STX10|STX6,1.0244757487235277e-06,0.003509032653750003,4.645909020301042e-06,0.002152536508427174,1.490321702094572e-06,0.00247582992242532
STX12|STX7,-1.0569096847943642e-06,0.0011401046049188425,3.0262913025426903e-05,0.003312635570822906,3.721198487957908e-05,0.002834629758793379
SUCLA2|SUCLG2,-0.0001498985616247777,0.0029880535039084376,-2.862717667652238e-06,0.0008812678413601836,-2.0303124722369072e-05,0.0015712136315088746
SYNGR2|SYNGR3,-5.170383085740002e-05,0.0022593464855090836,-1.1161968118002704e-05,0.0023381121274757785,-2.119977931977182e-06,0.0012779951631120125
TBC1D15|TBC1D17,2.13311066012905e-05,0.0013106402444865107,2.1378470018241285e-05,0.0016421462157670522,-8.270847060747198e-06,0.0017157819953764982
TBC1D22A|TBC1D22B,-1.8083194011367684e-05,0.001891666496997624,-5.832865952305601e-06,0.001182498237254924,1.776994428704289e-05,0.0025654416359615385
TCF12|TCF3,-2.288567919957956e-06,0.0022087479331070973,-5.258080824324354e-07,0.0019727572070216163,-8.70862865819373e-05,0.0036832221789101205
TESK1|TESK2,-5.089900554226966e-05,0.002466566388245819,-1.3678661255342143e-05,0.0011572360413717334,-3.933708671528658e-05,0.0017672854459580062
TFCP2|UBP1,4.278001027584959e-06,0.0014986247397396615,-7.104439648590742e-06,0.0019183885684635421,2.3861493951375192e-06,0.0016631363105698265
TIA1|TIAL1,0.00015186399017466038,0.007171699182176068,-8.049466924023924e-05,0.0021493669078642727,-1.3433848924841883e-05,0.002611180835126361
TMED1|TMED5,9.001542099992204e-06,0.001563154498470827,2.397511996586764e-07,0.0012758830669138386,3.0551281793393205e-05,0.0024951865788096087
TMED3|TMED7,4.698880287510834e-05,0.002556475292518455,-2.349708424253157e-05,0.0019827072365757987,-1.735634098992689e-05,0.0018924233925637422
TMED4|TMED9,-3.3726388398146336e-05,0.005191825167826881,-7.245792996379841e-06,0.0043070535634400385,3.822654102069969e-05,0.005775933977058883
TMEM14A|TMEM14C,-0.005759486502466856,0.003856874437975277,-0.004713159438432412,0.001987264112488509,-0.005066313827138547,0.0011412428539909639
TMEM14B|TMEM14C,0.005890982001633622,0.001969962534842417,0.004706123264597847,0.002027465141715283,0.005075474377526715,0.0015008807302746366
TMEM170A|TMEM170B,5.619220920180215e-06,0.0008153861398536267,-1.944060298236177e-07,0.0008053041471618672,-1.2264421643397151e-05,0.0013673750592928093
TMEM39A|TMEM39B,-3.5686180488575525e-06,0.0009513209921285082,2.0881885451073945e-06,0.0029431931280538464,-1.0126120695656364e-06,0.0011423984019306211
TMEM50A|TMEM50B,-7.571802597355286e-06,0.0012552067171548009,-5.788058351743588e-07,0.0014529249490870823,9.307526033588668e-06,0.0011852252111263747
TMEM63A|TMEM63B,-5.2814690399439574e-06,0.0011951416126851988,-2.455718220439884e-07,1.9173440033521221e-07,-1.1408910869856181e-07,5.744825648947246e-08
TMEM87A|TMEM87B,-6.095278381847609e-06,0.0014679188602389891,1.0498309431718663e-05,0.0009396115476876746,-2.2801403942852695e-06,0.0008240609100547323
TNKS|TNKS2,2.74784331270872e-05,0.0055163325349290105,-0.00013073354085650944,0.0031727406999647653,-8.728557519429828e-06,0.0030214933620745614
TNPO1|TNPO2,-2.093131189157302e-05,0.001814871428406026,2.420795276431637e-05,0.002278300031412807,-3.3959910828687236e-06,0.0017597112257439393
TOB1|TOB2,-0.0001124526784604581,0.0021805574564661397,6.065043152283758e-06,0.0012712509406217433,8.60194539108646e-06,0.002268255793296889
TOM1|TOM1L2,-1.2391090284237361e-06,0.0023662892955487558,-4.9870304742571925e-05,0.0017509502464407916,-3.1555357911075245e-06,0.0014529059370788251
TOR1A|TOR1B,-5.830643667324874e-05,0.0014603471438413595,-1.4794584648810919e-05,0.0022173664241046985,-4.361709630719567e-05,0.0029850992185595266
TPM3|TPM4,-1.1423730933378242e-05,0.0013091041480825223,-5.5553315689294e-06,0.0012885523848452575,1.4648785293837495e-05,0.0017880885671867487
TRAK1|TRAK2,-3.152944445651408e-08,0.001153015394669519,-5.8102276466095075e-06,0.002352152428508478,-1.4132119794049713e-05,0.0016445286098103128
TRIM24|TRIM33,7.370451375772314e-05,0.0028198910134894497,-9.085796205022935e-06,0.0023271361404160807,1.2194929956930229e-05,0.0024545518793438292
TRIM34|TRIM5,-7.924114012685298e-06,0.0017981682874757261,-1.7766978126538948e-05,0.003242719922594829,-3.0393694873970564e-05,0.003265661275082466
TSPAN14|TSPAN17,1.5225199868003205e-05,0.0015796350271969355,-1.3317073374134274e-06,0.0009024960757820565,-1.6396151605674314e-05,0.0013055753624802702
TSPYL1|TSPYL4,-3.119987712048763e-05,0.0033565199404595784,-1.351877078567851e-05,0.00396079748055984,-1.1278268686502427e-05,0.0031289551493879513
TTC30A|TTC30B,-1.023487220948459e-05,0.0017966220021195822,-4.839813018344315e-06,0.0009061108496350085,-1.924881344021282e-06,0.0010223378690597223
UBALD1|UBALD2,4.0527850294601785e-05,0.0028498104093881544,1.4720806708652513e-05,0.0008434950210301479,1.529181684721702e-05,0.0024248415746083458
UBAP2|UBAP2L,4.886431163470447e-05,0.0025339675531530475,3.355009212824278e-05,0.0018038961970284976,-3.3596318114047385e-06,0.0008104577270482058
UBE2V1|UBE2V2,-0.0001427592998415297,0.0023971495023736166,-1.1312491942965735e-05,0.001061381827021204,-0.00022062958652720023,0.0028673560394774163
UBR1|UBR2,4.026865293078422e-05,0.0016023684020284987,-1.3504861815042772e-06,0.0011107273859839205,1.4487393327890076e-07,0.000975806290990031
UBTD1|UBTD2,2.6467598756481823e-06,0.003204831297990391,3.121121775041659e-07,0.0014840428857715818,-1.3604654260399339e-06,0.0007796543508933794
UCK1|UCK2,3.662170961228e-05,0.0056283366538716845,8.365357122039957e-05,0.003382388841190223,0.00026248824032645065,0.003872710186227977
UGGT1|UGGT2,-2.6067835960004912e-06,0.0012863643881525061,2.7059059467291234e-06,0.0011872844141175528,-4.670142561684508e-06,0.0009620125251656782
ULK1|ULK2,-3.9605284178220734e-05,0.002568112357737272,-0.00010774133340446214,0.0013038521336684178,-2.6600358998230916e-05,0.0018612392389099927
UNC119|UNC119B,-8.022205525188965e-06,0.0028383505970351504,2.5253307868452727e-05,0.0013904289943034527,1.2306476822564965e-05,0.0009295750183195774
UNK|UNKL,3.978217355540825e-05,0.0027008737070283507,-9.517213964595052e-06,0.0019088326137144172,-9.780016938058338e-07,0.0029700611611175043
USP12|USP46,3.227687034454727e-06,0.002068352402919051,2.5244448270924892e-06,0.001869307343141403,-1.0444289528075782e-05,0.0014158164784027628
USP15|USP4,-2.6136164388876647e-06,0.001522920191771827,-4.584152467398652e-06,0.0019238994461065729,-5.889577807557636e-06,0.002021335614459288
USP20|USP33,-1.143072165991447e-05,0.0024090030675427984,-2.211312866120468e-05,0.0021928990267086087,-2.385412068147007e-05,0.0016548349655346939
USP25|USP28,-1.8196349402219763e-05,0.001556042416061442,-5.959909343705716e-05,0.0018266087416454668,-8.776519252461861e-05,0.0018402881977157217
VAMP1|VAMP2,-0.00012341106586999848,0.0021717632087175764,-7.486928918044095e-05,0.002393398898910643,-5.500698051428801e-05,0.001391340341280244
VDAC2|VDAC3,1.279274196598469e-05,0.002874430895582685,2.517534643145833e-05,0.0032079348508450437,1.1942137726338946e-05,0.0034579300725015656
WASF1|WASF2,6.789264872300891e-06,0.0022193650307966058,2.085787882969179e-06,0.0020163613883814307,2.4410687101899467e-06,0.0012791011784835386
WDFY1|WDFY2,-2.917734778201675e-06,0.0008107359800176528,3.1039960056896315e-07,0.0013740134192018049,-1.083489948087219e-05,0.0014616531892607558
YIF1A|YIF1B,4.740693750524919e-05,0.0034278596829303933,1.673087034812874e-06,0.0007097301153671408,9.182039904252296e-06,0.0006266933689067155
YIPF1|YIPF2,6.217379399785999e-06,0.0036614650358611917,-3.8043439254321137e-05,0.004299930374540455,7.031160582339028e-06,0.001732207016463356
ZDHHC14|ZDHHC18,1.2122136792333845e-05,0.003011984477528371,8.564203595851083e-06,0.002895107200639406,9.53554370823463e-06,0.001232714738109455
ZDHHC3|ZDHHC7,-6.237680083236472e-05,0.0022699864641341377,-8.383860611160192e-06,0.0014098867437681035,-2.789212193173481e-05,0.0014530648122285164
ZDHHC5|ZDHHC8,-9.428052790940968e-08,0.0011362603550632425,-9.98431534943784e-06,0.0024187551843974442,-9.989866256881413e-06,0.0010569842969572894
ZFAND2A|ZFAND2B,7.120475971384032e-05,0.002320783327961288,-9.5038010261006e-06,0.0027631996264714004,-1.3998438543369462e-05,0.0012110854118259902
ZKSCAN1|ZKSCAN8,9.645414220561655e-05,0.002081335085049636,3.8263016948033825e-06,0.0012172411724449632,-5.42667673835151e-05,0.0018850416112496501
ZKSCAN2|ZSCAN29,4.851782459495506e-06,0.0019725968609229784,5.768632072681363e-06,0.0022051624446124125,-1.512802233552546e-06,0.0008844407628232756
ZKSCAN3|ZKSCAN4,3.177732099120719e-05,0.0012344644519140901,4.8025147674666625e-05,0.0012647155826524814,1.60465063690465e-05,0.0010796978910663604
ZMIZ1|ZMIZ2,-1.7210688798841023e-06,0.0017297475834386897,-5.7987273336945755e-06,0.003220724242567419,2.7474856921132372e-05,0.003909732810906477
ZNF133|ZNF169,-4.347462616263422e-06,0.00196738009408658,5.077641381538865e-06,0.0014330941037860555,-9.62697495731573e-06,0.0015574696201508358
ZNF136|ZNF627,-5.604113979794224e-05,0.001734307256986137,3.459313604980049e-05,0.0025461327835683174,-1.645755142705892e-05,0.0017739527793573175
ZNF143|ZNF76,-6.135584139846384e-05,0.002723613469794908,0.0006636869623118811,0.0061133911462397834,0.0002741068923108479,0.004573308321848978
ZNF181|ZNF302,5.2768345818089544e-05,0.0026992924257320905,2.1608382173472e-05,0.0019199598944531341,4.598619594357712e-05,0.0023994715882326824
ZNF26|ZNF268,4.206879537371755e-05,0.0014353771519539503,1.437262828227512e-05,0.0016642271112013527,-1.0807658129244026e-06,0.0015473498993645327
ZNF286A|ZNF286B,1.6446037276421355e-05,0.0017569143927954561,2.895581050174006e-05,0.002061556938824947,1.5865595144631817e-05,0.0016289171999653578
ZNF324|ZNF324B,6.162940972983162e-05,0.0017549578550591337,2.7375448678942e-05,0.001803216796367346,6.79688287922833e-06,0.0012597769226560872
ZNF354A|ZNF354B,3.1738906477502916e-05,0.0025062707201744397,3.262031268861746e-06,0.0019047336951696703,7.960644534624503e-06,0.0011809488701551851
ZNF419|ZNF773,-1.7854757532805794e-05,0.0012246628954458469,1.0723884142178743e-05,0.0021646846902341793,1.5893960334538592e-06,0.0013932403501051537
ZNF524|ZNF581,-0.000727941052306749,0.003413440514090649,0.00016453672378502173,0.00424140148517146,-0.0030124347994300244,0.0031457275976235575
ZNF552|ZNF587B,9.022182216842429e-06,0.0021867071649648213,-4.249430664904352e-06,0.0016552267877819413,-2.4086478800329953e-05,0.0010293012755795792
ZNF555|ZNF77,-2.0519480608688356e-05,0.0030901882949559236,1.8940988231587309e-06,0.0015742694090782987,-9.564067749019843e-06,0.001458996652364128
ZNF557|ZNF558,-2.381677092351696e-06,0.0029525159938321695,1.2738773477941981e-05,0.001573800587506491,2.4906107871133787e-05,0.0010579061635112934
ZNF561|ZNF562,2.0489071905614258e-05,0.0016398233531199286,-3.326508682175803e-05,0.0030235142785062837,-5.4005847733459536e-05,0.002720414234362823
ZNF580|ZNF581,0.0010949470445116988,0.003994658440309234,-0.00027788328118065014,0.0029898622808107274,0.004253373640276048,0.002162218849479417
ZNF600|ZNF611,1.5820996162969738e-05,0.003309289877895374,7.076794716673021e-06,0.0011315107851428761,4.6180453584941814e-07,0.0018049246570731152
ZNF619|ZNF620,1.3243104683609749e-05,0.0011131685899286989,-4.1834544599106405e-05,0.0020857043794397165,2.0273859079406042e-05,0.0007983157140159095
ZNF747|ZNF764,0.004170285143281829,0.005413533988956637,-0.004081175332364913,0.00349727470542018,-0.0009133052597306036,0.003658313448008432
ZNF764|ZNF785,-0.002761231553886947,0.004150917671745941,0.0027281710824116285,0.0015690527631045804,0.0006152312060901974,0.0020982794582017424
ZSCAN21|ZSCAN30,1.2035018882639026e-05,0.002534536363223225,1.2465245886266679e-06,0.0018561831633699011,-9.92731607319756e-06,0.0015988836079859994
ZSWIM4|ZSWIM6,4.78482578889633e-05,0.0024646119424426164,2.212838205090723e-05,0.0023971323093488575,-1.651935590262098e-05,0.0016041492868828931
