gene_pair,SL_score,standard_error,Gene 1,Gene 2
AARS|AARS2,-0.09721158889704369,0.012486399017489918,AARS,AARS2
AASS|MCM2,-0.021288713813847022,0.004409631107601567,AASS,MCM2
ABCB6|ABCB7,-0.049233821837344365,0.0044797704268904935,ABCB6,ABCB7
ABCC12|NOP56,-0.020359303675629256,0.005346760596867327,ABCC12,NOP56
ABCF1|ABCF3,-0.01731681906585549,0.0066404504513538146,ABCF1,ABCF3
ABHD12|ABHD12B,-0.0406473036601016,0.005152719510541279,ABHD12,ABHD12B
ABL1|ABL2,-0.0066850485510566325,0.005075333924481888,ABL1,ABL2
ABL1|EGFR,-0.04121770010588416,0.005173036995071588,ABL1,EGFR
ABTB2|BTBD11,-0.0514266708483012,0.0071363541263630495,ABTB2,BTBD11
AC002398.9|PSENEN,-0.07659297025408394,0.00786211091052486,AC002398.9,PSENEN
AC007040.11|TEX261,-0.04391997585628765,0.006482713149664312,AC007040.11,TEX261
ACAA1|HADHB,-0.06355450269089456,0.008001961667415831,ACAA1,HADHB
ACACA|ACACB,-0.02711847312012994,0.004871293287224429,ACACA,ACACB
ACE|CTD-2501B8.1,-0.05652546530574241,0.00872256628878329,ACE,CTD-2501B8.1
ACN9|FANCI,-0.04431572711921982,0.0077509879977772315,ACN9,FANCI
ACSF2|ACSF3,-0.049665379471071774,0.006620839011003231,ACSF2,ACSF3
ACSL3|ACSL4,-0.06876120184604408,0.007329631423588698,ACSL3,ACSL4
ADAM10|ADAM17,-0.021181467553991938,0.006503277356935416,ADAM10,ADAM17
ADAMTS12|SNRPB,-0.035773116540404215,0.007187894065897493,ADAMTS12,SNRPB
ADAMTS19|DSN1,-0.024525634957890667,0.004070759764914505,ADAMTS19,DSN1
ADAMTS20|ARPC1B,-0.04164605924097604,0.0053678835835552045,ADAMTS20,ARPC1B
ADAMTS20|CSDE1,-0.01897405456785175,0.006777478001298902,ADAMTS20,CSDE1
ADAMTS20|ENOSF1,-0.05069699283417108,0.007848532367159853,ADAMTS20,ENOSF1
ADAMTS20|RCAN3,-0.03557574431970551,0.006905337624389425,ADAMTS20,RCAN3
ADAMTS20|SKAP2,-0.03394012612736176,0.008535030628601241,ADAMTS20,SKAP2
ADAMTSL1|ADAMTSL3,-0.034528415753975604,0.00440876520369569,ADAMTSL1,ADAMTSL3
ADAP1|ADAP2,-0.05350290358022416,0.005741641329501538,ADAP1,ADAP2
ADIPOR1|ADIPOR2,-0.043765720173920636,0.005661324391320666,ADIPOR1,ADIPOR2
ADSL|RP5-1042K10.14,-0.04472270302266261,0.008861155082890374,ADSL,RP5-1042K10.14
ADSS|ADSSL1,-0.04753780912503955,0.00864144975667648,ADSS,ADSSL1
AFG3L2|SPG7,-0.04164273150388941,0.007554732336694896,AFG3L2,SPG7
AGFG1|AGFG2,-0.043878365175446445,0.007003356054577493,AGFG1,AGFG2
AHNAK|EXO1,-0.046529088646575956,0.005622227999835007,AHNAK,EXO1
AHNAK|NCAPH,-0.03504629940671458,0.0037532172724750617,AHNAK,NCAPH
AHR|AHRR,0.0441106086907621,0.010710734901689473,AHR,AHRR
AK2|AK8,-0.03177454422785007,0.00426587229985185,AK2,AK8
AK3|AK4,-0.008842995288556603,0.011596325834572672,AK3,AK4
AKR7A2|CYP11B1,-0.04829317910011526,0.005456896860793102,AKR7A2,CYP11B1
AKT2|EGFR,-0.03064849831788603,0.006004670351947735,AKT2,EGFR
ALAS1|ALAS2,-0.07212318963051793,0.010663556686493972,ALAS1,ALAS2
ALCAM|EXO1,-0.019838716819523327,0.005339512389701048,ALCAM,EXO1
ALKBH3|DSN1,-0.036534563876750574,0.0048276388381173424,ALKBH3,DSN1
ALKBH3|EXO1,-0.04480398110945255,0.005783013909395551,ALKBH3,EXO1
ALKBH3|NCAPH,-0.036208073131966834,0.006512971864397787,ALKBH3,NCAPH
ALKBH4|ATR,-0.09634600895230966,0.010938470146843505,ALKBH4,ATR
ALKBH4|FAM111A,-0.03827190390649887,0.006076116442568497,ALKBH4,FAM111A
ALK|LTK,-0.0366066471301753,0.005910522579845161,ALK,LTK
AMDHD2|RP11-20I23.3,-0.037517082584710905,0.006461204751055168,AMDHD2,RP11-20I23.3
AMOTL2|ASPM,0.09236626402891876,0.006694332340424129,AMOTL2,ASPM
AMOTL2|CDC25C,0.1225426020755984,0.004708672337571595,AMOTL2,CDC25C
ANKRD11|ANKRD12,-0.04606081724727274,0.006823870356953572,ANKRD11,ANKRD12
ANKRD55|INVS,-0.040953324437381255,0.006201132372030655,ANKRD55,INVS
ANKS4B|USH1G,-0.06373468124978598,0.00531632022962151,ANKS4B,USH1G
ANKS6|KIDINS220,-0.04890926280761759,0.005237177829053822,ANKS6,KIDINS220
AOX1|XDH,-0.04682862132777254,0.005625807463165362,AOX1,XDH
AP000304.12|ATP5O,-0.05784502073806331,0.010545886488050129,AP000304.12,ATP5O
AP2A1|AP2A2,-0.05203835948352373,0.00795136556954684,AP2A1,AP2A2
APBB1IP|RAPH1,-0.01720653713175553,0.006132214612972116,APBB1IP,RAPH1
APC|APC2,-0.027054257621638732,0.003662356485847635,APC,APC2
APH1A|APH1B,-0.057575207952866,0.005638183328431725,APH1A,APH1B
ARFGEF1|ARFGEF2,-0.06849933321998257,0.007218583839177464,ARFGEF1,ARFGEF2
ARFIP1|ARFIP2,-0.048745962421420784,0.004227251176406364,ARFIP1,ARFIP2
ARHGAP10|CYP11B1,-0.02959471166346837,0.004371583466570536,ARHGAP10,CYP11B1
ARHGAP20|TAGAP,-0.021537686944972104,0.003753473181166324,ARHGAP20,TAGAP
ARHGAP35|ARHGAP5,0.0753508251015634,0.009480455075434263,ARHGAP35,ARHGAP5
ARHGEF10|ASPM,-0.050617933856875234,0.005708788453943559,ARHGEF10,ASPM
ARHGEF10|EXO1,-0.04389861700017855,0.00437475660524096,ARHGEF10,EXO1
ARHGEF11|ARHGEF12,-0.05757739662001974,0.010355643428647105,ARHGEF11,ARHGEF12
ARHGEF2|TP53,0.19555853880207522,0.010128875259614976,ARHGEF2,TP53
ARHGEF3|NET1,-0.0277213228761192,0.002940572291112116,ARHGEF3,NET1
ARHGEF6|ARHGEF7,-0.02527704361161661,0.004734477088108218,ARHGEF6,ARHGEF7
ARID1A|ARID1B,-0.0397749905475353,0.0057980463527025645,ARID1A,ARID1B
ARID4A|ARID4B,-0.05452854098189872,0.008656673295729757,ARID4A,ARID4B
ARL6IP5|ASPM,-0.0318862284026561,0.003927706662948803,ARL6IP5,ASPM
ARL6IP5|PRAF2,-0.036370410012093936,0.005122002393772395,ARL6IP5,PRAF2
ARNTL2|DCTPP1,-0.047525419549458686,0.006193315248132923,ARNTL2,DCTPP1
ARNTL2|TYMS,-0.04247377634252596,0.00891153076584528,ARNTL2,TYMS
ARPC1A|ARPC1B,-0.05605049478710187,0.006859895978997182,ARPC1A,ARPC1B
ARPC1B|ASPM,-0.05717988264371932,0.0057988554830477,ARPC1B,ASPM
ARPC1B|BRIP1,-0.02720782038432487,0.006256442546202838,ARPC1B,BRIP1
ARPC1B|CDC25C,-0.041551693934680826,0.004903706004599039,ARPC1B,CDC25C
ARPC1B|CDT1,-0.020131372306921243,0.005741322838218354,ARPC1B,CDT1
ARPC1B|CENPE,0.003718916866646694,0.007704624756617653,ARPC1B,CENPE
ARPC1B|CENPQ,-0.0425905921696465,0.006521427225579993,ARPC1B,CENPQ
ARPC1B|EXO1,-0.05064358311005071,0.006576339576931813,ARPC1B,EXO1
ARPC1B|KIF15,-0.04516738464639764,0.005395943856162509,ARPC1B,KIF15
ARPC1B|L2HGDH,-0.042150827639922415,0.006344176634849782,ARPC1B,L2HGDH
ARPC1B|MND1,-0.0524991052065687,0.006977323659742701,ARPC1B,MND1
ARPC1B|VRK1,-0.037294177614747744,0.0065334285933094,ARPC1B,VRK1
ARPC5|ARPC5L,-0.053853772917682986,0.007497183548112937,ARPC5,ARPC5L
ARRDC2|IQGAP3,-0.05272783102280661,0.005482245255567101,ARRDC2,IQGAP3
ASAH2|ASAH2B,-0.02139770994300072,0.00597995087650659,ASAH2,ASAH2B
ASCC3|SNRNP200,-0.06344881774327382,0.010475799595323628,ASCC3,SNRNP200
ASF1A|ASF1B,-0.09111186869811799,0.006388349923534681,ASF1A,ASF1B
ASPM|CASKIN1,-0.02338432027672892,0.006215848786516601,ASPM,CASKIN1
ASPM|CCND1,0.004359083271548673,0.006170088070500885,ASPM,CCND1
ASPM|CPPED1,-0.033429658078107,0.008178749763509918,ASPM,CPPED1
ASPM|CYB5A,-0.02759701822057744,0.006559508210293781,ASPM,CYB5A
ASPM|DBNDD2,-0.03570169874023642,0.00538190535386898,ASPM,DBNDD2
ASPM|DCP1B,-0.030436395423448368,0.005626078145969636,ASPM,DCP1B
ASPM|DNASE1L3,-0.031986658007868284,0.005521143307885204,ASPM,DNASE1L3
ASPM|DPP7,-0.03270289798937918,0.005093133986335431,ASPM,DPP7
ASPM|EAF1,-0.0025405935278193926,0.0064151731530384185,ASPM,EAF1
ASPM|ECHDC1,-0.03734839699959529,0.007306171015503436,ASPM,ECHDC1
ASPM|EPAS1,-0.028662887168122486,0.007285074522770574,ASPM,EPAS1
ASPM|ETFB,-0.025812430750906046,0.004856558385395815,ASPM,ETFB
ASPM|FANCM,-0.018244093836273966,0.005316713192771423,ASPM,FANCM
ASPM|FXYD5,-0.02974862081565839,0.005062546338763441,ASPM,FXYD5
ASPM|GNB5,-0.040064492256238884,0.005945604156195505,ASPM,GNB5
ASPM|INPP5K,-0.028681655168917564,0.006610658267023423,ASPM,INPP5K
ASPM|IVD,-0.0304538304741253,0.005056082438769795,ASPM,IVD
ASPM|LAMB2,-0.02911811793249943,0.005119682419318518,ASPM,LAMB2
ASPM|LYSMD2,-0.037410867060452054,0.005711122178358105,ASPM,LYSMD2
ASPM|MLH1,-0.03304098307161164,0.004888888286144081,ASPM,MLH1
ASPM|MLKL,-0.03496899082135388,0.005830991684350582,ASPM,MLKL
ASPM|MOCS1,-0.02679358933345805,0.00447778986804277,ASPM,MOCS1
ASPM|MVP,-0.035043127577856555,0.005542125551464583,ASPM,MVP
ASPM|MYD88,-0.025553989304045045,0.005537533431225149,ASPM,MYD88
ASPM|NAGPA,-0.02881129647881956,0.005636535689893984,ASPM,NAGPA
ASPM|NCEH1,-0.02404066422276365,0.005496768267111111,ASPM,NCEH1
ASPM|NEK6,-0.030866002512263558,0.0058628080223219895,ASPM,NEK6
ASPM|NME3,-0.029568838685662,0.004075362283561404,ASPM,NME3
ASPM|NNT,-0.018319919333094584,0.006025012997788285,ASPM,NNT
ASPM|NPDC1,-0.024917088476017,0.006024818489350962,ASPM,NPDC1
ASPM|OSBPL10,-0.03834260162668524,0.0052845722310075754,ASPM,OSBPL10
ASPM|OXCT1,-0.033430143538521154,0.005862141847668711,ASPM,OXCT1
ASPM|PAM,-0.02203614273083028,0.006353254935567175,ASPM,PAM
ASPM|PARP3,-0.03652237015729126,0.00531630130654486,ASPM,PARP3
ASPM|PHF11,-0.027874198968977356,0.004883966235535022,ASPM,PHF11
ASPM|POLL,-0.03147892629126006,0.0038587922398933077,ASPM,POLL
ASPM|PRICKLE4,-0.02414803629212876,0.0059591292820754494,ASPM,PRICKLE4
ASPM|PTPRS,-0.03016805429353166,0.006177153129760112,ASPM,PTPRS
ASPM|RIN2,-0.026168019364113535,0.006741005380855714,ASPM,RIN2
ASPM|RNF135,-0.022838044328974964,0.006720850323247711,ASPM,RNF135
ASPM|RRAS,-0.032877707605192784,0.006557090652393361,ASPM,RRAS
ASPM|SERPINB6,-0.017922663423586626,0.00428321640243771,ASPM,SERPINB6
ASPM|SFXN3,-0.02421045374370855,0.004793671099725378,ASPM,SFXN3
ASPM|SMARCA4,-0.04135169221321736,0.004959521200417286,ASPM,SMARCA4
ASPM|SPIRE1,-0.029043314243720336,0.008018948925416948,ASPM,SPIRE1
ASPM|STK11,-0.024569424370992993,0.006000658289497208,ASPM,STK11
ASPM|SUSD1,-0.027238353291448605,0.0048505522628591695,ASPM,SUSD1
ASPM|SYDE1,-0.03256514773239696,0.004730491948683825,ASPM,SYDE1
ASPM|TBL3,-0.026021075392939366,0.005541134707527441,ASPM,TBL3
ASPM|TCEA2,-0.036462062387941335,0.0060459627007821825,ASPM,TCEA2
ASPM|TEX264,-0.028305463050559507,0.0056677493400627095,ASPM,TEX264
ASPM|TGFBR2,-0.025817586669637547,0.005362698754688631,ASPM,TGFBR2
ASPM|TNFRSF12A,-0.024758818499629826,0.005309997393726727,ASPM,TNFRSF12A
ASPM|UBE2L6,-0.02502526131726221,0.00478057565853528,ASPM,UBE2L6
ASPM|ZNF597,-0.03197214724014879,0.004541729112449086,ASPM,ZNF597
ASPM|ZNF747,-0.03140906965420752,0.008903417599607806,ASPM,ZNF747
ASPM|ZNF785,-0.034107432489958234,0.006301354566701535,ASPM,ZNF785
ASRGL1|TASP1,-0.05448776828513193,0.0051454286679743074,ASRGL1,TASP1
ASTN2|DSN1,-0.03867060008847868,0.004815973494342506,ASTN2,DSN1
ASXL1|ASXL3,-0.03194917321520513,0.006223600119463437,ASXL1,ASXL3
ATAD2|ATAD2B,-0.020872566688804647,0.0071652711331851625,ATAD2,ATAD2B
ATF7IP|ATF7IP2,-0.02309958344084813,0.0057388066968962715,ATF7IP,ATF7IP2
ATG2A|ATG2B,-0.02887040698716602,0.005275508492878842,ATG2A,ATG2B
ATM|PARP1,-0.06582172194079514,0.008138048181799244,ATM,PARP1
ATN1|RERE,-0.045471067359936085,0.005315706825416492,ATN1,RERE
ATP10D|EXO1,-0.008367507598263014,0.004657470666830925,ATP10D,EXO1
ATP10D|NCAPH,-0.02118837083665376,0.004603563435754294,ATP10D,NCAPH
ATP6V0E1|XPO1,-0.06308203056412214,0.013460197245450703,ATP6V0E1,XPO1
ATP6V1B1|ATP6V1B2,-0.0997339502998071,0.0102721262401273,ATP6V1B1,ATP6V1B2
ATP6V1C1|ATP6V1C2,-0.09762164561036066,0.007064677512353996,ATP6V1C1,ATP6V1C2
ATP6V1E1|ATP6V1E2,-0.0654805456030007,0.008606490880525714,ATP6V1E1,ATP6V1E2
ATP7A|ATP7B,-0.027865728141663156,0.0036391495545650696,ATP7A,ATP7B
ATR|KRAS,-0.07442131266472911,0.008675146418176748,ATR,KRAS
ATR|MYC,-0.12110143141277147,0.009325472174968449,ATR,MYC
ATR|SNRPB,-0.0881674263290316,0.01274352119941373,ATR,SNRPB
ATR|TP53,0.18976261637939146,0.019574803240470538,ATR,TP53
ATXN1|NCAPH,-0.03856574199366354,0.006701992440830429,ATXN1,NCAPH
ATXN2|ATXN2L,-0.04070266896247479,0.008449155568592322,ATXN2,ATXN2L
AURKA|EGFR,-0.0173486469320967,0.004753116710540693,AURKA,EGFR
AURKB|MYC,-0.0690141803881975,0.013009189141062926,AURKB,MYC
AXIN1|AXIN2,-0.03339424092100717,0.0070831407245840914,AXIN1,AXIN2
B3GALNT2|B3GALT6,-0.04284265595722985,0.004599633197095416,B3GALNT2,B3GALT6
B9D2|CENPF,-0.07819397102167679,0.005323327616026665,B9D2,CENPF
BACH1|BACH2,-0.020264133963950718,0.00535790896623439,BACH1,BACH2
BACH1|ZBTB44,-0.030879984003431317,0.006498198512875905,BACH1,ZBTB44
BAG3|BAG4,-0.04701911338182132,0.007035776038239663,BAG3,BAG4
BANF1|BANF2,-0.013474799934447454,0.004646497997223527,BANF1,BANF2
BANK1|PIK3AP1,-0.05731379256544109,0.008828600778231986,BANK1,PIK3AP1
BAZ2A|BAZ2B,-0.05452621102988212,0.005125845661626951,BAZ2A,BAZ2B
BBX|SNRPB,0.029206848434550507,0.011056292435988494,BBX,SNRPB
BCAR1|EGFR,-0.02717141182585619,0.007392808255396187,BCAR1,EGFR
BCL11A|BCL11B,-0.03482207212164916,0.004447552177317515,BCL11A,BCL11B
BET1|BET1L,-0.030594927533639436,0.015219402588863873,BET1,BET1L
BICD1|BICD2,-0.05767322981268027,0.006634097418288322,BICD1,BICD2
BIN1|FANCI,-0.056495917028390394,0.00655782466412919,BIN1,FANCI
BIRC6|CCNA2,-0.034509572486736494,0.011534593382507745,BIRC6,CCNA2
BIVM-ERCC5|ERCC5,-0.04294725031935313,0.008302961559315768,BIVM-ERCC5,ERCC5
BLVRA|CCNA2,-0.016722979085854392,0.006225224672493225,BLVRA,CCNA2
BLVRA|SNRPB,-0.038196702857207485,0.006579763501574866,BLVRA,SNRPB
BMP15|GDF9,-0.03061201095925639,0.004548099569852497,BMP15,GDF9
BMP3|GDF10,-0.05047585162895769,0.004620842581314485,BMP3,GDF10
BMP3|NODAL,-0.03370367536205041,0.007068817941721468,BMP3,NODAL
BMPER|KCP,-0.06156798490267472,0.007875892624658596,BMPER,KCP
BRCA1|PARP1,-0.05334328304298997,0.007739223611956532,BRCA1,PARP1
BRCA1|PARP2,-0.032378686175123406,0.004221510072879193,BRCA1,PARP2
BRCA1|TP53,0.21736573495201436,0.01495381069064346,BRCA1,TP53
BRCA2|PARP1,-0.06376980816747033,0.00709602941968746,BRCA2,PARP1
BRCA2|PARP2,-0.03386167696457489,0.006007799116336506,BRCA2,PARP2
BRD7|BRD9,-0.02842759772734471,0.004837248771881667,BRD7,BRD9
BRMS1|BRMS1L,-0.03727811756403884,0.0049778335179590585,BRMS1,BRMS1L
BSG|NPTN,-0.07257672741671098,0.0074616690911373075,BSG,NPTN
BTG3|BTG4,-0.023188330552787188,0.006767780978671986,BTG3,BTG4
BUB3|RAE1,-0.07059473547203461,0.008480545032188274,BUB3,RAE1
BZW1|BZW2,-0.038846606810338746,0.007842576986407912,BZW1,BZW2
CAB39|CAB39L,-0.049433748659396856,0.008547812876086663,CAB39,CAB39L
CACNA1C|SNRPB,-0.04428176261463164,0.005259333340168106,CACNA1C,SNRPB
CACNA1S|CCNB1,-0.039267533627312806,0.005440643920910275,CACNA1S,CCNB1
CACNA1S|SNRPB,-0.03696694042862602,0.004819250043445286,CACNA1S,SNRPB
CADPS|CADPS2,-0.013082160019064695,0.004125025048007757,CADPS,CADPS2
CAD|CPS1,-0.043841568171560846,0.006019224581304508,CAD,CPS1
CAD|FUT5,-0.048705341088107826,0.005754462139264884,CAD,FUT5
CALM1|EGFR,-0.0329558164680292,0.005644753509286432,CALM1,EGFR
CAMTA1|CAMTA2,-0.02761572522339411,0.00906053606764071,CAMTA1,CAMTA2
CAND1|CAND2,0.019660858096954646,0.009612506342273033,CAND1,CAND2
CAP1|CAP2,-0.06467898583333392,0.007511429637539131,CAP1,CAP2
CAPRIN1|CAPRIN2,-0.017613349541125194,0.004148939973119405,CAPRIN1,CAPRIN2
CARS|CARS2,-0.06651388388988358,0.009567091338335082,CARS,CARS2
CASKIN1|CASKIN2,-0.04944176671365807,0.006385471090104058,CASKIN1,CASKIN2
CAV1|NCAPH,-0.032695695567797105,0.004143450026270727,CAV1,NCAPH
CAV2|EXO1,-0.04219145022760113,0.005982794335468157,CAV2,EXO1
CAV2|NCAPH,-0.046154517800547475,0.005115430395880928,CAV2,NCAPH
CBX7|PRDM9,-0.024826098226742227,0.007124607500153979,CBX7,PRDM9
CC2D1A|CC2D1B,-0.03093993106104886,0.005612334370302357,CC2D1A,CC2D1B
CCDC109B|WBSCR16,-0.02691591611784097,0.00647253790713264,CCDC109B,WBSCR16
CCDC130|CCDC94,-0.034559594020792395,0.008197712727136234,CCDC130,CCDC94
CCDC85A|CCDC85C,-0.0722932700813868,0.008871783505987576,CCDC85A,CCDC85C
CCDC88A|KIF22,-0.02396856550577837,0.005729761849097169,CCDC88A,KIF22
CCDC88A|POP7,-0.003726828998780273,0.0068636823412059665,CCDC88A,POP7
CCNA2|EPAS1,-0.13082862032655215,0.007077178428386668,CCNA2,EPAS1
CCNA2|LPP,-0.133144840052151,0.006948608430202978,CCNA2,LPP
CCNA2|PCNXL2,-0.13799154463368601,0.008052429149183497,CCNA2,PCNXL2
CCNA2|TCEA2,-0.12520868092730184,0.006322406324870589,CCNA2,TCEA2
CCNB1|GRB10,-0.07102127044298705,0.006792138521006371,CCNB1,GRB10
CCNB1|NAV1,-0.0685437621897136,0.006182934337912138,CCNB1,NAV1
CCNB1|PLEKHO1,-0.0706133067025922,0.006253903192478314,CCNB1,PLEKHO1
CCND1|EXO1,-0.14626316220219382,0.005786848481052292,CCND1,EXO1
CCND1|KIF22,-0.12790887626695338,0.007482434811386013,CCND1,KIF22
CCND1|MCM7,-0.13406279256377698,0.005397032230915244,CCND1,MCM7
CCNE1|CCNE2,-0.03251025093126291,0.005594343426912174,CCNE1,CCNE2
CCNI|CCNI2,-0.06955495071700499,0.010401972533902607,CCNI,CCNI2
CCNL1|CCNL2,-0.044117057791424365,0.009747038176133158,CCNL1,CCNL2
CCNT1|CCNT2,-0.08299360046249792,0.009692195373456915,CCNT1,CCNT2
CCT6A|CCT6B,-0.01446270242760189,0.00285696111536815,CCT6A,CCT6B
CD2AP|SH3KBP1,-0.02900944261494362,0.007140912372574672,CD2AP,SH3KBP1
CD320|SMC4,-0.04970761659371523,0.006091636626092919,CD320,SMC4
CD44|EXO1,-0.07219537766709756,0.007292521749974673,CD44,EXO1
CD44|MCM2,-0.06299437293916016,0.005207267770274018,CD44,MCM2
CD44|NCAPH,-0.06034848318564663,0.005187531577540528,CD44,NCAPH
CD59|EGFR,-0.04405587392818431,0.0050052771662364,CD59,EGFR
CD9|NCAPH,-0.03067850557635743,0.006025330994675567,CD9,NCAPH
CDC14A|CDC14B,-0.03223312821305604,0.0070189504818688134,CDC14A,CDC14B
CDC16|KRAS,-0.0627981849656433,0.011015305303537785,CDC16,KRAS
CDC25C|CDC42EP3,-0.038627620753278136,0.004650944225286372,CDC25C,CDC42EP3
CDC25C|CDK14,-0.023074928875406374,0.004089605893857548,CDC25C,CDK14
CDC25C|CSRP1,-0.034647512760994946,0.0051905206551008005,CDC25C,CSRP1
CDC25C|CYBRD1,-0.024643493813829062,0.0044345352992422,CDC25C,CYBRD1
CDC25C|DBNDD2,-0.04184537847352827,0.007549344560080965,CDC25C,DBNDD2
CDC25C|EPAS1,-0.033356632229479356,0.00445462720814087,CDC25C,EPAS1
CDC25C|GRB10,-0.030264793114509626,0.004605518145715188,CDC25C,GRB10
CDC25C|LIX1L,-0.03417065321448859,0.005617979220390031,CDC25C,LIX1L
CDC25C|MYO1B,-0.030183567293022562,0.006010484232053371,CDC25C,MYO1B
CDC25C|NCEH1,-0.036828186838637735,0.005340497081217283,CDC25C,NCEH1
CDC25C|PFN2,-0.030307275463110007,0.006417950075823321,CDC25C,PFN2
CDC25C|PLEKHO1,-0.042142363814051204,0.005006980897618927,CDC25C,PLEKHO1
CDC25C|SCHIP1,-0.03620402832921268,0.0073009696278334354,CDC25C,SCHIP1
CDC25C|TCEA2,-0.03584332581771903,0.005032818713119212,CDC25C,TCEA2
CDC37|CDC37L1,-0.07749970996400704,0.01191036368288927,CDC37,CDC37L1
CDC42EP1|DSN1,-0.010403887228303517,0.004433958841465168,CDC42EP1,DSN1
CDC42EP3|FANCI,-0.07122561844352987,0.008964445726358445,CDC42EP3,FANCI
CDC6|KRAS,-0.0722399411753738,0.010090380977306876,CDC6,KRAS
CDCA7|IER3IP1,-0.07669198292404054,0.008477917408328902,CDCA7,IER3IP1
CDH9|DNMT1,-0.019787974245933135,0.005891380591840791,CDH9,DNMT1
CDK12|CDK13,-0.1016607068580042,0.01099671964867312,CDK12,CDK13
CDK14|NCAPH,-0.040189304881671786,0.006973467592432739,CDK14,NCAPH
CDK19|CDK8,-0.01992543622817542,0.004707263959807211,CDK19,CDK8
CDK1|MYC,-0.1083734958735568,0.009918328137265581,CDK1,MYC
CDK2|MYC,-0.12165338580086656,0.00908126645962139,CDK2,MYC
CDK4|KRAS,-0.0530855733721756,0.011660773380029132,CDK4,KRAS
CDK5R1|CDK5R2,-0.0396546874826395,0.006018023915671693,CDK5R1,CDK5R2
CDNF|MANF,-0.03349101209508315,0.005936532166551679,CDNF,MANF
CDS1|CDS2,-0.1197452547283303,0.009319677428805753,CDS1,CDS2
CDT1|EPAS1,-0.13328155231076028,0.006424290054014135,CDT1,EPAS1
CDT1|FXYD5,-0.10752995418020651,0.008256157895941602,CDT1,FXYD5
CDT1|SOAT1,-0.1334654188208488,0.005263999134462962,CDT1,SOAT1
CENPE|DBNDD2,-0.14061177402781358,0.006814649255443214,CENPE,DBNDD2
CENPE|S100A10,-0.12498991476595846,0.00795412989127672,CENPE,S100A10
CENPF|NLRX1,-0.07151586682846606,0.0071613650848578155,CENPF,NLRX1
CENPF|ZSWIM3,-0.07930085383749275,0.006831736744228253,CENPF,ZSWIM3
CENPQ|CYP11B1,-0.050945726372331,0.00808908300398529,CENPQ,CYP11B1
CEP170|SMUG1,-0.05760820951336686,0.008057559880127416,CEP170,SMUG1
CERK|CERKL,-0.026135125077300182,0.007152625894325361,CERK,CERKL
CHCHD10|XPO1,-0.0646962924694931,0.0138886559213564,CHCHD10,XPO1
CHCHD5|FLVCR1,-0.03457098954703187,0.011585632217079781,CHCHD5,FLVCR1
CHCHD5|SMC4,-0.054356002356030476,0.009737720364721536,CHCHD5,SMC4
CHCHD5|WDHD1,-0.011192974380775465,0.008693415256808529,CHCHD5,WDHD1
CHD7|GLRX2,-0.025932337321270368,0.004447999410097695,CHD7,GLRX2
CHD7|TYMS,-0.03599504783615878,0.004564146524572849,CHD7,TYMS
CHEK1|TP53,0.17037282715680133,0.02686742066326963,CHEK1,TP53
CHEK2|TP53,0.2110736722495823,0.025457236999690887,CHEK2,TP53
CHMP1A|CHMP1B,-0.0564775063808085,0.006352931978548905,CHMP1A,CHMP1B
CHMP2A|CHMP2B,-0.04518508413986469,0.008947332355087746,CHMP2A,CHMP2B
CHMP3|RNF103-CHMP3,-0.06390063136748113,0.011682572638995841,CHMP3,RNF103-CHMP3
CHM|CHML,-0.0672641801911488,0.00930318746674028,CHM,CHML
CHORDC1|ITGB1BP2,-0.03168363944743793,0.005156665032741961,CHORDC1,ITGB1BP2
CHRNA5|ELMOD3,-0.03079331807704065,0.004890619138570447,CHRNA5,ELMOD3
CHSY1|CHSY3,-0.05541485231217619,0.008753059599233082,CHSY1,CHSY3
CHUK|IKBKB,-0.05865677940469997,0.008651101893519138,CHUK,IKBKB
CLASP1|CLASP2,-0.07835414847918531,0.006072035003934941,CLASP1,CLASP2
CLOCK|NPAS2,-0.022360080693323195,0.006316945429534061,CLOCK,NPAS2
CLPTM1|CLPTM1L,-0.015486049822810821,0.004557417409076095,CLPTM1,CLPTM1L
CLTC|CLTCL1,-0.02977031292351533,0.004979431190131712,CLTC,CLTCL1
CMTM3|EXO1,-0.06222599067949444,0.004479400420438531,CMTM3,EXO1
CMTM3|MCM2,-0.049012413441561,0.0035229431470365944,CMTM3,MCM2
CMTM3|NCAPH,-0.0573621262508319,0.005195116767904755,CMTM3,NCAPH
CNGB1|CNGB3,-0.022128731965404543,0.00440946079488467,CNGB1,CNGB3
CNKSR1|CNKSR2,-0.025483509712126685,0.005377480917650499,CNKSR1,CNKSR2
CNOT7|CNOT8,-0.10967660140238725,0.006299443966374591,CNOT7,CNOT8
CNPY2|RP11-977G19.10,-0.028028517934517418,0.006230833713055499,CNPY2,RP11-977G19.10
CNTNAP4|FZD6,-0.023395732703685394,0.010500860082469216,CNTNAP4,FZD6
CNTNAP4|RRBP1,-0.035440263015297874,0.004910104496861849,CNTNAP4,RRBP1
COG8|RP11-343C2.12,-0.04374729263473172,0.013645866037686232,COG8,RP11-343C2.12
COG8|RP11-343C2.9,-0.06199370626836594,0.01241736408013293,COG8,RP11-343C2.9
COL20A1|TRIM21,-0.04887979987048169,0.006289532740735758,COL20A1,TRIM21
COPG1|COPG2,-0.03372339571979844,0.006866099819422412,COPG1,COPG2
COPS2|PSMD11,-0.08146181184421888,0.009376803967361853,COPS2,PSMD11
COPS6|PSMD7,-0.07400915399713992,0.005702941781510579,COPS6,PSMD7
COPS7A|COPS7B,-0.012931808854907084,0.005427352254221017,COPS7A,COPS7B
COPZ1|COPZ2,-0.017058342034286925,0.005775270163591763,COPZ1,COPZ2
COQ10A|COQ10B,-0.05145106298458391,0.008301880545730372,COQ10A,COQ10B
COX4I1|COX4I2,-0.05880753600365438,0.006040083389944661,COX4I1,COX4I2
COX6B1|COX6B2,-0.02570226002794005,0.005657257838457757,COX6B1,COX6B2
CPSF3|CPSF3L,-0.10225979369333643,0.010526367396024458,CPSF3,CPSF3L
CPSF6|CPSF7,-0.08509518796444046,0.010645695642368799,CPSF6,CPSF7
CREG1|CREG2,-0.028926188616977492,0.004168136062349932,CREG1,CREG2
CRK|CRKL,-0.06521707375022856,0.012697498514392804,CRK,CRKL
CSMD3|PRC1,-0.021173598625634695,0.004030992464304737,CSMD3,PRC1
CSRP1|MKI67,-0.030355842924268135,0.007534385065355466,CSRP1,MKI67
CSRP1|NCAPH,-0.02817921166692109,0.0038075239860452547,CSRP1,NCAPH
CSRP1|POLE2,-0.0014940346231595925,0.005030772138257098,CSRP1,POLE2
CSTF2T|SNRPB,-0.014652672468133699,0.0083514742907761,CSTF2T,SNRPB
CSTF2|CSTF2T,-0.06819388317609489,0.011419248843985359,CSTF2,CSTF2T
CTB-50L17.10|PSIP1,-0.05583688660314518,0.008755898388807921,CTB-50L17.10,PSIP1
CTB-54O9.9|DUS3L,-0.05695625688482592,0.006513681575308991,CTB-54O9.9,DUS3L
CTBP1|CTBP2,-0.07181298930561403,0.008396162464337555,CTBP1,CTBP2
CTC-260F20.3|NDUFA13,-0.02847845063392199,0.004425260326741324,CTC-260F20.3,NDUFA13
CTC-487M23.8|SRP19,-0.07662177376485181,0.01381457473391223,CTC-487M23.8,SRP19
CTCF|CTCFL,-0.0338480323511614,0.00305534770032208,CTCF,CTCFL
CTD-3222D19.2|MED26,-0.07658079587269283,0.013923955458311344,CTD-3222D19.2,MED26
CTNNB1|JUP,-0.024944294948030056,0.005843975359670534,CTNNB1,JUP
CTPS1|CTPS2,-0.04481516728238342,0.0061181911131929535,CTPS1,CTPS2
CUX1|CUX2,-0.03801732499067017,0.005408826952547073,CUX1,CUX2
CWC27|PPIL4,-0.030784078693623856,0.006365160230067793,CWC27,PPIL4
CYB5A|CYB5B,-0.008188999261713514,0.006541105002492355,CYB5A,CYB5B
CYB5A|NCAPH,-0.018439335069099484,0.006252133598453491,CYB5A,NCAPH
CYBA|DSN1,-0.03215217042467838,0.007078060805453495,CYBA,DSN1
CYFIP1|CYFIP2,-0.05223564233827752,0.011529715935369242,CYFIP1,CYFIP2
CYP11B1|DTX3L,-0.028377732169418492,0.007105202757592571,CYP11B1,DTX3L
CYP11B1|EAF1,-0.0052194664967092986,0.00397161901391055,CYP11B1,EAF1
CYP11B1|EIF2S1,-0.01615075439792467,0.004504427904301325,CYP11B1,EIF2S1
CYP11B1|FAM111A,-0.012352080447056405,0.004308023709839228,CYP11B1,FAM111A
CYP11B1|GNB4,-0.018823551049497515,0.0036539230057009106,CYP11B1,GNB4
CYP11B1|MARVELD1,-0.016002527279162567,0.0036125847430240354,CYP11B1,MARVELD1
CYP11B1|MLH1,-0.013559592345783657,0.003897503420786063,CYP11B1,MLH1
CYP11B1|MLH3,-0.02648347856789601,0.004452461547930078,CYP11B1,MLH3
CYP11B1|NDUFA2,-0.019708316264211868,0.004518238819244604,CYP11B1,NDUFA2
CYP11B1|NEK6,-0.03130854091062361,0.0039102220282704525,CYP11B1,NEK6
CYP11B1|NEK9,-0.025540554910661328,0.0034031205414713226,CYP11B1,NEK9
CYP11B1|NR1D2,-0.02034587516814756,0.005324009888260153,CYP11B1,NR1D2
CYP11B1|PCMT1,-0.018580365085464505,0.0037281375072027883,CYP11B1,PCMT1
CYP11B1|ROBO3,-0.018504095978484077,0.00409540989793728,CYP11B1,ROBO3
CYP11B1|SDSL,-0.034637716810579436,0.007499816241727785,CYP11B1,SDSL
CYP11B1|SLC16A1,-0.018672558453199123,0.002702703022364158,CYP11B1,SLC16A1
CYP11B1|SPTY2D1,-0.026971262304583778,0.00966204852193248,CYP11B1,SPTY2D1
CYP11B1|THRAP3,-0.016021912185057545,0.0048210163231668796,CYP11B1,THRAP3
CYP11B1|TRIM14,-0.025477490038227787,0.003772537186251407,CYP11B1,TRIM14
CYP11B1|TXNDC9,-0.035699957923140485,0.008044575079344628,CYP11B1,TXNDC9
CYP11B1|UBE2L6,-0.013698829611447272,0.004225535770711627,CYP11B1,UBE2L6
CYP11B1|ZNF512,-0.02187727618259708,0.0064095098774712604,CYP11B1,ZNF512
CYTIP|GRASP,-0.040784513023435866,0.005483477492365074,CYTIP,GRASP
DAB1|DAB2,-0.012566105845061213,0.006606985762114351,DAB1,DAB2
DACH1|DACH2,-0.02719592450152968,0.004248793949273355,DACH1,DACH2
DAGLA|DAGLB,-0.06163860527599928,0.008183154419294543,DAGLA,DAGLB
DAZAP1|TARDBP,-0.08601486256201228,0.016423037858717744,DAZAP1,TARDBP
DBNDD2|FANCI,-0.043375952349530615,0.0062296566359121164,DBNDD2,FANCI
DBNDD2|MCM2,-0.042839550971698184,0.005109347001797114,DBNDD2,MCM2
DBNDD2|MND1,-0.04926114281021914,0.007051159962174222,DBNDD2,MND1
DBNDD2|NCAPH,-0.03773496117008921,0.005553152011753163,DBNDD2,NCAPH
DBNDD2|POLE2,-0.004919873455212403,0.0062531520463635455,DBNDD2,POLE2
DBNDD2|PRC1,-0.02831946179635539,0.005096620212799128,DBNDD2,PRC1
DBNDD2|RAD54L,-0.03154408399302932,0.006176212337739908,DBNDD2,RAD54L
DBX1|HLX,-0.0340021863594282,0.008195901455255521,DBX1,HLX
DCAF11|RP11-468E2.6,-0.046946576043199385,0.004366084273177954,DCAF11,RP11-468E2.6
DCAF6|WDTC1,-0.018095973643586748,0.005494381999052679,DCAF6,WDTC1
DCP1A|DCP1B,-0.0657288033300879,0.007333315249559556,DCP1A,DCP1B
DCP1B|EXO1,-0.04052364638409295,0.006645199682315346,DCP1B,EXO1
DCP1B|NCAPH,-0.046656669850780645,0.0070250632222834605,DCP1B,NCAPH
DCST1|DCST2,-0.03944088292976218,0.006281871817551595,DCST1,DCST2
DDB1|SF3B3,-0.07447373305240143,0.011071976095510732,DDB1,SF3B3
DDHD2|SEC23IP,-0.03836429552532389,0.0048565946044031374,DDHD2,SEC23IP
DDI1|DDI2,-0.021003597428847293,0.003914751326903302,DDI1,DDI2
DDX21|POP7,-0.09038282770387349,0.020872247396637317,DDX21,POP7
DDX26B|INTS6,-0.03536674576385487,0.006648186220366732,DDX26B,INTS6
DDX28|DDX47,-0.04177548141135094,0.008156399425727334,DDX28,DDX47
DDX39A|DDX39B,-0.03745654188138058,0.006603205179276929,DDX39A,DDX39B
DECR1|FANCI,-0.03196183798624952,0.004393911362599069,DECR1,FANCI
DECR1|RAD54L,-0.03398384930000554,0.004727197257690008,DECR1,RAD54L
DEGS1|DEGS2,-0.024973098755869092,0.006524441216790109,DEGS1,DEGS2
DFNA5|TYMS,-0.03742989851026876,0.004864310423871665,DFNA5,TYMS
DFNB31|PDZD7,-0.06502890995954155,0.005472906893364832,DFNB31,PDZD7
DGKB|DSN1,-0.035544287024903046,0.005849913135585177,DGKB,DSN1
DGKI|DGKZ,-0.06207975898991875,0.0049278040334988496,DGKI,DGKZ
DHX8|KRAS,-0.05682850948953186,0.011751468189645054,DHX8,KRAS
DIAPH1|INF2,-0.016574522265082995,0.005047985242651827,DIAPH1,INF2
DIMT1|TFB1M,-0.026710880719577338,0.009700479440978033,DIMT1,TFB1M
DISP1|DISP2,-0.03607547811062153,0.004147818949065843,DISP1,DISP2
DISP1|DSN1,-0.00941612100229653,0.0039843444747873205,DISP1,DSN1
DMBT1|MTIF2,-0.04418430584596189,0.005539450128088706,DMBT1,MTIF2
DMD|UTRN,-0.03604951241992549,0.003721241104087293,DMD,UTRN
DMRTA2|DMRTB1,-0.033757964278607194,0.005595409402118985,DMRTA2,DMRTB1
DMXL1|DMXL2,-0.0381077172358946,0.007663753645330504,DMXL1,DMXL2
DNAH8|SNRPB,-0.019801807245739027,0.006315698989313226,DNAH8,SNRPB
DNAJC6|GAK,-0.041769595425565874,0.008821555310453153,DNAJC6,GAK
DNMT1|S100A10,-0.057068247587705054,0.010493070053418325,DNMT1,S100A10
DPP7|DSN1,-0.03954892541127613,0.005175366035793029,DPP7,DSN1
DPP7|EXO1,-0.047683492217519864,0.004597820396079067,DPP7,EXO1
DPP7|NCAPH,-0.04820859234742749,0.004606790837888922,DPP7,NCAPH
DSN1|FSTL5,-0.027641290382892442,0.0054143309850001806,DSN1,FSTL5
DSN1|GNPDA2,-0.0506680076162025,0.009734879785233245,DSN1,GNPDA2
DSN1|HOMER3,-0.04914033960215672,0.008393880340683033,DSN1,HOMER3
DSN1|HTT,-0.04699855091702035,0.005902946864979101,DSN1,HTT
DSN1|ICAM3,-0.050136506370474974,0.011397906165785305,DSN1,ICAM3
DSN1|KCNH7,-0.02140322349511314,0.005280684366001732,DSN1,KCNH7
DSN1|KIF1C,-0.054868104171814716,0.009569069367703006,DSN1,KIF1C
DSN1|NPDC1,-0.05092238872633439,0.009756913287204546,DSN1,NPDC1
DSN1|POLL,-0.04016937762763858,0.009416214636487492,DSN1,POLL
DSN1|RHOC,-0.04260818317772924,0.009565217116601462,DSN1,RHOC
DSN1|SMARCA4,-0.05887690193392874,0.008587419938312146,DSN1,SMARCA4
DSN1|SRRM2,-0.041254231329066256,0.014529837308470777,DSN1,SRRM2
DSN1|TANC2,-0.05279145889126793,0.008332627662217373,DSN1,TANC2
DSN1|TMEM101,-0.04877844009721871,0.010993589543586476,DSN1,TMEM101
DSN1|TMEM54,-0.04746822998187985,0.008229989679616714,DSN1,TMEM54
DSP|PLEC,-0.059380966077136506,0.003860627180445347,DSP,PLEC
DST|MACF1,-0.039117302940094356,0.005280979777215708,DST,MACF1
DTL|EP300,0.06924238294804148,0.011650262439548639,DTL,EP300
DTL|PKD1,-0.028658106133696966,0.009675989440898767,DTL,PKD1
DTX3L|SNRPB,-0.02652947202697852,0.009632102999035635,DTX3L,SNRPB
DUOX1|DUOX2,-0.0223673913766741,0.005503835761851796,DUOX1,DUOX2
DUOXA1|DUOXA2,-0.04643588107398264,0.004208552341917141,DUOXA1,DUOXA2
DUSP16|DUSP8,-0.05852767976920391,0.00502197187329728,DUSP16,DUSP8
DUSP7|EGFR,-0.046406947610781,0.005819840734839611,DUSP7,EGFR
DYNC1I1|DYNC1I2,-0.11199167167445276,0.011519492747230227,DYNC1I1,DYNC1I2
DYNC1LI1|DYNC1LI2,-0.06661539876575101,0.006715461820088031,DYNC1LI1,DYNC1LI2
DYNLRB1|DYNLRB2,-0.02720946699344778,0.0053495299504313695,DYNLRB1,DYNLRB2
DYNLT1|DYNLT3,-0.042987065899333016,0.00813651442796928,DYNLT1,DYNLT3
E2F5|GJB4,-0.02659265586551325,0.004189950919037109,E2F5,GJB4
E2F5|RPS6KA4,-0.02143921140704151,0.004305339471294626,E2F5,RPS6KA4
E2F7|E2F8,-0.021001966967179507,0.006746233732003401,E2F7,E2F8
E2F8|PHLDA3,-0.02286333600834142,0.005270014058751583,E2F8,PHLDA3
EAF1|EAF2,-0.016329395491681192,0.005664001026977757,EAF1,EAF2
EAF1|POP7,-0.09295566690006024,0.020357594681368274,EAF1,POP7
ECT2|RB1,0.009437281922512112,0.005610347338104788,ECT2,RB1
EEF1A1|EEF1A2,-0.00929894711225214,0.013099602755395878,EEF1A1,EEF1A2
EEF2|EFTUD2,-0.05791739155144358,0.008173654420380264,EEF2,EFTUD2
EEFSEC|TUFM,-0.06940438192186277,0.008765023680027198,EEFSEC,TUFM
EFR3A|EFR3B,-0.03827540939074986,0.007864399240655686,EFR3A,EFR3B
EFR3A|FANCI,-0.04065619713465897,0.0057367489087435195,EFR3A,FANCI
EGFL6|NPNT,-0.019930807332956473,0.003993342160172372,EGFL6,NPNT
EGFR|ERBB3,-0.034949529896788574,0.006679122437759076,EGFR,ERBB3
EGFR|FGFR2,-0.05173532216128054,0.007334750403970231,EGFR,FGFR2
EGFR|FLNA,-0.04251699833839437,0.004561560590538636,EGFR,FLNA
EGFR|KRAS,-0.08527424000169609,0.008184887662386276,EGFR,KRAS
EGFR|NEDD9,-0.03622999051445106,0.004512131031511749,EGFR,NEDD9
EGFR|NOTCH1,-0.03948991365723765,0.00660846152274513,EGFR,NOTCH1
EGFR|PARP1,-0.06127620729402797,0.007717805798338468,EGFR,PARP1
EGFR|PARP2,-0.03404923075787525,0.004227824344449129,EGFR,PARP2
EGFR|PIK3R1,-0.009051351390424865,0.004286038720501037,EGFR,PIK3R1
EGFR|PIK3R2,-0.0452256101690812,0.0070988246848988175,EGFR,PIK3R2
EGFR|PRKACB,-0.0373025994535452,0.004289873758793238,EGFR,PRKACB
EGFR|PRKCD,-0.04419919594137985,0.005380091858976961,EGFR,PRKCD
EGFR|PRKCE,-0.08066954885944425,0.00747168031328502,EGFR,PRKCE
EGFR|PRKCZ,-0.05825143642900152,0.004854011351345708,EGFR,PRKCZ
EGFR|RET,-0.033488193229730866,0.003909338118200866,EGFR,RET
EGFR|RPS6KA5,-0.03501933254861679,0.007580219454803858,EGFR,RPS6KA5
EGFR|SH2D3C,-0.04431255121724984,0.006038345150293481,EGFR,SH2D3C
EGFR|SHC1,-0.04240886655106295,0.006160891120103693,EGFR,SHC1
EGFR|SMAD2,-0.023045649749333093,0.005862203738196506,EGFR,SMAD2
EGFR|STAT3,-0.02672203982637948,0.002733631429422568,EGFR,STAT3
EGLN2|XPO1,-0.03259495917518038,0.004551748705875968,EGLN2,XPO1
EHBP1|EHBP1L1,-0.051723957004099576,0.006712255566989544,EHBP1,EHBP1L1
EHMT1|EHMT2,-0.0560578914382566,0.008532989561739493,EHMT1,EHMT2
EIF1|EIF1B,-0.08536790037214338,0.011793411223617819,EIF1,EIF1B
EIF3I|STRAP,-0.07941450278975318,0.011926904707374762,EIF3I,STRAP
EIF4EBP1|MYC,-0.11282851001828316,0.006739012447684406,EIF4EBP1,MYC
ELL|ELL2,-0.10324734712769783,0.009314796823818368,ELL,ELL2
ELMSAN1|TRERF1,-0.05218678989288113,0.00715318256900353,ELMSAN1,TRERF1
ELOVL5|POP7,-0.03506684984411672,0.006854525066768522,ELOVL5,POP7
EMP3|NCAPH,-0.02538397665478384,0.0050485654018210405,EMP3,NCAPH
EN1|EN2,-0.03909252820897348,0.005525590129706676,EN1,EN2
ENO1|ENO2,-0.06121051534429893,0.005234895665983745,ENO1,ENO2
ENOX1|ENOX2,-0.025388083465833024,0.00683800577901203,ENOX1,ENOX2
EPAS1|FANCI,-0.023637981020705846,0.0056096037437878945,EPAS1,FANCI
EPC1|EPC2,-0.040273074982062375,0.005972886020583652,EPC1,EPC2
EPDR1|NCAPH,-0.05085709153268639,0.005877940428071399,EPDR1,NCAPH
ERC1|ERC2,-0.04445917683977939,0.008303313723502823,ERC1,ERC2
ERLEC1|OS9,-0.03817813121466343,0.006608186793743082,ERLEC1,OS9
ERO1A|ERO1B,-0.033846438144497955,0.006987945849327944,ERO1A,ERO1B
ESPN|ESPNL,-0.037558836632902326,0.0066561174883430245,ESPN,ESPNL
ESRP1|ESRP2,-0.04320606101763572,0.005668715368205494,ESRP1,ESRP2
ETV6|ETV7,-0.027023444680881793,0.003831761337301928,ETV6,ETV7
EVX1|EVX2,-0.04405759426835345,0.006515372923238383,EVX1,EVX2
EXO1|FAH,-0.037492791553176225,0.005538389696119424,EXO1,FAH
EXO1|FXYD5,-0.03733521888924204,0.006199850318754025,EXO1,FXYD5
EXO1|HRH1,-0.03143311907423536,0.005239335658069404,EXO1,HRH1
EXO1|ITPRIPL2,-0.027275458834414516,0.004914520855593172,EXO1,ITPRIPL2
EXO1|LAMB2,-0.03474758493380372,0.004794045207680975,EXO1,LAMB2
EXO1|LYSMD2,-0.02997733287892866,0.010375682668622847,EXO1,LYSMD2
EXO1|MLKL,-0.043055487127702,0.005507857219713773,EXO1,MLKL
EXO1|MVP,-0.03838700029878935,0.005192204771143675,EXO1,MVP
EXO1|NEK6,-0.0430206653642235,0.005836010318252566,EXO1,NEK6
EXO1|NLRX1,-0.0362524793230299,0.006279935519649507,EXO1,NLRX1
EXO1|NPDC1,-0.03995035188992146,0.006157022755475142,EXO1,NPDC1
EXO1|P4HTM,-0.044648728289467005,0.0059537901508596325,EXO1,P4HTM
EXO1|PTPN21,-0.0417943946978335,0.005516793152208705,EXO1,PTPN21
EXO1|RAB31,-0.044887396313079996,0.007476626741573192,EXO1,RAB31
EXO1|RIN2,-0.03694185531098766,0.0043279311084164895,EXO1,RIN2
EXO1|RRAS,-0.04164612953312873,0.005285073218920994,EXO1,RRAS
EXO1|TMEM136,-0.05306986031427053,0.005572850851808724,EXO1,TMEM136
EXO1|TSPAN13,-0.048510053061460306,0.004539852750926544,EXO1,TSPAN13
EXO1|TUBB6,-0.029293188166325833,0.005295130371076641,EXO1,TUBB6
EXO1|UBE2E2,-0.029485160712379742,0.005502529711681965,EXO1,UBE2E2
EXO1|ZNF175,-0.05153654408023286,0.005184196904259549,EXO1,ZNF175
EXO1|ZYX,-0.028974435461389447,0.006626650158588411,EXO1,ZYX
EXOC1|STXBP6,-0.09792294992148244,0.004782915069480955,EXOC1,STXBP6
EXOC3|EXOC3L1,-0.06375847393016892,0.007009434543261507,EXOC3,EXOC3L1
EXOC6|EXOC6B,-0.04571024994926828,0.006727282516366009,EXOC6,EXOC6B
EXOSC4|EXOSC6,-0.06279601792235996,0.005818362616313669,EXOSC4,EXOSC6
EZH1|EZH2,-0.029620212359096357,0.007762119556701761,EZH1,EZH2
FAH|NCAPH,-0.04504750634992191,0.005897565153732269,FAH,NCAPH
FAM111A|MCM7,-0.028679438464733024,0.00646718283817989,FAM111A,MCM7
FAM111A|POP7,-0.020901252806532274,0.008175725703334065,FAM111A,POP7
FAM126A|FAM126B,-0.037804358557042,0.006830224958461147,FAM126A,FAM126B
FAM135A|FAM135B,-0.02819406280630358,0.004647505433401789,FAM135A,FAM135B
FAM151A|FAM151B,-0.027185633975508116,0.003615536140954805,FAM151A,FAM151B
FAM213A|FAM213B,-0.04601548400402674,0.0050081742794544064,FAM213A,FAM213B
FAM50A|FAM50B,-0.1080671309216383,0.006332667118014443,FAM50A,FAM50B
FAM57A|FAM57B,-0.03437607907235861,0.006748890099279306,FAM57A,FAM57B
FAM96A|FAM96B,-0.09137343644871197,0.013027394546710425,FAM96A,FAM96B
FANCI|FMNL2,-0.045447699708082545,0.007129112954498552,FANCI,FMNL2
FANCI|GRB10,-0.045696686072117264,0.006352637003993311,FANCI,GRB10
FANCI|LAMB1,-0.04866710002157865,0.00589171391780035,FANCI,LAMB1
FANCI|LRP12,-0.061498202872322855,0.007253822867807781,FANCI,LRP12
FANCI|RND3,-0.04164637043244908,0.006983348331474608,FANCI,RND3
FANCI|S100A16,-0.04895843475353275,0.007278300327854705,FANCI,S100A16
FANCI|SOAT1,-0.054294256219816386,0.00665061876541882,FANCI,SOAT1
FANCI|TCEA2,-0.05707484546759777,0.006309476579623134,FANCI,TCEA2
FANCI|TMEM64,-0.0369792842125822,0.006181244125275777,FANCI,TMEM64
FARP1|NCAPH,-0.03019018267424036,0.0051417732031279195,FARP1,NCAPH
FAT1|FAT4,-0.02718268882659656,0.005369409050135852,FAT1,FAT4
FBXW7|FEN1,-0.11717984086857886,0.008313919156225027,FBXW7,FEN1
FBXW7|MYC,-0.1285197394954902,0.00796478965734268,FBXW7,MYC
FEN1|RAD54B,0.0009660831969351637,0.005142996994040146,FEN1,RAD54B
FERD3L|PTF1A,-0.007647730464112559,0.013560318186434236,FERD3L,PTF1A
FEZ1|FEZ2,-0.04732562927363185,0.006470861281373851,FEZ1,FEZ2
FEZF1|FEZF2,-0.02332825559430956,0.005252041437607239,FEZF1,FEZF2
FGF1|FGF2,-0.054182894651887234,0.005804767473695598,FGF1,FGF2
FGFR1OP2|SIKE1,-0.058852298481923325,0.010752805879659539,FGFR1OP2,SIKE1
FHOD1|FHOD3,-0.03212252826038982,0.00597275223636406,FHOD1,FHOD3
FIGN|FIGNL1,-0.03151252266578949,0.00753393225034177,FIGN,FIGNL1
FITM1|FITM2,-0.05710397608613795,0.0036777458300376945,FITM1,FITM2
FKBP4|FKBP5,-0.07312388563909415,0.007647205901781341,FKBP4,FKBP5
FLOT1|FLOT2,-0.049769529641774383,0.004930613814356129,FLOT1,FLOT2
FLVCR1|LGALS1,-0.014523404662260406,0.004380947949195711,FLVCR1,LGALS1
FLVCR1|MVP,-0.026282401459888867,0.003784381676134265,FLVCR1,MVP
FLVCR1|RPS6KA4,-0.02677213540046192,0.004986898849107698,FLVCR1,RPS6KA4
FLVCR1|ZFPL1,-0.01379167461499035,0.006154174661445406,FLVCR1,ZFPL1
FMN1|FMN2,-0.017326342114868644,0.004348303059912349,FMN1,FMN2
FNBP1|NCAPH,-0.039290772356104876,0.006434423262529787,FNBP1,NCAPH
FNDC3A|FNDC3B,-0.053662257873503025,0.006223043164179933,FNDC3A,FNDC3B
FNIP1|FNIP2,-0.04874853911015939,0.006620795731723991,FNIP1,FNIP2
FOXK1|FOXK2,-0.07402430834162074,0.005922965731958985,FOXK1,FOXK2
FOXN1|FOXN4,-0.03948929564585793,0.0054322374650965614,FOXN1,FOXN4
FOXN2|FOXN3,-0.046134847354920884,0.007098598834070542,FOXN2,FOXN3
FRMD1|FRMD6,0.06491363239906316,0.0062733675877028675,FRMD1,FRMD6
FRS2|FRS3,-0.03674693798355182,0.005524303072337489,FRS2,FRS3
FRY|FRYL,-0.04604204975395579,0.005652322325020109,FRY,FRYL
FST|FSTL3,-0.041174294276682816,0.004924384051526055,FST,FSTL3
FUT10|FUT11,-0.0757563985326809,0.005317324859964465,FUT10,FUT11
FXYD5|MCM2,-0.04517199983668044,0.0049862919198389605,FXYD5,MCM2
FXYD5|NCAPH,-0.04952473945598053,0.005887206892889361,FXYD5,NCAPH
FYCO1|RUFY4,-0.043872179863447575,0.0057613225710922734,FYCO1,RUFY4
FYN|NCAPH,-0.041378353536716865,0.00570850782829187,FYN,NCAPH
G3BP1|G3BP2,-0.08797089025896035,0.007289717621444444,G3BP1,G3BP2
G6PD|H6PD,-0.04132439185972864,0.005861043335293606,G6PD,H6PD
GABPB1|GABPB2,-0.08947548389317797,0.011411177687469434,GABPB1,GABPB2
GAS2L1|GAS2L2,-0.01728941726937492,0.004835596972357953,GAS2L1,GAS2L2
GBP3|MCM2,-0.046447739426413434,0.0053487297528642674,GBP3,MCM2
GCFC2|PAXBP1,-0.07139143961575194,0.011368613653662575,GCFC2,PAXBP1
GIT1|GIT2,-0.06114972652240638,0.005931720488593038,GIT1,GIT2
GLI3|MCM2,-0.03968356275676367,0.0042284365554587575,GLI3,MCM2
GLI3|MND1,-0.04501201623157754,0.004911413271243576,GLI3,MND1
GLI3|NCAPH,-0.05025467338788675,0.006292367516474056,GLI3,NCAPH
GLI3|TYMS,-0.05079837252704077,0.005727831334769555,GLI3,TYMS
GLRX2|ZNF785,-0.03992369773804836,0.006319342249992388,GLRX2,ZNF785
GMPPA|GMPPB,-0.02793878429062164,0.005896066030646264,GMPPA,GMPPB
GNAL|GNAS,-0.044091587267568524,0.007804889864597213,GNAL,GNAS
GNB2L1|WDR31,-0.009901675996728157,0.006114504432482476,GNB2L1,WDR31
GNL1|LSG1,-0.10150768873616509,0.006806260681693382,GNL1,LSG1
GNL3|GNL3L,-0.08965501474228699,0.009003348958239685,GNL3,GNL3L
GOLPH3|GOLPH3L,-0.035418617900631444,0.004547636273967279,GOLPH3,GOLPH3L
GOLT1A|GOLT1B,-0.027526778595936784,0.007693477122404288,GOLT1A,GOLT1B
GOSR2|RP11-156P1.2,-0.0847460351259857,0.015463001522305144,GOSR2,RP11-156P1.2
GPT|GPT2,-0.0391286882708691,0.0039635865045829855,GPT,GPT2
GRB10|MCM2,-0.02223160667493441,0.005209006804896948,GRB10,MCM2
GRB10|SNRPB,-0.025257806812608096,0.004964208720223797,GRB10,SNRPB
GRIP1|GRIP2,-0.05163482580342186,0.005423026448944499,GRIP1,GRIP2
GRPEL1|GRPEL2,-0.020509331437028586,0.007113975134232575,GRPEL1,GRPEL2
GSDMD|KIF15,-0.04471119912247395,0.005328204218536007,GSDMD,KIF15
GSK3B|MYC,-0.11913194264509083,0.006358429743064052,GSK3B,MYC
GXYLT1|GXYLT2,-0.04324687990177994,0.007311577032878694,GXYLT1,GXYLT2
GYS1|GYS2,-0.047730897674709484,0.005983448786440859,GYS1,GYS2
HACL1|ILVBL,-0.0339895417061418,0.004470075488939116,HACL1,ILVBL
HARS|HARS2,-0.05871294678858688,0.011641619204859673,HARS,HARS2
HCFC1|HCFC2,-0.1211661345238994,0.007746164744257965,HCFC1,HCFC2
HDAC10|HDAC6,-0.030738020409790047,0.007338128720172664,HDAC10,HDAC6
HEATR5A|HEATR5B,-0.032072146007749824,0.005490636077109701,HEATR5A,HEATR5B
HECTD1|TRIP12,-0.05931250519476145,0.009211251485948164,HECTD1,TRIP12
HECTD2|SNRPB,-0.01684106506034538,0.005307292327811137,HECTD2,SNRPB
HHAT|HHATL,-0.029531879466578002,0.003936246378128124,HHAT,HHATL
HIC1|HIC2,-0.027881800527566728,0.006969809348490898,HIC1,HIC2
HIVEP2|SNRPB,-0.025457832354526942,0.006448689177156431,HIVEP2,SNRPB
HIVEP3|SNRPB,-0.02210612880812298,0.006491218620296247,HIVEP3,SNRPB
HLTF|SNRPB,-0.013455277847498281,0.0051644496256541324,HLTF,SNRPB
HMG20A|HMG20B,-0.024750569107556616,0.004477840901262164,HMG20A,HMG20B
HMGCL|HMGCLL1,-0.035101552118131145,0.005020945289619641,HMGCL,HMGCLL1
HMGCS1|HMGCS2,-0.04675759173907172,0.009327197170171843,HMGCS1,HMGCS2
HMOX1|HMOX2,-0.04293240431520231,0.007968832843213631,HMOX1,HMOX2
HNRNPA2B1|HOMER3,-0.08451564077260304,0.00565663164127351,HNRNPA2B1,HOMER3
HNRNPA2B1|TNFRSF1A,-0.09341299430427778,0.006794238036306343,HNRNPA2B1,TNFRSF1A
HNRNPM|MYEF2,-0.05291774195395441,0.008472571775561167,HNRNPM,MYEF2
HOMER3|XPO1,-0.06194333186412971,0.004968098618699149,HOMER3,XPO1
HS2ST1|UST,-0.0458417896353771,0.0062500666727474926,HS2ST1,UST
HSPE1-MOB4|MOB4,-0.07505423720866981,0.01429415491171632,HSPE1-MOB4,MOB4
HTATIP2|MCM2,-0.026515321181353732,0.0074894677971575774,HTATIP2,MCM2
HUS1|HUS1B,-0.05954555043029907,0.00932242851855131,HUS1,HUS1B
ICAM3|NCAPH,-0.041926651301955956,0.0036214059190707868,ICAM3,NCAPH
ICAM3|XPO1,-0.04334912837815617,0.00540072373784301,ICAM3,XPO1
ICK|MAK,-0.030081049380475816,0.005524823745334076,ICK,MAK
IDE|NRDC,-0.06317579862597472,0.007436257690386856,IDE,NRDC
IDH1|IDH2,-0.03006248070085228,0.004801063216049248,IDH1,IDH2
IDH3B|IDH3G,-0.025905657372527844,0.0038498505976619878,IDH3B,IDH3G
IER3IP1|RP11-49K24.6,-0.017340907483929205,0.010258353504884478,IER3IP1,RP11-49K24.6
IGF2|TP53,0.20501710739813858,0.018544178938636958,IGF2,TP53
IL16|PDZD2,-0.050929621009119186,0.006132975644159352,IL16,PDZD2
INADL|MPDZ,-0.0017226503855498837,0.007026154867139518,INADL,MPDZ
INO80D|KANSL2,-0.023840556068711775,0.0038758289664451613,INO80D,KANSL2
IPO13|TNPO3,-0.05046850091881534,0.011496011202273178,IPO13,TNPO3
IPO5|RANBP6,-0.0859907090421048,0.010335280176106399,IPO5,RANBP6
IPO7|IPO8,-0.044955241483178865,0.00618575092573247,IPO7,IPO8
IQGAP3|PKN3,-0.056201676190926725,0.004618372061569049,IQGAP3,PKN3
IQGAP3|TRIM14,-0.05387359943168102,0.005512107184941604,IQGAP3,TRIM14
IQGAP3|ZNF766,-0.039340460729112896,0.008710550201874567,IQGAP3,ZNF766
ISY1|ISY1-RAB43,-0.06296625409138085,0.009816933821525545,ISY1,ISY1-RAB43
ITSN1|ITSN2,-0.02994262686246921,0.007676228815996222,ITSN1,ITSN2
IVD|NCAPH,-0.03992800600973623,0.005665416086285037,IVD,NCAPH
KALRN|TRIO,-0.08111165435360991,0.006900408490352524,KALRN,TRIO
KANSL1|KANSL1L,-0.0571659759266798,0.005028146534855312,KANSL1,KANSL1L
KAT2A|KAT2B,-0.03917160577847219,0.006381944051484624,KAT2A,KAT2B
KAT6A|KAT6B,-0.05053255620972565,0.0095607493403379,KAT6A,KAT6B
KCNK1|TYMS,-0.028172621688231224,0.005659380780352202,KCNK1,TYMS
KCNMA1|KCNU1,-0.03578716208817633,0.00820561241118899,KCNMA1,KCNU1
KCNT1|KCNT2,-0.04349889378980246,0.005156727662476738,KCNT1,KCNT2
KDM6A|KDM6B,-0.034377363567951374,0.0059089715551137465,KDM6A,KDM6B
KDM6A|UTY,-0.008083063102291422,0.00430143518916851,KDM6A,UTY
KDM6B|UTY,-0.010660276345562355,0.003682388331975049,KDM6B,UTY
KIAA0922|TMEM131,-0.05882021299777565,0.005474441254194194,KIAA0922,TMEM131
KIAA1586|POP7,-0.003136009679564865,0.008474566808077155,KIAA1586,POP7
KIAA1586|RRBP1,-0.030805997250499026,0.00716251395091215,KIAA1586,RRBP1
KIF13B|KIF15,-0.03853602126458204,0.004754142964346017,KIF13B,KIF15
KIF15|LMBR1L,-0.039857049475168604,0.008431503757456266,KIF15,LMBR1L
KIF15|MYC,-0.005748026174547691,0.005199934771906044,KIF15,MYC
KIF15|NDUFA9,-0.036616414122398834,0.008170358463105641,KIF15,NDUFA9
KIF15|PFDN5,-0.020529616550502276,0.008865654334348046,KIF15,PFDN5
KIF15|PRNP,-0.05224878039848695,0.007767790572109752,KIF15,PRNP
KIF15|PTPRA,-0.03143519911583228,0.008066367584419648,KIF15,PTPRA
KIF15|SIRT2,-0.03830049895282134,0.007483380186129601,KIF15,SIRT2
KIF15|UBE2L6,-0.04433815337215528,0.008739344175385026,KIF15,UBE2L6
KIF21B|TUBG1,-0.02379768904782444,0.0053076609941068165,KIF21B,TUBG1
KIF22|NCEH1,-0.06828449224292032,0.0049692251868298214,KIF22,NCEH1
KIF6|KIF9,-0.011022361553236127,0.004616164866597875,KIF6,KIF9
KIFC2|KIFC3,-0.03287248047588054,0.004539168084212135,KIFC2,KIFC3
KLHDC10|KLHDC3,-0.05091354132642422,0.004450725190532874,KLHDC10,KLHDC3
KLHL5|POP7,-0.015740177254677957,0.0065816957854355485,KLHL5,POP7
KMT2A|KMT2B,-0.026026122870595185,0.010344647474160426,KMT2A,KMT2B
KMT2C|KMT2D,0.0160104440989329,0.012693192318391968,KMT2C,KMT2D
KRAS|MAP3K7,-0.03460226582734091,0.004838726851645441,KRAS,MAP3K7
KRAS|MAPK14,-0.05055745128260819,0.008049766548495308,KRAS,MAPK14
KRAS|MIS18A,-0.08277702377897153,0.01432992154596369,KRAS,MIS18A
KRAS|SMC4,-0.023642680075581998,0.007374656811130406,KRAS,SMC4
KRAS|STK33,-0.041286556808805816,0.006481426697787521,KRAS,STK33
KRAS|TBK1,-0.028315712841632135,0.006703070489405351,KRAS,TBK1
KRAS|TOP1,-0.08867613726806925,0.009866022080802443,KRAS,TOP1
KRAS|VDAC1,-0.07011712314479954,0.008636144341536988,KRAS,VDAC1
KSR1|KSR2,-0.028705567150761797,0.005292378499824464,KSR1,KSR2
LAP3|NPEPL1,-0.04802539569735692,0.006754664169651978,LAP3,NPEPL1
LARP1|LARP1B,-0.06287830839532353,0.00464338633608566,LARP1,LARP1B
LARP4|LARP4B,-0.04937824486832811,0.009823483222461836,LARP4,LARP4B
LATS1|LATS2,0.1789044897078967,0.02533288823201161,LATS1,LATS2
LCMT1|LCMT2,-0.04959833471080742,0.006523216633007154,LCMT1,LCMT2
LCOR|LCORL,-0.036186277874555695,0.006576194837280283,LCOR,LCORL
LDB1|LDB2,-0.06473754841837105,0.005673286663216063,LDB1,LDB2
LEMD2|LEMD3,0.008114620263006357,0.007809667344589153,LEMD2,LEMD3
LETM1|LETM2,-0.031992549926613593,0.0051211234644136724,LETM1,LETM2
LGALS1|NCAPH,-0.027753875733057404,0.004044300858008466,LGALS1,NCAPH
LGALS3BP|NCAPH,-0.04963803644993179,0.004756081362334803,LGALS3BP,NCAPH
LGMN|PIGK,-0.012546632774085955,0.005066502116982946,LGMN,PIGK
LHFP|NCAPH,-0.03690333750690273,0.005328091797492199,LHFP,NCAPH
LIMCH1|NCAPH,-0.04778471370877199,0.005762175397007475,LIMCH1,NCAPH
LIMK1|LIMK2,-0.046899887084003576,0.005572106653680646,LIMK1,LIMK2
LIN28A|LIN28B,-0.03810862514002676,0.0056706940983097765,LIN28A,LIN28B
LIN54|MTL5,-0.022516721945379285,0.011690562152102617,LIN54,MTL5
LIX1L|MCM2,-0.04086862934721021,0.002835145229356102,LIX1L,MCM2
LMAN1|LMAN1L,-0.02534235613939427,0.003938424911709699,LMAN1,LMAN1L
LMBR1L|RAD54L,-0.057753471703095804,0.0051081054137932964,LMBR1L,RAD54L
LONP1|LONP2,-0.011661302810409715,0.0060273209795596566,LONP1,LONP2
LPA|PLG,-0.038910377203069016,0.004163767520014782,LPA,PLG
LRBA|NBEA,-0.03709344994721655,0.005713615099083169,LRBA,NBEA
LRFN4|POLQ,-0.05483750596668103,0.008144314555534372,LRFN4,POLQ
LRP10|NCAPH,-0.03784983193224216,0.003500715194696912,LRP10,NCAPH
LRP12|NCAPH,-0.04988876769697812,0.0045316193180311454,LRP12,NCAPH
LRR1|LRRC58,-0.03231826793034632,0.006958871708096124,LRR1,LRRC58
LRRC7|SCRIB,-0.01999905671406973,0.006192850478230733,LRRC7,SCRIB
LSM14A|LSM14B,-0.04415178748020235,0.006727091968023506,LSM14A,LSM14B
LSM6|SNRPF,-0.10803585620164347,0.01312539728765228,LSM6,SNRPF
LTV1|RP3-468K18.7,-0.05707950604561876,0.011153325624725666,LTV1,RP3-468K18.7
LYN|TYMS,-0.02818759699137757,0.005403534262266178,LYN,TYMS
LYPLAL1|RPS6KA4,-0.02329946398943553,0.004764227857877587,LYPLAL1,RPS6KA4
LYPLAL1|TYMS,-0.03914475136150087,0.003217893704925016,LYPLAL1,TYMS
LYSMD2|NCAPH,-0.02989068409832676,0.008018124312351837,LYSMD2,NCAPH
MAGOH|MAGOHB,-0.07644363490858697,0.010161668609292874,MAGOH,MAGOHB
MAP1A|MAP1B,-0.04116623047363217,0.008010187117516334,MAP1A,MAP1B
MAP2|MAPT,-0.039046050224602113,0.005380296341207532,MAP2,MAPT
MAP4|TP53,0.20497774889144293,0.015625467921727334,MAP4,TP53
MAPK1|MYC,-0.10139141360909264,0.006946177218941337,MAPK1,MYC
MAPK8IP1|MAPK8IP2,-0.016174965369577025,0.005658967280306194,MAPK8IP1,MAPK8IP2
MAPK8IP3|SPAG9,-0.034241613589461865,0.0063752780549983425,MAPK8IP3,SPAG9
MAPKAPK2|TP53,0.1978974882823699,0.014723375515381758,MAPKAPK2,TP53
MAPKBP1|WDR62,-0.06823284053371317,0.00562401148131691,MAPKBP1,WDR62
MARVELD2|OCEL1,-0.029201191486295006,0.004468220542509861,MARVELD2,OCEL1
MAT1A|MAT2A,-0.0491034185936883,0.007055191988270507,MAT1A,MAT2A
MCCC2|PCCB,-0.024372081693117678,0.006846248936422121,MCCC2,PCCB
MCM2|MCM9,-0.04058840559332916,0.006272883204403654,MCM2,MCM9
MCM2|MLKL,-0.12355321628032312,0.007744755020525092,MCM2,MLKL
MCM2|S100A10,-0.11000865007718556,0.006105425674910266,MCM2,S100A10
MCM2|SP110,-0.11194217066791122,0.007205990524137758,MCM2,SP110
MCM2|TANC2,-0.12472820747830075,0.006738259317784502,MCM2,TANC2
MCM2|TP53,-0.11657915815829328,0.010170289506868557,MCM2,TP53
MCM2|ZNF175,-0.11165563524075454,0.006699529038625499,MCM2,ZNF175
MCM2|ZNF83,-0.1197910376226988,0.006969266049497741,MCM2,ZNF83
MCM4|MCM8,-0.03222960290461974,0.007997369483866468,MCM4,MCM8
MCM7|NUDT12,-0.057567263030366814,0.005958610528549404,MCM7,NUDT12
MCM7|SNX24,-0.05498300003287805,0.005873390592118084,MCM7,SNX24
MCM7|SP110,-0.052870972598001435,0.0055456816130967776,MCM7,SP110
MCM7|ZNF264,-0.057259596345560555,0.005690653589047873,MCM7,ZNF264
MCTP1|MCTP2,-0.02567932803384931,0.005714400065260097,MCTP1,MCTP2
MECOM|PRDM16,-0.02493163626126329,0.005811520052940463,MECOM,PRDM16
MED12|MED12L,-0.05029225082614172,0.004854533466989933,MED12,MED12L
MED13|MED13L,-0.024977683415801862,0.007030741293140392,MED13,MED13L
MEGF9|USH2A,-0.0058697413319782794,0.007480852843348096,MEGF9,USH2A
MELK|SNRK,-0.030301615359689286,0.004564778182668384,MELK,SNRK
MEOX1|MEOX2,-0.0431639341406872,0.009149516519560582,MEOX1,MEOX2
MET|TP53,0.18910745126919487,0.010709969208712583,MET,TP53
MET|VHL,-0.0826350736983838,0.007249216556149474,MET,VHL
MFSD10|PNO1,-0.0551949506887336,0.006359168211347013,MFSD10,PNO1
MGAT1|POMGNT1,-0.03377078735730026,0.0053394660827093135,MGAT1,POMGNT1
MGLL|NCAPH,-0.036750971510408376,0.008321021843557846,MGLL,NCAPH
MIA2|RP11-407N17.3,-0.026229421865641655,0.006765918567039226,MIA2,RP11-407N17.3
MIB1|MIB2,-0.021142901755781082,0.00528843906643657,MIB1,MIB2
MICU1|MICU3,-0.03361945433281725,0.005980488480062545,MICU1,MICU3
MKI67|ZYX,-0.03571302012353051,0.007992149086025186,MKI67,ZYX
MLF1|MLF2,-0.050862717358075196,0.004072362394682364,MLF1,MLF2
MLF1|PIF1,-0.03290856780885168,0.005668684637945311,MLF1,PIF1
MLH1|PINK1,-0.04271410677705306,0.007088793843127698,MLH1,PINK1
MLH1|POLG,-0.03569787602067306,0.0070421785742303886,MLH1,POLG
MLKL|NCAPH,-0.03930118855703575,0.004732919182619502,MLKL,NCAPH
MLLT10|MLLT6,-0.040508336392105236,0.004977348862875322,MLLT10,MLLT6
MMD|MMD2,-0.06001940851267671,0.004467093523052146,MMD,MMD2
MND1|NCEH1,-0.014210315097744399,0.005234490284041845,MND1,NCEH1
MND1|PCNXL2,-0.03292822257265422,0.004732680087192876,MND1,PCNXL2
MND1|SOAT1,-0.025476395334148885,0.004753234855685613,MND1,SOAT1
MND1|TCEA2,-0.03227174644272372,0.005489714774084844,MND1,TCEA2
MOCS3|UBA5,-0.055600347240789175,0.011971291358130205,MOCS3,UBA5
MON1A|MON1B,-0.051947788486725203,0.009250048219649533,MON1A,MON1B
MORF4L1|MORF4L2,-0.03916753476415773,0.005377308347706007,MORF4L1,MORF4L2
MOSPD3|WDHD1,-0.06529061725422458,0.012147526207507687,MOSPD3,WDHD1
MOV10|MOV10L1,-0.025867425603096277,0.004267274614702379,MOV10,MOV10L1
MPRIP|TRIOBP,-0.050021346106396504,0.00699710070047318,MPRIP,TRIOBP
MRPL17|SI,-0.028350491461278063,0.004550561745914684,MRPL17,SI
MSH2|PINK1,-0.04552611083397317,0.005385615045326003,MSH2,PINK1
MSH2|POLB,-0.022194742213690288,0.006522665453989465,MSH2,POLB
MSH6|PINK1,-0.04346038752289046,0.006078947787958258,MSH6,PINK1
MTCL1|SOGA1,-0.0431578240619488,0.005018112326130422,MTCL1,SOGA1
MTMR3|MTMR4,-0.04297935259682775,0.0066141595098859725,MTMR3,MTMR4
MTOR|PTEN,0.04482681158598435,0.007631281685071535,MTOR,PTEN
MTOR|VHL,-0.04128747052094577,0.006545133349302933,MTOR,VHL
MUC4|SUSD2,-0.02831814612990224,0.00538322420798256,MUC4,SUSD2
MVD|XPO1,-0.06414158971976767,0.010405928984951286,MVD,XPO1
MVP|NCAPH,-0.07020575982331798,0.007378602466078901,MVP,NCAPH
MVP|XPO1,-0.07995061374886105,0.00943688963245162,MVP,XPO1
MYADM|NCAPH,-0.03224741288898841,0.003492314541283163,MYADM,NCAPH
MYC|NCAPH,-0.13435438744632658,0.015496879410788953,MYC,NCAPH
MYD88|SNRPB,-0.04065392678523384,0.004937125924887734,MYD88,SNRPB
MYT1|TP53,0.1850024523344773,0.010499954928018227,MYT1,TP53
NAA10|NAA11,-0.12494443168868002,0.013232810328902552,NAA10,NAA11
NAA15|NAA16,-0.019893240419593512,0.006110936905141135,NAA15,NAA16
NAB1|NAB2,-0.034898722590056844,0.008744326267882085,NAB1,NAB2
NAGPA|SMC4,-0.04274271254963307,0.005666283371875834,NAGPA,SMC4
NAMPT|PARP1,-0.04942961999576384,0.01039839426392492,NAMPT,PARP1
NAMPT|PARP2,-0.04781920865185483,0.005007502903522364,NAMPT,PARP2
NAP1L5|NCAPH,-0.030415102752880358,0.005444985719097836,NAP1L5,NCAPH
NAPA|NAPB,-0.050902165048354535,0.006472560537915943,NAPA,NAPB
NARF|NARFL,-0.013854140943771728,0.005346707968151445,NARF,NARFL
NBEAL1|NBEAL2,-0.014187863315062327,0.004803055270018977,NBEAL1,NBEAL2
NCAM1|NCAM2,-0.02278829762405775,0.005305982308932967,NCAM1,NCAM2
NCAPH|NEK6,-0.08110965997111697,0.01029927289266821,NCAPH,NEK6
NCAPH|NPDC1,-0.06993019065970403,0.008885019129176596,NCAPH,NPDC1
NCAPH|PCDH15,-0.030150313412296913,0.003202622068081179,NCAPH,PCDH15
NCAPH|PGBD1,-0.08778886270015247,0.010175965266285988,NCAPH,PGBD1
NCAPH|POLL,-0.07350915366893919,0.008973342643201572,NCAPH,POLL
NCAPH|PRKCZ,-0.08337081454361873,0.010817176134226968,NCAPH,PRKCZ
NCAPH|PTPN21,-0.07306276684611782,0.011115600362570057,NCAPH,PTPN21
NCAPH|PTRF,-0.08280184015169154,0.010481475788944282,NCAPH,PTRF
NCAPH|RAB31,-0.07470916349701917,0.011764047776912015,NCAPH,RAB31
NCAPH|RRAS,-0.06651961424370041,0.009589462493345656,NCAPH,RRAS
NCAPH|SERPINB6,-0.07032156150133977,0.008941377432950587,NCAPH,SERPINB6
NCAPH|SMARCA4,-0.07155793379601287,0.00898655343620317,NCAPH,SMARCA4
NCAPH|TBC1D2,-0.08461854167130378,0.010652115033113788,NCAPH,TBC1D2
NCAPH|TCEA2,-0.07227655344877909,0.0104784927753281,NCAPH,TCEA2
NCAPH|TGFB1,-0.0777108451446237,0.009430004079215702,NCAPH,TGFB1
NCAPH|TGFB1I1,-0.07868437143494372,0.009954603629615378,NCAPH,TGFB1I1
NCAPH|TMEM136,-0.09700496310039913,0.011351581391164666,NCAPH,TMEM136
NCAPH|TNFRSF10B,-0.07567590730283824,0.010250270968876029,NCAPH,TNFRSF10B
NCAPH|TSPO,-0.07595509841620239,0.008228240604983467,NCAPH,TSPO
NCAPH|VIM,-0.07834542111162007,0.009968896782163696,NCAPH,VIM
NCAPH|ZDHHC2,-0.08288247463601345,0.010158365860300252,NCAPH,ZDHHC2
NCAPH|ZNF559,-0.0714694655740463,0.009904404851120907,NCAPH,ZNF559
NCAPH|ZNF597,-0.07916647481208063,0.01101924189570114,NCAPH,ZNF597
NCEH1|PIF1,-0.04823771254099774,0.005153135448453158,NCEH1,PIF1
NCEH1|SNRPB,-0.04370088291423823,0.006013473660566088,NCEH1,SNRPB
NCEH1|TYMS,-0.05213024148724365,0.00404638638983993,NCEH1,TYMS
NCK1|NCK2,-0.08378080257101034,0.0071460816083184515,NCK1,NCK2
NCKAP1|NCKAP1L,-0.053744554485506815,0.004019556439837707,NCKAP1,NCKAP1L
NCOA7|OXR1,-0.03454728366276831,0.007505218833048039,NCOA7,OXR1
NCOR1|NCOR2,-0.04568285216195288,0.010217679716722678,NCOR1,NCOR2
NDE1|NDEL1,-0.027300033852646743,0.008042673981142433,NDE1,NDEL1
NDUFA9|RAD54L,-0.03793019538496547,0.005241917215983763,NDUFA9,RAD54L
NEB|NEBL,-0.02199803694425763,0.006160037706421815,NEB,NEBL
NEB|NRAP,-0.02274278433544975,0.005292280922053629,NEB,NRAP
NETO1|NETO2,-0.047806798440297386,0.006290902537264516,NETO1,NETO2
NEURL1|NEURL1B,-0.04592934410867483,0.0054911035719064265,NEURL1,NEURL1B
NFKB1|NFKB2,-0.026766555027249853,0.0048581476852243835,NFKB1,NFKB2
NFS1|RP1-309K20.6,-0.06967874210958229,0.014133269593663494,NFS1,RP1-309K20.6
NFX1|NFXL1,-0.03200515212856483,0.005626517220747904,NFX1,NFXL1
NFYC|POLE4,-0.06696601681274097,0.01359203693564852,NFYC,POLE4
NIPBL|PARP1,-0.06523860423816501,0.008932021316923906,NIPBL,PARP1
NKAP|NKAPL,-0.020598091034004437,0.005569270694176585,NKAP,NKAPL
NLRP3|SNRPB,-0.025612504268879465,0.0052182644114371944,NLRP3,SNRPB
NME3|XPO1,-0.052925343070879996,0.006297582866031022,NME3,XPO1
NME7|NME8,-0.026664078709453386,0.005746028243664861,NME7,NME8
NMT1|NMT2,-0.016930450386409657,0.006251370311617116,NMT1,NMT2
NOS1AP|RP11-565P22.6,-0.05113603665554854,0.00695311453142034,NOS1AP,RP11-565P22.6
NOVA1|NOVA2,-0.018161723963778135,0.004985883625400164,NOVA1,NOVA2
NPC1|NPC1L1,-0.04916285196859592,0.004951853274579802,NPC1,NPC1L1
NUBP1|NUBPL,-0.04909105893177822,0.007017961464887657,NUBP1,NUBPL
NUDC|NUDCD3,-0.035910116374150314,0.01054676610203092,NUDC,NUDCD3
NUMB|NUMBL,-0.02598354231694899,0.0072373888358138695,NUMB,NUMBL
NUP210|NUP210L,-0.042453100768977715,0.005720598195555646,NUP210,NUP210L
NXT1|NXT2,-0.04188590173522887,0.009295451202867145,NXT1,NXT2
OBSCN|OBSL1,-0.04182186127516007,0.004789812123109158,OBSCN,OBSL1
OGFR|PNO1,-0.05086891856033468,0.0072190422773115385,OGFR,PNO1
OGFR|SLBP,-0.0329744844502806,0.011693478244656287,OGFR,SLBP
OXSR1|STK39,-0.034442527039422084,0.007634811048010409,OXSR1,STK39
PACS1|PACS2,-0.07749937486631504,0.01273898154002219,PACS1,PACS2
PAK3|TP53,0.20700874561956614,0.02104008973770243,PAK3,TP53
PAPSS1|PAPSS2,-0.047995112133736105,0.006357138167824616,PAPSS1,PAPSS2
PAQR3|PAQR4,-0.011539472583951523,0.00521014267194196,PAQR3,PAQR4
PARD3|PARD3B,-0.012714993934010235,0.005038407979857183,PARD3,PARD3B
PARG|XRCC1,-0.03911708310405644,0.0063853047283235626,PARG,XRCC1
PARP1|PARP2,-0.036945577799693326,0.00580974174348193,PARP1,PARP2
PARP1|RAD21,-0.07690736206147465,0.008188605372261399,PARP1,RAD21
PARP1|RAD51,-0.0964819439693497,0.010763197113501072,PARP1,RAD51
PARP1|SMC1A,-0.08093772512036049,0.008667272401479017,PARP1,SMC1A
PARP1|SMC3,-0.045659539188608676,0.008160132334273176,PARP1,SMC3
PARP1|STAG1,-0.009057276694486275,0.005069909453011821,PARP1,STAG1
PARP1|STAG3,-0.049293486309582864,0.004367293883561057,PARP1,STAG3
PARP2|RAD21,-0.08099203881394658,0.009013145817447298,PARP2,RAD21
PARP2|SMC1A,-0.0851431654202963,0.008691122470422365,PARP2,SMC1A
PARP2|SMC3,-0.06082034430433555,0.008431363760148877,PARP2,SMC3
PARP2|STAG1,-0.01699423709580731,0.003672757327446993,PARP2,STAG1
PARP2|STAG3,-0.05579458195621054,0.004222542617309839,PARP2,STAG3
PATL1|PATL2,-0.016791989325186944,0.005744639492050863,PATL1,PATL2
PCBD1|PCBD2,-0.04202540297176677,0.005750976124405433,PCBD1,PCBD2
PCNXL2|POLE2,0.004098035057118567,0.006600725660072429,PCNXL2,POLE2
PDCD2L|RP11-618P17.4,-0.03642959898780631,0.005460876384159961,PDCD2L,RP11-618P17.4
PDCD2|PDCD2L,-0.06352866710373606,0.007860949621671245,PDCD2,PDCD2L
PDE3A|PDE3B,-0.045519341288253336,0.00608711721687593,PDE3A,PDE3B
PDS5A|PDS5B,-0.02794384447131314,0.011304609486394671,PDS5A,PDS5B
PDZD3|PDZK1,-0.02402871851466197,0.006627694209546032,PDZD3,PDZK1
PEX5|PEX5L,-0.07001497220475555,0.007977415487874858,PEX5,PEX5L
PFDN5|PRKDC,-0.06815817784648327,0.010301371031057518,PFDN5,PRKDC
PFDN5|RAD54L,-0.10252845932977721,0.008808394596178529,PFDN5,RAD54L
PFN2|PIF1,-0.04941730572307807,0.0037091209045940375,PFN2,PIF1
PFN2|TYMS,-0.05048268429685039,0.0032327951530537373,PFN2,TYMS
PGGT1B|RABGGTB,-0.11854035321052142,0.010294274820911891,PGGT1B,RABGGTB
PGK1|PGK2,-0.12603636872533794,0.008086833941544844,PGK1,PGK2
PGM1|PGM5,-0.04105695043119963,0.005295386399691234,PGM1,PGM5
PHF20|PHF20L1,-0.047177749488184845,0.007203489165359356,PHF20,PHF20L1
PHLDB1|PHLDB2,-0.031373793303913905,0.0048826003243214846,PHLDB1,PHLDB2
PHLPP1|PHLPP2,-0.044228295594993014,0.004956048826976148,PHLPP1,PHLPP2
PICALM|SNAP91,-0.033323171785262895,0.004982415880379501,PICALM,SNAP91
PIF1|VAMP8,-0.04196575592467974,0.005411002207764687,PIF1,VAMP8
PIGQ|TRIM59,-0.03422594069264469,0.009975737665772614,PIGQ,TRIM59
PLA2G12A|PLA2G12B,-0.03263757026653194,0.0062012448081190845,PLA2G12A,PLA2G12B
PLD1|PLD2,-0.051189654827211974,0.008114121718963838,PLD1,PLD2
PLEKHA5|PLEKHA7,-0.03649109483178167,0.008075061523610096,PLEKHA5,PLEKHA7
PLEKHG5|PLEKHG6,-0.029882595006628904,0.0066046358633249525,PLEKHG5,PLEKHG6
PLK1|TP53,0.17539924591696981,0.02556020181525488,PLK1,TP53
PLPP6|PLPP7,-0.04362789400084511,0.008596421794746237,PLPP6,PLPP7
PLXDC1|PLXDC2,-0.034560892047961,0.004343257894035683,PLXDC1,PLXDC2
PMM1|PMM2,-0.02991613612155931,0.004607470203875356,PMM1,PMM2
PMPCA|UQCRC2,-0.024084336839173014,0.007531054003723019,PMPCA,UQCRC2
PMPCB|UQCRC1,-0.10268574438290104,0.008102421872687482,PMPCB,UQCRC1
POGZ|ZNF280D,-0.034730275006765406,0.0059401747820416176,POGZ,ZNF280D
POLQ|RNF130,-0.04462080089054522,0.008049694857161525,POLQ,RNF130
POLR2A|POLR3A,-0.06736014681410105,0.01073635092287736,POLR2A,POLR3A
POLR2B|POLR3B,-0.07839317360745786,0.005939872967979479,POLR2B,POLR3B
POMT1|POMT2,-0.024242925461631683,0.005055725875505389,POMT1,POMT2
POP7|PRKDC,-0.07094079993228578,0.010490382148921626,POP7,PRKDC
POP7|SOAT1,-0.08074980633131709,0.023016599436589163,POP7,SOAT1
POP7|SP110,-0.08938917128920913,0.021067779146349396,POP7,SP110
POP7|XRN2,-0.06028487154723504,0.020162894601278042,POP7,XRN2
POP7|YTHDC2,-0.08994752591763486,0.019275648382345967,POP7,YTHDC2
POP7|ZNF175,-0.10474097425784679,0.024163612198225538,POP7,ZNF175
POP7|ZNF264,-0.09889494283346836,0.01974843451345559,POP7,ZNF264
POP7|ZNF550,-0.12489749122189783,0.02221147280783359,POP7,ZNF550
POSTN|TGFBI,-0.02909533150829863,0.005742231906102371,POSTN,TGFBI
POU6F1|POU6F2,-0.027798626308673458,0.00609730491952525,POU6F1,POU6F2
PPA1|PPA2,-0.058689060824316214,0.010158588760490589,PPA1,PPA2
PPAN|PPAN-P2RY11,-0.08961614104184382,0.014049545277308034,PPAN,PPAN-P2RY11
PPIB|SPTA1,-0.040226888810301134,0.005942654131843192,PPIB,SPTA1
PPIL2|PPWD1,-0.07952026692647887,0.011665627313816327,PPIL2,PPWD1
PPM1E|PPM1F,0.1549973731337446,0.013948607316104419,PPM1E,PPM1F
PPP1R10|PRR3,-0.05117831553545601,0.009970243969118053,PPP1R10,PRR3
PPP1R8|SLC4A1AP,-0.05862151071000361,0.0051837068550281366,PPP1R8,SLC4A1AP
PPP2R1A|PPP2R1B,-0.09230897103269262,0.011709535304507331,PPP2R1A,PPP2R1B
PPP4R3A|PPP4R3B,-0.04323066541077089,0.008513976256114386,PPP4R3A,PPP4R3B
PRC1|TCEA2,-0.07936547265095753,0.009635808270631019,PRC1,TCEA2
PRDM1|ZNF683,-0.030373606411711898,0.004426880310294449,PRDM1,ZNF683
PRDM8|ZNF488,-0.02574023323025459,0.005941768188319184,PRDM8,ZNF488
PRKAA1|TP53,0.2033270071619421,0.019551074992624456,PRKAA1,TP53
PRKAB1|PRKAB2,-0.026983513949382688,0.003915349368723729,PRKAB1,PRKAB2
PROX1|PROX2,-0.03250180235574748,0.004252268854210786,PROX1,PROX2
PRPF18|RP11-295P9.13,-0.07785453739735503,0.012112276372491381,PRPF18,RP11-295P9.13
PRPF40A|PRPF40B,-0.03184111139171864,0.0064347309874591375,PRPF40A,PRPF40B
PSEN1|PSEN2,-0.07298547178382875,0.006869409571321869,PSEN1,PSEN2
PSMA1|RP11-140L24.4,-0.05192506097780478,0.013039383399380928,PSMA1,RP11-140L24.4
PSMA2|RP11-111K18.1,-0.09542784691198528,0.01024537946087833,PSMA2,RP11-111K18.1
PSMB6|PSMB9,-0.13207721092658162,0.007137892369423593,PSMB6,PSMB9
PTCH1|PTCH2,-0.04644907498113825,0.004533508336018057,PTCH1,PTCH2
PTDSS1|PTDSS2,-0.060977173822947525,0.0077641429488661635,PTDSS1,PTDSS2
PTPRN|PTPRN2,-0.04283949717221607,0.005256714501286136,PTPRN,PTPRN2
PUM1|PUM2,-0.04200468256303729,0.007514485544871952,PUM1,PUM2
PUS7|PUS7L,-0.03301115718551423,0.006140342864252766,PUS7,PUS7L
PXDN|PXDNL,-0.035285182161693955,0.004778134347008072,PXDN,PXDNL
PYGO1|PYGO2,-0.03529077093628728,0.005536636748246884,PYGO1,PYGO2
RAB11FIP3|RAB11FIP4,-0.029642730900763338,0.004844548818088552,RAB11FIP3,RAB11FIP4
RAD21|RAD21L1,-0.057229656030563854,0.007830973610793856,RAD21,RAD21L1
RAD9A|RAD9B,-0.032193178121042845,0.006066658825179213,RAD9A,RAD9B
RANBP10|RANBP9,-0.06929334068168544,0.006368649945980362,RANBP10,RANBP9
RANBP17|XPO7,-0.006978173258839628,0.004219157104094229,RANBP17,XPO7
RANBP9|SPRYD3,-0.03430744673908663,0.004792433825929145,RANBP9,SPRYD3
RARS|RARS2,-0.060811190463095244,0.009445398313999733,RARS,RARS2
RB1|SKP2,-0.09881229806930465,0.014936071415495189,RB1,SKP2
RB1|TOP2A,-0.0679368215718197,0.014186364400583342,RB1,TOP2A
RBM14|RBM14-RBM4,-0.07080717247498983,0.013443502170606043,RBM14,RBM14-RBM4
RBMXL2|RBMXL3,-0.020281551361088886,0.006116348008916393,RBMXL2,RBMXL3
RBPJ|RBPJL,-0.03082083531047289,0.006463968508761223,RBPJ,RBPJL
RBPMS|RBPMS2,-0.029774533333736385,0.0064952898849750225,RBPMS,RBPMS2
RC3H1|RC3H2,-0.022164219976672304,0.005691058796552887,RC3H1,RC3H2
RCC1|RPGR,-0.015632376073977317,0.002359821404541999,RCC1,RPGR
RCL1|RTCA,-0.03909136676462175,0.004647377845590322,RCL1,RTCA
RFX5|RFX7,-0.04228001777719622,0.003952482799629008,RFX5,RFX7
RGS12|RGS14,-0.023631391892051476,0.004499543148180194,RGS12,RGS14
RHBDF1|RHBDF2,-0.04067268844017627,0.009193407363952142,RHBDF1,RHBDF2
RHOT1|RHOT2,-0.051605744629191805,0.009703018337118762,RHOT1,RHOT2
RHPN1|RHPN2,-0.10213927730471083,0.01689850719096133,RHPN1,RHPN2
RIC8A|RIC8B,-0.015761698046673503,0.00513070918230882,RIC8A,RIC8B
RING1|RNF2,-0.018237026907237545,0.007272871035074023,RING1,RNF2
RIOK1|RIOK3,-0.03931691141432361,0.007509543477907256,RIOK1,RIOK3
RNASEH1|RP13-512J5.1,-0.012744183749072966,0.008909988044401254,RNASEH1,RP13-512J5.1
RNF139|RNF145,-0.06004838301790688,0.009263004472201396,RNF139,RNF145
RP11-20I23.1|TBC1D24,-0.07694477531537937,0.011179560947725684,RP11-20I23.1,TBC1D24
RP11-343C2.7|TMED6,-0.08453582406899304,0.009643487263792416,RP11-343C2.7,TMED6
RP11-432B6.3|TRIM59,-0.0751632250092932,0.011265693078009155,RP11-432B6.3,TRIM59
RPA2|RPA4,-0.01837156642935504,0.007432895576396063,RPA2,RPA4
RPL10|RPL10L,-0.09206754007281931,0.009831803402711137,RPL10,RPL10L
RPL17|RPL17-C18orf32,-0.11314588942768898,0.016522811446687612,RPL17,RPL17-C18orf32
RPL3|RPL3L,-0.13802820611586447,0.005491801195542607,RPL3,RPL3L
RPL7|RPL7L1,-0.07979747580100754,0.021659387086293933,RPL7,RPL7L1
RPP25|RPP25L,-0.03606564901194844,0.007174948284025635,RPP25,RPP25L
RRAGC|RRAGD,-0.027928716711433373,0.0040366127649904575,RRAGC,RRAGD
RRM2|RRM2B,-0.024326135940346334,0.009648482202964773,RRM2,RRM2B
RRP1|RRP1B,-0.10055444784650916,0.008091271870454246,RRP1,RRP1B
RRP7A|XPO1,-0.08257030255918153,0.01114678947504998,RRP7A,XPO1
RRP9|TEP1,-0.01866019219686,0.004069359287083349,RRP9,TEP1
RTN4IP1|TP53I3,-0.031655396952148564,0.006635164191884327,RTN4IP1,TP53I3
RUSC1|RUSC2,-0.029173994312235312,0.005378841302292854,RUSC1,RUSC2
RUVBL1|ZNF264,-0.12604982803603648,0.010564555172212931,RUVBL1,ZNF264
SAMD10|SAMD12,-0.06911109449645751,0.024587004868404396,SAMD10,SAMD12
SAMD11|SAMD7,-0.043611765424864814,0.007799469551292458,SAMD11,SAMD7
SAMD4A|SAMD4B,-0.07559192819106167,0.00940367430865176,SAMD4A,SAMD4B
SAR1A|SAR1B,-0.05972432205595634,0.011692563042613758,SAR1A,SAR1B
SBF1|SBF2,-0.03437406400814905,0.004876447432642364,SBF1,SBF2
SBNO1|SBNO2,-0.02376253359879047,0.005104375054183153,SBNO1,SBNO2
SCAF4|SCAF8,-0.004482109526964146,0.010259782857595982,SCAF4,SCAF8
SCO1|SCO2,-0.02558291078206773,0.007468478281165171,SCO1,SCO2
SCRN1|TYMS,-0.030723458690978655,0.00506808733352173,SCRN1,TYMS
SCYL1|SCYL3,-0.03131697209766679,0.005020487988815525,SCYL1,SCYL3
SDC1|SDC3,-0.03710942890464742,0.007792855632841187,SDC1,SDC3
SEC11A|SEC11C,-0.022039692707078003,0.00692738078045511,SEC11A,SEC11C
SEC23A|SEC23B,-0.03272786049271991,0.0078394743952131,SEC23A,SEC23B
SEC24A|SEC24B,-0.03217668238008501,0.0062770711551160974,SEC24A,SEC24B
SEC31A|SEC31B,-0.043028402790587596,0.005470618345165824,SEC31A,SEC31B
SEC61A1|SEC61A2,-0.026085469546641836,0.005496853180921569,SEC61A1,SEC61A2
SEMA3C|TYMS,-0.05871950378200777,0.004821678237683738,SEMA3C,TYMS
SEPHS1|SEPHS2,-0.04177306393894648,0.005516374917585115,SEPHS1,SEPHS2
SETDB1|SETDB2,-0.0067237277862062985,0.004245501422783021,SETDB1,SETDB2
SGCE|TYMS,-0.037846095412048704,0.0050342533543758505,SGCE,TYMS
SGK2|TP53,0.17725987134218218,0.010239157907953931,SGK2,TP53
SHCBP1|SHCBP1L,-0.07618699304760128,0.006642139062281299,SHCBP1,SHCBP1L
SIN3A|SIN3B,-0.02134001954631464,0.006934974453800598,SIN3A,SIN3B
SIRT2|SIRT3,-0.047979955558920845,0.004544339325694216,SIRT2,SIRT3
SIRT6|SIRT7,-0.053942627361304965,0.00562993630458969,SIRT6,SIRT7
SIX4|SIX5,-0.03492803928569381,0.0068632469258308754,SIX4,SIX5
SKAP2|TYMS,-0.048286348396843565,0.0058649179495540976,SKAP2,TYMS
SKIV2L|SKIV2L2,-0.057756035418940706,0.008020467048037602,SKIV2L,SKIV2L2
SKI|SKIL,-0.029359107877995515,0.003737512140775614,SKI,SKIL
SKOR1|SKOR2,-0.003714792729312081,0.004275697074630374,SKOR1,SKOR2
SLC11A1|SLC11A2,-0.043673990529982214,0.005396558370947112,SLC11A1,SLC11A2
SLC25A15|SLC25A2,-0.035799246520669736,0.007355533207534191,SLC25A15,SLC25A2
SLC25A28|SLC25A37,-0.10763845994482697,0.006957371874229024,SLC25A28,SLC25A37
SLC30A1|SLC30A10,-0.002283360814872964,0.004959037232738312,SLC30A1,SLC30A10
SLC31A1|SLC31A2,-0.020727897285753687,0.004493248532724056,SLC31A1,SLC31A2
SLC35B1|SLC35B2,-0.06376975760811397,0.012069777030240352,SLC35B1,SLC35B2
SLC35B1|SLC35B3,-0.05393201234587225,0.012299867855541116,SLC35B1,SLC35B3
SLC35F3|SLC35F4,-0.011241461409196978,0.008236856435337654,SLC35F3,SLC35F4
SLC38A1|SNRPB,-0.03236904407554215,0.008591122376890376,SLC38A1,SNRPB
SMAP1|SMAP2,-0.04382141423784844,0.007680782677084259,SMAP1,SMAP2
SMARCA1|SMARCA5,-0.016655763010834115,0.005135172277800542,SMARCA1,SMARCA5
SMARCA2|SMARCA4,-0.0604086553526613,0.006275691186717449,SMARCA2,SMARCA4
SMARCC1|SMARCC2,-0.07929751362312869,0.011770491713433005,SMARCC1,SMARCC2
SMC1A|SMC1B,-0.09720212412867169,0.009606704320282575,SMC1A,SMC1B
SMC4|ZFPL1,-0.019519012050386392,0.00587641098296298,SMC4,ZFPL1
SMG1|SMUG1,-0.0829390313240671,0.006370057124709267,SMG1,SMUG1
SNRNP35|SNRNP70,-0.0366961564293951,0.005427543897026367,SNRNP35,SNRNP70
SNRPA|SNRPB2,-0.04604877030736456,0.012811297383056074,SNRPA,SNRPB2
SNRPB|SNRPN,-0.060351035053945665,0.011627030732986491,SNRPB,SNRPN
SNRPB|TCF7L2,-0.06094671150390075,0.009532847350352754,SNRPB,TCF7L2
SNRPB|ZNF268,-0.052470682954842696,0.012549340718274718,SNRPB,ZNF268
SNRPB|ZNF75A,-0.06311510107278263,0.010554845479657196,SNRPB,ZNF75A
SOAT1|SOAT2,-0.05559184005360394,0.008305015925374462,SOAT1,SOAT2
SOCS4|SOCS5,-0.040511232975781436,0.0061523756313640945,SOCS4,SOCS5
SORBS1|SORBS2,-0.05007194742444246,0.005967326395259458,SORBS1,SORBS2
SOS1|SOS2,-0.053348506257054173,0.007220953375823935,SOS1,SOS2
SPARC|SPARCL1,-0.039984695313198516,0.005729645116281373,SPARC,SPARCL1
SPATA5L1|VCP,-0.035135501755240266,0.006979199173667347,SPATA5L1,VCP
SPECC1|SPECC1L,-0.06248397634571709,0.005931066568550306,SPECC1,SPECC1L
SPHK1|SPHK2,-0.05268019937863496,0.011363821048261103,SPHK1,SPHK2
SPIRE1|SPIRE2,-0.04610597440754065,0.009997958503187713,SPIRE1,SPIRE2
SPON1|THSD7A,-0.01911808234034571,0.004880019408672024,SPON1,THSD7A
SPTA1|SPTAN1,-0.01607454877738734,0.007694860040046188,SPTA1,SPTAN1
SPTLC2|SPTLC3,-0.029423306024081365,0.00616185078898026,SPTLC2,SPTLC3
SREBF1|SREBF2,-0.07343298253729263,0.012795161135188722,SREBF1,SREBF2
SREK1|SRSF11,-0.008638403521154898,0.009141632941276557,SREK1,SRSF11
SRRM2|SRRM3,-0.045461511564142805,0.01620228859465883,SRRM2,SRRM3
SS18|SS18L1,-0.05907591078998128,0.012136734192196227,SS18,SS18L1
STAM|STAM2,-0.04322845320398699,0.007510059951447363,STAM,STAM2
STAU1|STAU2,-0.021822476626092026,0.007682719327310074,STAU1,STAU2
STIM1|STIM2,-0.04919066461274805,0.007344151046949571,STIM1,STIM2
STON1|STON1-GTF2A1L,-0.023847957903392548,0.004342429524130415,STON1,STON1-GTF2A1L
STRIP1|STRIP2,-0.0483850702122122,0.00845555285036837,STRIP1,STRIP2
STT3A|STT3B,-0.02439944895419808,0.009054762009638203,STT3A,STT3B
SUCLA2|SUCLG2,-0.05187124302317248,0.0059603206591053596,SUCLA2,SUCLG2
SYNJ1|SYNJ2,-0.04637949972706397,0.005730125405602405,SYNJ1,SYNJ2
SYS1|SYS1-DBNDD2,-0.03843448105576543,0.009704548845660778,SYS1,SYS1-DBNDD2
SYT12|SYT13,-0.06176276839735302,0.007402639818652805,SYT12,SYT13
TADA2A|TADA2B,-0.038635524494922566,0.007616535152465341,TADA2A,TADA2B
TAF1D|ZNF536,-0.00986334921728647,0.006605172118092602,TAF1D,ZNF536
TAF1|TAF1L,-0.08598733948411555,0.008355033205307385,TAF1,TAF1L
TAF4|TAF4B,-0.05215626811636386,0.011043503690136378,TAF4,TAF4B
TAF5|TAF5L,-0.060930750644287136,0.011124435089145545,TAF5,TAF5L
TAF9|TAF9B,-0.037850167036267,0.010941068498636897,TAF9,TAF9B
TANC1|TANC2,-0.006766674300456763,0.003798290639335472,TANC1,TANC2
TATDN1|TATDN2,-0.03958280859451021,0.006350839218830705,TATDN1,TATDN2
TBC1D1|TBC1D4,-0.03676211042149926,0.010048947123280746,TBC1D1,TBC1D4
TBP|TBPL2,-0.07622614054055578,0.01230076896444542,TBP,TBPL2
TDRD15|TDRD6,-0.026961208727367892,0.004297311846065762,TDRD15,TDRD6
TECR|TECRL,-0.08507649063455813,0.0075141465676167585,TECR,TECRL
TGFBRAP1|VPS39,-0.040818255580964066,0.005093920720954883,TGFBRAP1,VPS39
TICAM2|TMED7-TICAM2,-0.04187688955383069,0.005607017811772345,TICAM2,TMED7-TICAM2
TIMM23|TIMM23B,-0.025693082536793616,0.005425373213445135,TIMM23,TIMM23B
TINAG|TINAGL1,-0.050484276957962315,0.007662179921123396,TINAG,TINAGL1
TJP1|TJP2,-0.056401686552193325,0.0044274741844317145,TJP1,TJP2
TLK1|TLK2,-0.08186799597368397,0.01125297948802202,TLK1,TLK2
TLN1|TLN2,-0.024685874990054008,0.006229222073940326,TLN1,TLN2
TM2D1|TM2D3,-0.02448166760922922,0.015118152923779533,TM2D1,TM2D3
TMEM117|TYMS,-0.049141803537847355,0.005100395238289469,TMEM117,TYMS
TMEM161A|TMEM161B,-0.02927961242439532,0.00435946519738731,TMEM161A,TMEM161B
TMEM185A|TMEM185B,-0.060408456780067094,0.0047217617319966435,TMEM185A,TMEM185B
TMEM30A|TMEM30B,-0.013855698765081663,0.005663880976254957,TMEM30A,TMEM30B
TMEM9|TMEM9B,-0.0309783799023448,0.006855616095333063,TMEM9,TMEM9B
TNK1|TNK2,-0.04128486531852071,0.007988058808761878,TNK1,TNK2
TNPO1|TNPO2,-0.013993995402035553,0.00589915659807547,TNPO1,TNPO2
TOB1|TOB2,-0.02650916937753055,0.003940613749561306,TOB1,TOB2
TOMM40|TOMM40L,-0.10695272840532373,0.007843769466029776,TOMM40,TOMM40L
TOP1|TOP1MT,-0.09585763266442092,0.009194381960917045,TOP1,TOP1MT
TOP2A|TOP2B,-0.05511616157526219,0.01253321649363053,TOP2A,TOP2B
TOP3A|TOP3B,-0.03800146804643236,0.005890606323924902,TOP3A,TOP3B
TP53INP1|TP53INP2,-0.034251534617350726,0.004882116785467563,TP53INP1,TP53INP2
TP53|WEE1,-0.17280077038257285,0.011787555888093848,TP53,WEE1
TPST1|TPST2,-0.01983715187802677,0.003970967684689994,TPST1,TPST2
TRAF5|ZFPL1,-0.040713426096083326,0.007198375384942728,TRAF5,ZFPL1
TRAK1|TRAK2,-0.060972156888495804,0.004111442641053614,TRAK1,TRAK2
TRAPPC3|TRAPPC3L,-0.029295652518162085,0.007582417639133447,TRAPPC3,TRAPPC3L
TRIM47|XPO1,-0.04531035687314895,0.00588736096229145,TRIM47,XPO1
TRIP6|TYMS,-0.06260911626597304,0.004740127450452529,TRIP6,TYMS
TSPAN13|TYMS,-0.02725515315089316,0.004491081560768726,TSPAN13,TYMS
TSPO|XPO1,-0.03962123539547211,0.0027794587663254973,TSPO,XPO1
TTBK1|TTBK2,-0.0330944023728962,0.006114425283167258,TTBK1,TTBK2
TTC7A|TTC7B,-0.09483878015981766,0.005596287479838548,TTC7A,TTC7B
TTLL11|TTLL4,-0.05691998779549954,0.0055883909124679835,TTLL11,TTLL4
TUBGCP2|TUBGCP3,-0.06188217563702469,0.014573184406909731,TUBGCP2,TUBGCP3
TWF1|TWF2,-0.03042605425081851,0.005293335394314562,TWF1,TWF2
TXNL4A|TXNL4B,-0.06929876253856249,0.00995477963503565,TXNL4A,TXNL4B
TYMS|ZYX,-0.024833767438605495,0.005579269051720173,TYMS,ZYX
U2AF2|UHMK1,-0.11804327470916627,0.010725048729922746,U2AF2,UHMK1
UAP1|UAP1L1,-0.054135101716766325,0.0048582153968910035,UAP1,UAP1L1
UBAP2|UBAP2L,-0.05369867762575746,0.006326799707505738,UBAP2,UBAP2L
UBE2C|UBE2U,-0.07987732696896155,0.010548703366892492,UBE2C,UBE2U
UBE2V1|UBE2V2,-0.06820914746373397,0.0076450458605161215,UBE2V1,UBE2V2
UBN1|UBN2,-0.06939780994558217,0.008483125017496129,UBN1,UBN2
UCK2|UCKL1,-0.03524717114485669,0.004918720833334146,UCK2,UCKL1
ULK1|ULK2,-0.00736674974203829,0.005380645702375143,ULK1,ULK2
UNC119|UNC119B,-0.056707141098933184,0.0057908956907471104,UNC119,UNC119B
UNC45A|UNC45B,-0.043724027740703164,0.006141182224614975,UNC45A,UNC45B
UPF3A|UPF3B,-0.03766352071701266,0.010734615290854975,UPF3A,UPF3B
USP13|USP5,-0.06571585041420985,0.00648275006381657,USP13,USP5
USP16|USP45,-0.04416496684078603,0.006223439979987902,USP16,USP45
USP35|USP38,-0.05803031931412364,0.005486429042254941,USP35,USP38
USP36|USP42,-0.053395183157162275,0.009389246282587152,USP36,USP42
USP53|USP54,-0.051077747199552166,0.008100261939730225,USP53,USP54
USP6|USP6NL,-0.02506532981339127,0.006039254038984845,USP6,USP6NL
UTP14A|UTP14C,-0.04286020032013066,0.00950560704342908,UTP14A,UTP14C
VANGL1|VANGL2,-0.023391023970789862,0.005359104240382524,VANGL1,VANGL2
VARS|VARS2,-0.05162630808591175,0.008838736638741785,VARS,VARS2
VPS26A|VPS26B,-0.035364252021880996,0.00782901819522087,VPS26A,VPS26B
VWDE|WIF1,-0.030049243717377452,0.00506821449436493,VWDE,WIF1
WAS|WASL,-0.019701429051903717,0.004513018881321201,WAS,WASL
WDHD1|ZSWIM3,-0.08502785328580581,0.014221663422263936,WDHD1,ZSWIM3
WDR12|WDR37,-0.01948184410261542,0.004829978750721236,WDR12,WDR37
WDR7|WDR72,-0.05924753898701199,0.0067148413609850865,WDR7,WDR72
WEE1|WEE2,-0.11028257174535669,0.006929155937219137,WEE1,WEE2
WSB1|WSB2,-0.022255932883778723,0.007229840651082698,WSB1,WSB2
WWTR1|YAP1,-0.07306177760241361,0.017831175644528203,WWTR1,YAP1
XRN2|XYLT2,-0.07400133753607353,0.011086875641191544,XRN2,XYLT2
XYLT1|XYLT2,-0.08713649825357252,0.01141919757043476,XYLT1,XYLT2
YIF1A|YIF1B,-0.08355189715723986,0.009781546398333592,YIF1A,YIF1B
YIPF1|YIPF2,-0.0652270010690173,0.006006860075442147,YIPF1,YIPF2
YIPF5|YIPF7,-0.06719335716977047,0.007893701632607632,YIPF5,YIPF7
ZBTB10|ZBTB46,-0.043798363996138664,0.007196825800484126,ZBTB10,ZBTB46
ZBTB2|ZBTB25,-0.013290734678533353,0.008138615953396388,ZBTB2,ZBTB25
ZC3H4|ZC3H6,-0.060050651055275586,0.0047929556013017235,ZC3H4,ZC3H6
ZDHHC13|ZDHHC17,-0.04797279056382973,0.006833514324580405,ZDHHC13,ZDHHC17
ZEB1|ZEB2,-0.004547753227250503,0.005016354148809489,ZEB1,ZEB2
ZFR|ZFR2,-0.02701583532250318,0.005837151028434105,ZFR,ZFR2
ZMIZ1|ZMIZ2,-0.05878647529236292,0.006808231841579698,ZMIZ1,ZMIZ2
ZNF142|ZNF513,-0.03440530651200803,0.00550929175701681,ZNF142,ZNF513
ZNRF1|ZNRF2,-0.0235839834975171,0.012617724314568436,ZNRF1,ZNRF2
