,HAP1.T12,HAP1.T18
SLC16A1_SLC16A3,-3.079869888968139,-3.1784373639464065
MDM4_TP53,0.6130753435923822,0.908436562049015
APC_CTNNB1,1.7376263011170747,1.463597622036692
BRAF_MAP2K1,-0.00638753080519957,0.24101970085256905
CCNE1_CDK2,1.4108239864877654,1.4792511641029495
BRAF_PEA15,0.2620547757471914,0.44265139064419556
CBFB_RUNX1,1.8269850220327457,1.297523457138689
SMARCA2_SMARCA4,0.24253838609595538,-0.2685741292385557
BRD4_KDM4C,1.1283707921325397,1.795991869357699
BRD4_KDM6B,-0.4740687665910284,-0.9814471785025167
SRRM1_SRRM2,0.617469891128642,0.10460152069165077
TRA2A_TRA2B,0.8497989895623828,1.6209871893812504
PAIP1_PAIP2,0.7420448389368124,1.0545185143163587
EIF4E_EIF4E2,2.2005333966615197,1.9305706192810044
ENO1_ENO2,-2.5744688946559617,-1.9601849554726392
ENO1_ENO3,-0.0005044603673450294,0.10419423030461988
ENO2_ENO3,-0.35749732267534934,-0.0778539018331065
CREBBP_EP300,-0.16916604210675545,0.00828518758369793
BCL2L1_BCL2L2,1.819306185166969,2.414854872127379
BCL2L1_MCL1,5.159389322926156,5.45241737897947
PARP1_PARP2,-0.285134625255228,-0.8951639270821767
MAPK1_MAPK3,-0.11390338165384718,0.426539487042911
MDM2_TP53,1.5980015647233692,1.690310868531325
ABHD12_ABHD12B,1.3332714803529075,0.9341183440498911
ABL1_ABL2,-0.7913153925650827,-1.0749418031994489
DMWD_WDR20,1.529341113939841,1.1296947902420837
HNRNPL_HNRNPLL,1.5240107535126695,-0.14872845341280744
ACBD3_TMED8,-0.41489384966818266,-0.014477529742203862
ACBD7_DBI,-1.451057460520497,-1.5341596102047839
ACSL1_ACSL6,-0.46019979655829535,0.15703821730231274
ACTR1A_ACTR1B,-0.628484140679534,0.18752647812087647
ACVR2A_ACVR2B,-0.3125668069290466,-0.7546195705966249
ADAMTS10_ADAMTS6,-0.85255624156298,-0.12958722804221467
ADAMTSL1_ADAMTSL3,0.04988675206253889,0.12432606696002924
ADAP1_ADAP2,-0.7769055680039917,-0.001716063505752747
ADSS_ADSSL1,-0.6671587576377461,-0.8445729969088211
AGPAT3_AGPAT4,-0.3467761339163757,-0.4488109021333071
AHCYL1_AHCYL2,-0.3827117057171035,-0.1596878391724568
AHNAK_AHNAK2,0.707555832005193,1.1889405484187991
AHSA1_AHSA2,0.10000871539668242,0.26481092863391187
AJUBA_WTIP,0.7421483986037609,0.42721726189720294
AK1_AK5,-1.3009128539153012,-1.0363220686405452
AK3_AK4,0.6447376065254123,0.8084833031063138
ALMS1_C10orf90,-0.7248222584990284,-0.8618429395307514
AMOT_AMOTL2,-0.960760382424142,-1.3834072027264444
ANK2_ANK3,-1.3083020170814608,-1.6447068195956425
ANKRD11_ANKRD12,-0.11894776157758209,-0.5298492844074879
ANO4_ANO5,-0.9414680137364793,-0.8900223793503402
ANXA5_ANXA6,1.753565441277487,0.9744836970856914
AP1B1_AP2B1,-3.332499210060896,-3.193028897689272
AP1G1_AP1G2,0.6858659755541869,0.3080978953752797
AP2A1_AP2A2,-3.9707114606885052,-3.0679174634554123
AP3B1_AP3B2,0.7151342869070239,0.676608375453272
APBA2_APBA3,-1.0050386165560212,-1.1138416152895634
APBB2_APBB3,0.2562772131798062,0.12678682422338597
APH1A_APH1B,-0.4999490529453479,-0.8385648289587735
APLP1_APLP2,-0.2442658672691886,-0.2825519108664745
ARAP2_ARAP3,-0.24500700756430677,-0.40605943532334526
ARF4_ARF5,-0.45253237721171335,-0.856629771846264
ARFGEF1_ARFGEF2,0.31425113764380447,-0.10617230758182922
ARHGAP22_ARHGAP24,0.25668828765737184,0.47094377099787593
ARHGAP31_ARHGAP33,1.1843462417606003,1.1840160430496047
ARHGEF1_ARHGEF12,-0.5551797114388968,-0.8199442248344733
ARHGEF6_ARHGEF7,-1.1366240583027754,-1.463490424722351
ARHGEF37_DNMBP,-0.09113100730960623,-0.18713913745656074
ARID1A_ARID1B,-0.8940398382786573,-0.8430829540109185
ARL8A_ARL8B,-0.5877292316284202,-0.8522684209078114
ARNT_ARNT2,-0.001578649971408474,-0.5635522430777805
ARPC5_ARPC5L,-2.2165979458878216,-2.1065772624983636
ARPP19_ENSA,-0.4224605735521626,1.5985349016571098
ATAD2_ATAD2B,1.1417188963239178,0.6688565784386352
ATF3_JDP2,0.9665394714662049,1.0007660382494497
ATF6_ATF6B,0.23631589248498885,-0.12388003739623313
ATG4A_ATG4B,0.9706567951148373,1.8969390681593725
ATG4C_ATG4D,0.3595344420894779,0.30553251807419907
ATG16L1_ATG16L2,0.9824130809653034,0.4637317476559436
ATP6V0A1_ATP6V0A4,0.6041088908276624,0.3162296091445928
ATP6V0A2_TCIRG1,-0.3958880162063273,0.2873258025407344
ATP6V1C1_ATP6V1C2,2.2178835807036763,1.2707399961250603
ATP8A1_ATP8A2,2.142624406485294,2.2118483802277424
ATP9A_ATP9B,1.553029815034979,1.061090135899972
ATRN_ATRNL1,0.7594317113374707,1.234718359168285
ATXN1_ATXN1L,-2.040755051953852,-1.914049681143239
ATXN7_ATXN7L2,-1.0759833146428968,-0.7741461861440125
AUH_ECHDC2,1.5023751575758746,1.0359860275301818
AXIN1_AXIN2,0.29583759344742994,0.5735436379616089
B4GALT5_B4GALT6,0.9638401806047431,-0.2539489502696104
BACH1_BACH2,-0.7193342716138219,-0.41492258003381094
BAG3_BAG4,-0.43854479117613504,-0.20452520872840632
BAIAP3_UNC13D,0.17567969042345127,0.5337194903310762
BANK1_PIK3AP1,-0.24149716485868392,0.5148830425544602
BCOR_BCORL1,-0.7144778759379383,-0.6441162213971939
BEGAIN_TJAP1,0.13036997762958696,0.32466408732673374
BMI1_PCGF2,0.6237496438574965,1.0294032651231388
BMPR1A_BMPR1B,0.9723739993039415,0.7027497719733774
BRD7_BRD9,0.9565103503436132,1.2219368611595025
BRMS1_BRMS1L,-0.5675386963631857,-0.9657288276192434
BTBD1_BTBD2,-0.24120114535767212,-0.8469474928141616
BTBD3_BTBD6,1.4337215154351983,0.8498144029938223
BTBD10_KCTD20,-0.3200365141094171,0.2514506279539513
BTRC_FBXW11,-1.2493329879142692,-1.2446214040682775
CAB39_CAB39L,-2.675838838364621,-2.4028749961682117
CALB1_CALB2,-1.028506269313043,-0.8044568533205194
CALM1_CALM2,0.6942270071150961,0.7056084285516836
CAMKK1_CAMKK2,0.8691934823511441,0.615899073774734
CAND1_CAND2,-0.36563605201911853,-1.124451793182931
CANX_CLGN,0.20583342208220393,-0.1250762295244862
CAPRIN1_CAPRIN2,0.5033642600283625,0.8280236043831337
CASKIN1_CASKIN2,0.004819265201463639,-0.18532726467083294
CASP3_CASP7,0.338622040837341,0.24470270037457545
CBX1_CBX5,-0.875387511712219,-0.7821558730738509
CC2D1A_CC2D1B,-0.3147913811807533,0.028657472435672286
CCDC102A_CCDC102B,2.162995077374621,2.2109979137407803
CCNA1_CCNA2,0.3141186629445317,0.6142304125168029
CCNB1_CCNB2,-2.714756161146199,-1.84748385196775
CCND1_CCND2,0.6109194005767719,1.2361235649490836
CCNE1_CCNE2,1.1823447565723295,0.7142616724841249
CCNG1_CCNG2,-0.07027272197874411,-0.14584052709500253
CCNJ_CCNJL,0.3076996729718243,0.5731282072139426
CCNL1_CCNL2,-2.042074382819447,-0.9591328233851958
CCNT1_CCNT2,-1.4723692308255911,-1.353786270685204
CCNY_CCNYL1,1.881752083924526,2.1284124189274403
CD151_TSPAN11,-1.3096323617043577,-1.8501461968299624
CDC34_UBE2R2,1.2276436934541095,0.704069745027807
CDK2_CDK3,1.7972100305945997,2.121336501117926
CDK2AP1_CDK2AP2,-1.415738024547586,-2.093808250286114
CDK12_CDK13,-0.35600348001795395,0.31775599281046035
CDK14_CDK15,0.9641641037448339,0.49170697816943115
CDKL2_CDKL3,-0.3799425755022152,-0.4628415630176626
CEP85_CEP85L,-0.14451829107045652,0.47670935031232203
CERS5_CERS6,-0.12908814735661372,-0.13744648892357078
CHCHD3_CHCHD6,-1.1804737049549994,-1.44982738165285
CHD1_CHD2,-1.1387792727400827,-1.4537161173538145
CHD3_CHD5,-1.8605212255739996,-1.9229201543327066
CHIC1_CHIC2,-1.0307630692110583,-1.1421522640280124
CHMP4A_CHMP4C,1.2935135007865266,0.7250631892225917
CHPF_CHPF2,1.5669753969300892,1.7780588245640272
CHSY1_CHSY3,0.05672858176019892,0.02111383726769816
CLCN3_CLCN4,-0.6519412615922044,-1.1862884935772693
CLIP1_CLIP2,-1.0307362982283679,-0.8885418498827359
CLOCK_NPAS2,0.5926960091428053,0.15884252642835706
CLTC_CLTCL1,-0.4725077276775597,-0.899899198578072
CNKSR1_CNKSR3,-0.9664889654898341,-0.5465218102004
CNOT7_CNOT8,-2.1471634231789034,-1.8946511373932287
COMP_THBS3,-0.409384881224368,-1.0671658423745698
COPG1_COPG2,-0.963648772540542,-0.07043981729887562
COPZ1_COPZ2,0.4736261401171724,0.5690967446015037
COQ10A_COQ10B,-5.633361078035025,-5.087679521767765
CORO2A_CORO2B,-0.1444537588848562,1.04406347539972
CRABP1_CRABP2,1.1729736475213532,1.4499466830303573
CRELD1_CRELD2,1.4532137342973428,1.7393831119650744
CSAD_GADL1,-0.8369085193948986,-0.8676796069995196
CSNK1D_CSNK1E,-1.4894597528685347,-1.3025926100009582
CSNK2A1_CSNK2A2,-1.005798609033283,-0.482508400799585
CTBP1_CTBP2,-0.1888414160300951,-1.4704874703860513
RAVER1_RAVER2,1.177561209268954,1.5349726630645122
CTPS1_CTPS2,-1.8453944108841636,-0.8870924832731621
CUL4A_CUL4B,-4.591464159648241,-4.984370727627878
CUX1_CUX2,0.07939701413845873,-0.10657190395994853
CYB5A_CYB5B,-0.81862880643978,-0.8732289431191329
DAAM1_DAAM2,-0.6459554776205545,-1.175849768514859
DAB1_DAB2,-0.6228019689589427,-0.027913883411254843
DACH1_DACH2,0.236498262920115,0.3805740871405841
DCHS1_DCHS2,1.6468742804997185,1.7802459991092583
DDHD2_SEC23IP,-0.6505209194345868,-0.09705505814650496
DDR1_DDR2,0.6956208623718713,0.11520697026680178
DENND6A_DENND6B,0.5442789549698203,-0.21573809678750408
DERL2_DERL3,-1.1883520170770476,-0.9584533524715753
DHX32_DQX1,-0.0607862304820143,0.22387158829959927
DHX58_IFIH1,0.34380814961066763,0.008964897966983543
DIP2A_DIP2C,-0.17739510977767742,-0.31457513606171356
DLG1_DLG4,-0.5059724373196562,-0.4468685763094266
DLG2_DLG3,0.8754783554860911,1.0156041941905896
DMRTA1_DMRTA2,1.0948699533083857,1.5115880299297604
DNAH11_DNAH17,0.5428038048309124,0.1642290069247061
DNAJA1_DNAJA4,-1.829580121451282,-1.391467207843515
DNAJC15_DNAJC19,-2.186751554795404,-1.8579563622440105
DOCK3_DOCK4,0.4681175331168642,0.38037012013293425
DOK1_DOK3,-1.1275032426572364,-1.1241497727950573
DOPEY1_DOPEY2,0.8998264434615993,1.5468792306354804
DST_MACF1,-0.7674372458759278,-0.6477536079382351
DUSP15_DUSP22,0.822575981929489,1.1579727949504164
DUSP16_DUSP8,0.9527483676600893,1.4667317573799625
DVL1_DVL3,-1.5164645299845052,-1.2831756370593956
DYNLL1_DYNLL2,-0.2685572308565466,-0.24341352730133925
DYRK2_DYRK3,-0.36436961060275097,-0.18788560260242854
E2F7_E2F8,-0.4214769179038153,-0.521890570707477
EBF1_EBF3,1.526397230530493,1.4498587933924365
EEF1A1_EEF1A2,1.856407099442529,1.9137233318252413
EFHD1_EFHD2,0.60339346967318,0.35657267028571843
EGR2_EGR3,0.6739932217850301,0.8907061278479752
EHBP1_EHBP1L1,-1.1230721432578739,-0.6224553967890967
EIF1_EIF1B,1.0906972965232404,1.2906491243502152
EIF4A1_EIF4A2,2.6748418598948334,1.8632157010972306
EIF4EBP1_EIF4EBP2,0.3671521853516164,-0.009365512818905625
EIF4G1_EIF4G3,0.7610289065903588,0.7609542312687652
ELAVL1_ELAVL2,-0.6264332117006723,-0.47013790242653014
ELK3_ELK4,0.6547904003841432,1.437221121791768
ELMO2_ELMO3,0.03870628075243141,-0.02164029928225274
ELMOD1_ELMOD2,0.38776478939587394,-0.14251894490714886
ELOVL1_ELOVL7,1.4689001094507694,1.7902003804843554
EMC8_EMC9,0.6220372721856866,0.3196645811171775
EME1_EME2,1.168898556106733,0.8504393406479089
EMX1_EMX2,-0.4927836784796112,-0.32238069725858703
EN1_EN2,1.996761728858033,1.9015550003891604
ENOX1_ENOX2,-0.8161309320475209,-0.9823427640484278
ENTPD5_ENTPD6,-1.349725756735654,-0.9950997137565758
EP400_SRCAP,0.07186213804655844,0.3988500050750606
EPC1_EPC2,0.2281611214113315,0.6205986377025774
EPS15_EPS15L1,0.7801731083395534,1.4555158438095328
ERC1_ERC2,0.31845472088993787,1.1502789331595167
ERLIN1_ERLIN2,0.11258618356341865,-0.36335938441267074
ESRP1_ESRP2,-0.41293093811356857,-0.32788990191043127
ESYT2_ESYT3,-0.26602971372005757,-0.19070438723564168
ETS1_ETS2,-0.06072815915103307,0.12502196390289555
ETV1_ETV4,0.6145592609472852,1.0502748926232317
EXOC6_EXOC6B,-0.9994875736427774,-1.2499539316226171
EXT1_EXTL1,1.136842041928341,0.6083593622963194
FAM49A_FAM49B,-1.0349190065975766,-0.5444657468274897
FAM78A_FAM78B,0.14004174326625585,0.570111680834266
UBALD1_UBALD2,0.437692326558226,0.6695211948493909
FAM102A_FAM102B,-2.0026602657436534,-2.296435052353069
FAM117A_FAM117B,0.031231373537680285,-0.1332228199097048
MVB12A_MVB12B,0.027747686916093302,-0.05247903804731082
FAM126A_FAM126B,-0.6324060186927712,-0.6447667370329564
FAM160A1_FAM160A2,-0.7243837137496041,-0.6205976034779013
FAM160B1_FAM160B2,0.510682525880412,0.298344787626651
FAM161A_FAM161B,-0.161762538020027,-0.13622162366593452
FARP1_FARP2,-0.49673095899068626,-0.5083992619824557
FBLIM1_ZYX,0.6331141870761817,1.200948019357411
FBN1_FBN2,-1.4463260042824446,-1.0932612338860304
FBXO25_FBXO32,-0.19454193960246127,-0.8398868164848492
FEM1A_FEM1C,0.7013398400645917,0.49402392741036294
FER_FES,0.5853441795751951,0.9872546999571216
FGF1_FGF2,-0.9863999680130422,-1.4540656051723544
FHOD1_FHOD3,0.5147344745590118,0.7794435313347069
FLNB_FLNC,-0.5068536342099025,-0.8175514322995855
FMN1_FMN2,1.274830112602538,1.207485983009131
FNDC3A_FNDC3B,0.19650774553452963,0.11903542976986874
FOXF1_FOXF2,1.2116880258521614,1.0231972668938794
FOXK1_FOXK2,1.0749614507643823,1.6234734908858999
FOXN2_FOXN3,-1.0367143687680447,-1.0277257249659781
FSCN1_FSCN2,0.45506018922065483,0.36583180242199015
FST_FSTL3,0.8564212328294817,1.6137056947078103
FUBP1_FUBP3,1.4900087361830179,2.7331081575048985
FUCA1_FUCA2,0.4985986968172107,0.9020057427980291
FUNDC1_FUNDC2,-0.12041005124335778,-0.18759307297955602
GALNT10_GALNTL6,0.9632765697050693,0.48650156132029465
GATAD2A_GATAD2B,0.1281754091447607,0.009513039498446459
GDPD1_GDPD3,0.35625434152872404,0.15589033367781113
GFOD1_GFOD2,0.10978273663385206,0.8039298974078567
GLIS1_GLIS3,0.4244249633459874,0.04037422854793106
GMFB_GMFG,0.8734592084967243,0.6194514665625867
GNA11_GNAQ,0.5596556808562883,0.6168790285456935
GNA12_GNA13,1.1715827679821433,0.5303418793342453
GNAL_GNAS,1.1459819981218218,1.7294752959129438
GNB1_GNB4,-0.28080582906297213,-1.036830431996894
GNL3_GNL3L,-0.8334325961964215,-1.2428908585392326
GNPDA1_GNPDA2,-1.5312094503242137,-1.4002503060081481
GOLGA7_GOLGA7B,0.20656181372930152,0.46240850271260026
GPATCH2_GPATCH2L,1.1981220140340105,1.5466514318403286
GPC1_GPC6,-1.0894560864557314,-0.1789339335932152
GPR137_GPR137C,-1.9608194663774803,-1.2209836922302373
GPSM1_GPSM2,-0.1487222256936709,0.5915936793204559
GREB1_GREB1L,1.3731667686328135,0.5486483635471807
GRPEL1_GRPEL2,1.7209689776323132,2.33014579201646
H2AFY_H2AFY2,-1.4975084669841785,-1.4881645415598157
HEATR5A_HEATR5B,1.7256684680877674,1.8249516854211936
HERC3_HERC4,0.9495012057345574,1.9241516789841497
HEXA_HEXB,-0.8226896853506592,-0.6988546688517743
HIP1_HIP1R,-0.06327977075216307,-0.05654421397039791
HNRNPF_HNRNPH3,-2.7705944012738826,-2.0452927311822964
HNRNPR_SYNCRIP,-0.02881807705678,-0.5437985963487484
HOOK1_HOOK2,0.7987304593474975,1.197186913355924
HOXA2_HOXB2,-0.9753550380871968,-1.2210678302777567
HOXA7_HOXB7,-0.6811011455407291,-0.5776297263074549
HPCAL4_VSNL1,-0.9160267911515484,-0.42516880616410774
HSF1_HSF4,1.67065210557855,1.9291082503374437
HSP90AA1_HSP90AB1,-0.9390936380993712,-0.49101666097120344
HSPA12A_HSPA12B,1.588361064600193,0.7549763373231304
ICA1_ICA1L,-0.4474701148197917,0.12572569383006096
ID1_ID2,0.5511755675383838,-0.13841557346760325
IFRD1_IFRD2,-1.3691308605556471,-1.7291609593239115
IGF2BP1_IGF2BP3,-0.14662418176820222,0.09699688468114588
IL16_PDZD2,0.08902748896907597,0.34150224678227553
IMPDH1_IMPDH2,-0.9507678804641232,-0.7705854354313652
INPP4A_INPP4B,0.3050888655962504,-0.2603217792915285
ISL1_ISL2,-0.05676629232005752,0.06374424302765437
ITCH_WWP2,1.9414113474087362,1.213316887889728
ITGA4_ITGA9,-0.3383986520143482,-0.6991969501677564
JAG1_JAG2,-0.20690332563412508,-0.4581342841723894
KCND2_KCND3,-0.4062335115941573,-0.2843523107544022
KCTD2_KCTD5,-1.7382537414863841,-1.6209778283097678
KDM2A_KDM2B,-1.0389635930743275,0.3215421474715909
KHDRBS1_KHDRBS3,2.8420163196202646,3.0876107749058836
KIAA1217_SRCIN1,0.43122419732775913,0.17323703904073903
KIF1B_KIF1C,-1.7648164626358338,-1.3192319633483958
KIF5B_KIF5C,-0.7521154445266879,0.33719525811399537
KIF16B_STARD9,1.915075795980791,1.9393161119610587
KIFC2_KIFC3,0.43269544106183533,1.1171785734012778
KLF10_KLF11,1.3376124196810881,0.4677923380397174
KLF13_KLF9,-1.5439123520733695,-1.6650369887450867
KLHL2_KLHL3,-0.8192259489615545,0.26317337457002465
KLHL11_KLHL23,-0.040727059472499834,-0.14857132415728974
KLHL26_KLHL9,-1.2445953476443554,-1.2007027685117522
KSR1_KSR2,-0.9810726698479465,-0.40544556663315034
LARP1_LARP1B,1.866677816745488,2.0267080571770584
LBX1_LBX2,0.5798339168255,0.7249627146709503
LCOR_LCORL,0.3733946375549007,-0.43819273439490103
LDB1_LDB2,1.2203829784961708,0.31252536796355673
LDHA_LDHB,-4.949463059827206,-3.3415712989453517
LDHA_LDHC,0.18480269842795458,0.27720177745675034
LDHB_LDHC,0.07733932529768756,-0.5483735947099262
LETM1_LETM2,0.9529743928512282,0.6503772600450869
LHX2_LHX9,0.1805839807075013,0.6131279935646551
LHX6_LHX8,2.0452993663264065,2.2006829605494063
LIMCH1_LMO7,-0.9988244409194671,-0.08004908392316291
LIMK1_LIMK2,0.6797145509327113,0.7586709217430602
LIN28A_LIN28B,1.1563698137959153,0.28698329525669575
LLGL1_LLGL2,0.9242507042109294,1.0477235612776965
LMBR1_LMBR1L,1.2345438241787376,1.282041737271072
LMCD1_TES,0.7499442330050516,0.827132197128024
LPP_TRIP6,-0.48979816242426966,-1.5653282810441311
PLPPR3_PLPPR4,-1.1817840460920288,-1.0566237919613188
LRBA_NBEA,2.382451674710394,1.7029304542054402
LRP1_LRP1B,0.01314218400818154,-0.0852541159885464
LRRC1_SCRIB,0.7465079097065962,0.6370969454112466
LSM14A_LSM14B,-0.9364049257064773,-1.1176150769411684
LYPLA1_LYPLA2,0.7870430994796048,0.6651895522888995
LYSMD3_LYSMD4,0.20060592195153806,0.07368351804630484
MAB21L1_MAB21L2,0.04790360535156365,-0.00020825265233698193
MACROD1_MACROD2,-0.574618979317992,-0.730703025684674
MAGT1_TUSC3,-0.3494035003924889,-1.1751505738905046
MAN1A1_MAN1C1,0.13099328935558974,0.1570238064832448
MAN2A1_MAN2A2,-0.3764658845407727,0.6124566016092982
MAP2K1_MAP2K2,-0.9590844440153251,-1.087705985887115
MAP2K3_MAP2K6,-0.22231574615721555,-0.22006084443540097
MAP3K2_MAP3K3,-0.6931536071214867,-0.11684400731667291
MAPKBP1_WDR62,-0.939077848819294,0.33679681595687977
MARCH2_MARCH3,1.3925956756591455,0.7992450270188648
MAT1A_MAT2A,-0.0653088441708492,0.34530158468781574
MBD2_MBD3,-0.6880664331120534,0.1097003786145282
MBNL1_MBNL2,0.37356678124075665,0.49272129995036396
MBNL1_MBNL3,0.430457035238622,0.5997011288014468
MBNL2_MBNL3,-0.11273596994764216,0.06905864039211893
MCTP1_MCTP2,-0.12525558402852147,-0.7717476677098226
MECOM_PRDM16,-0.6141958185490514,-0.8135729007350004
MED13_MED13L,-1.0926279642111671,-1.9872959818126779
MEIS1_MEIS2,-1.1014229202157224,-0.9053877247801001
MET_MST1R,0.386124283703673,0.44629003700962927
METRN_METRNL,0.8791304927202915,0.902619146734297
MGRN1_RNF157,2.4998781504362366,2.6607766532872708
MICALL1_MICALL2,1.4912528852730313,1.5519567219939883
MIER1_MIER3,-0.38777594194551174,-0.6648557902971125
MKNK1_MKNK2,-0.7311251080007186,-1.2044528732653406
KMT2A_KMT2B,-1.3079873090369016,-1.0909941656923008
MLLT1_MLLT3,2.201416607853406,2.0425282242590064
MLLT10_MLLT6,0.9435027914467381,0.9584178518768155
MLXIP_MLXIPL,-0.31024140197779215,0.5596199974161643
MME_MMEL1,1.920515072940163,2.1940354325790192
MOB1A_MOB1B,-1.700305230277206,-1.9654714992371607
MPRIP_TRIOBP,-0.40331625753359207,-0.9055704763015469
MSI1_MSI2,-0.14090026227740945,-0.4608764168951722
MSX1_MSX2,-1.6100559882116854,-1.4489742795977967
MTMR3_MTMR4,0.3143540003699232,-0.1365222160639278
MTMR10_MTMR12,1.0511561893669454,0.8842670376546837
MTSS1_MTSS1L,0.21235502810765794,1.3834839859578951
MTX1_MTX3,0.2552734834121555,-0.18422828798716787
MYB_MYBL1,0.28076683300849464,0.8108989010493014
MYC_MYCN,-2.0213389224947997,-2.020958662587448
NAA15_NAA16,0.32421022726769605,-0.3426502467902331
NAB1_NAB2,0.7515598533540087,0.506236349588201
NAV1_NAV3,0.2312291744758718,1.0189446120542769
NBEAL1_NBEAL2,-0.6493946911338634,-0.39520433585667536
NCOA1_NCOA3,-0.022476273232367342,-0.4718429489951945
NCOR1_NCOR2,1.4768027425853179,1.7651782512502583
NDE1_NDEL1,-1.1575067785772666,-0.8521311649126192
NDFIP1_NDFIP2,-1.687676685138292,-0.9454436168795682
NEDD4_NEDD4L,-0.5567843609243862,0.4021346931016142
NEK6_NEK7,1.371851437635919,0.6379804637045003
NFKBID_NFKBIZ,1.807611889064975,1.720073554304722
NID1_NID2,1.8782696665151228,1.6205033879549615
NIPAL1_NIPAL4,0.20224615161742593,-0.2648974091981081
NKTR_PPIG,-1.1330244075990603,-0.5105237441174989
NKX2-1_NKX2-4,2.7775985076261884,2.5666820479835133
NLGN1_NLGN4X,0.34759264635177484,0.3449362563108468
NLN_THOP1,0.14620208153591338,0.10678283374801353
NOTCH1_NOTCH2,0.7652269855829457,1.0474090132306233
NOVA1_NOVA2,-0.35617830029475306,-0.45154354548670605
NPR1_NPR2,0.6108068541790619,0.6138527516176094
NR2C1_NR2C2,0.25347998908094693,0.03004449279975962
NRBP1_NRBP2,-0.09305646057846229,-0.0515913085119422
NT5C2_NT5DC4,1.3258927395530533,1.1860602999612182
NUCB1_NUCB2,-1.4919624566899692,-2.2411165576402867
NUMB_NUMBL,-0.8104132897469182,-0.11110676540534324
OGDH_OGDHL,0.6408964833447177,0.41051135103975567
ORMDL1_ORMDL3,0.7587336204328818,0.7084621536064725
OSBP_OSBP2,1.1030334003007272,1.0249420029620557
OSBPL5_OSBPL8,-0.18750986537749217,-0.6581825408242417
OSR1_OSR2,-0.8048573371990765,-0.2932098389356716
OTUB1_OTUB2,-0.7153641610563416,-1.175087491605188
OTX1_OTX2,-0.0457162813705218,-0.13778396345551217
P4HA1_P4HA2,0.8558701944560287,0.44514338053688884
PACS1_PACS2,0.6312851138391903,0.10757086462578956
PAFAH1B2_PAFAH1B3,-1.2555401645394073,-0.8416026804316425
PAK2_PAK3,-0.370872702544785,-0.655595458069929
PAK4_PAK6,0.5033858193106485,0.33761728373120037
PAPD5_PAPD7,-0.41013074010052003,0.13363391591912954
PAPSS1_PAPSS2,-2.2181025362609432,-3.2205793221412873
PARP6_PARP8,-1.1706918548288119,-1.2204958485096344
PARVA_PARVB,-0.5198303486573576,0.19153141132764234
PDE8A_PDE8B,-0.870185704572337,-1.6025927434894722
PDP1_PDP2,-2.73500273772129,-2.5868210959956763
PDS5A_PDS5B,-2.577336101765505,-1.2557893855531481
PEX5_PEX5L,-1.2740032249587219,-0.39731229029858817
PGM2_PGM2L1,0.9389855898220797,0.8035759415125853
PGRMC1_PGRMC2,1.7960560283029476,2.745641072841483
PHACTR2_PHACTR4,0.9828504819283623,1.0135348282024483
PHF20_PHF20L1,0.653617143054976,0.5428623321619364
PHKA1_PHKA2,0.7197175758750081,-0.02077696183647507
PHLDB1_PHLDB3,-0.4611128415007239,-0.4003765898934033
PI4K2A_PI4K2B,-0.5565132149332662,0.6487186836356783
PIEZO1_PIEZO2,-0.09038503759163376,-0.14343524419609427
PIK3CB_PIK3CD,0.5379595024504658,-0.45113039904545754
PIP4K2A_PIP4K2B,-0.8133774299928179,-1.5896371530128555
PITPNA_PITPNB,-4.463988676106231,-4.058695055919255
PKN2_PKN3,-0.18014566424092426,0.9596035169169658
PLCB1_PLCB3,-0.33151075693708926,-0.5756474998055718
PLCD3_PLCD4,2.0660816240574977,1.8605459203701442
PLCG1_PLCG2,0.4765745061664007,-0.5204832867157919
PLCL1_PLCL2,0.6002249518115613,0.008206804572754673
PLEKHB1_PLEKHB2,0.1087231054104438,0.25751481003557275
PLEKHH1_PLEKHH2,0.10752157711074099,0.4476590879015985
PLK2_PLK3,0.6272514905908778,-0.08800295508745924
PLOD1_PLOD2,-1.4264119241441697,-1.8340513452384635
PMM1_PMM2,0.16350683199070096,1.0068380782274062
POC1A_POC1B,-0.49679374790388037,0.7322794884756989
POGZ_ZNF280D,0.22281092682668097,0.06430103446392009
PPA1_PPA2,1.1368975272856305,1.5113558444202435
PPARGC1A_PPRC1,1.8681972094850356,0.8111753340327785
PPFIA1_PPFIA3,-0.9019295885426313,-1.2700796241757877
PPIB_PPIC,-1.6792442181413605,-1.387749671338654
PPM1E_PPM1F,1.3160564305448326,1.8043481615869037
PPP1CA_PPP1CC,0.9395175406858095,0.046925286784280554
PPP1R3B_PPP1R3C,1.6475716082524052,0.8880544219465257
PPP1R3D_PPP1R3E,0.05202100197776462,-1.0456331391444835
PPP1R14A_PPP1R14B,-1.2482304480776407,-0.8353134982238706
PPP1R16A_PPP1R16B,1.0574893773036755,1.291544195530248
PPP2CA_PPP2CB,-0.11191677996093354,-0.3261513772030981
PPP2R5C_PPP2R5D,-1.7815611300424121,-1.1127169967152093
PPP3CA_PPP3CB,0.7830489232061999,0.7178747356658159
PPP6R2_PPP6R3,0.5191058182841671,0.9432878708549394
PREX1_PREX2,1.2598576477004628,0.8799809308944213
PRKAR1A_PRKAR1B,1.0294497731056897,-0.017766442759344418
PRKAR2A_PRKAR2B,2.373210769647037,1.994445295769704
PRKCA_PRKCB,0.40061201820408604,-0.40908952765383966
PRKCD_PRKCQ,-0.31614629014884454,0.2997753003371249
PRKCE_PRKCH,0.28787553228406415,0.6625656520029858
PRKCI_PRKCZ,0.6244706528040773,0.824247445280656
PRPF40A_PRPF40B,0.950797811182709,1.2540945916574515
PRPSAP1_PRPSAP2,-1.1438271182562927,-0.6205785520024352
PRRX1_PRRX2,-0.5368059202848815,0.834748573307021
PSEN1_PSEN2,-1.5065766787874293,-0.9978462904384765
PSMA7_PSMA8,0.06132515666845016,-0.5475366134094397
PTBP1_PTBP2,-2.455135267342822,-3.16546001309866
PTBP1_PTBP3,-0.37553733290629093,-1.163239954989139
PTBP2_PTBP3,-0.2395509371573726,0.033375962247541545
PTCH1_PTCH2,0.3998719835717339,0.4177745302425222
PTGS1_PTGS2,-1.2700828865160263,-1.069837633482759
PTK2_PTK2B,2.4356162822840957,2.3736314428035548
PTPN1_PTPN2,0.5109729169863048,0.8266497589625754
PTPRG_PTPRZ1,0.8906794864685472,0.8132570337904723
PUM1_PUM2,0.45697675629066753,0.49147342078313
PWWP2A_PWWP2B,0.5604412981841418,0.6424756809901353
PXN_TGFB1I1,0.13992566734464779,-0.20787203439780969
QPCT_QPCTL,-0.7098247890623104,-0.8162749415840811
QSOX1_QSOX2,-0.022837615690953834,0.4466325562987588
R3HCC1_R3HCC1L,1.6494177042219367,1.3846340902309036
RAB1A_RAB1B,-5.2044071947055635,-5.2000577334102935
RAB4A_RAB4B,0.45609174795566587,0.4581949972159321
RAB9A_RAB9B,1.4715275425948608,2.521113789682881
RAB11A_RAB11B,0.41775573805956107,0.05698488756365567
RAB22A_RAB31,-0.04036989870288427,0.4621729301486826
RAB26_RAB37,-0.8169697172169557,-1.3712504654219364
RAB33A_RAB33B,-0.878655611160236,-0.4223275787506867
RAB34_RAB36,-0.20797359053415934,-0.1848474013709238
RAB39A_RAB39B,-0.7739158899287363,-1.1012696513118063
RABEP1_RABEP2,2.2907292626163387,2.834830717514552
RABGAP1_RABGAP1L,3.3492090692583796,4.368672788185331
RAC1_RAC2,2.0180925389525672,1.446474354383604
RAD9A_RAD9B,0.7226338634173942,0.851032519793419
RAD23A_RAD23B,0.36798014403929363,0.6063692586163344
RALGAPA1_RALGAPA2,1.0589083252541713,0.5662383002709704
RALGPS1_RALGPS2,-0.7356413255651025,-0.17058914324310911
RANBP10_RANBP9,0.9910210767495146,0.3903606365436068
RARA_RARG,0.029873359902929657,0.16015286427671904
RASA2_RASA3,0.26359854685172357,0.3405602552010627
RASSF7_RASSF8,-0.18329198501789606,0.12445381439502964
RBBP4_RBBP7,2.592636906521641,3.1215789593743604
RBL1_RBL2,-0.4130180957009517,-0.6113502991628603
RBM12_RBM12B,-0.8940144971998258,-0.7140625369380554
RBM15_RBM15B,1.5712279594759833,0.9040817107459355
RBM23_RBM39,0.29839159008619376,-0.4099827704960024
RBM26_RBM27,-1.4034872197255837,-1.3654570952306972
RBMS1_RBMS3,0.8747374917391776,0.6037994680649114
RC3H1_RC3H2,-2.0256346389700974,-1.9257747648189296
REEP5_REEP6,0.3738633700299277,-0.3820749920435179
RFX5_RFX7,0.1333752526088916,-0.09941243330662358
RGMA_RGMB,-0.10780457343530928,-1.1137008361577092
RHBDF1_RHBDF2,0.600835934768798,0.5575343083419391
RHOBTB1_RHOBTB2,-0.5909791309274781,-0.23686327041607338
RHOT1_RHOT2,-1.575014640124515,-1.3805222855312163
RHOU_RHOV,-0.5779346450066146,-0.820399674273025
RHPN1_RHPN2,1.3784563980108995,0.7938548899111673
RIC8A_RIC8B,-0.18875656877314406,-0.4286562380609814
RNF13_RNF167,-0.3909964766816447,-0.4256932336615806
RNF43_ZNRF3,-0.7349376614986322,-0.7447927572945886
RNF115_RNF126,1.6400048658489408,1.4891744566004357
RNFT1_RNFT2,-1.4366716832828492,-1.102275997539681
ROCK1_ROCK2,-2.4738207675592223,-2.3522625406394457
ROR1_ROR2,0.031541842309462054,-0.000569610631661922
ZNF608_ZNF609,-0.8854853448642692,0.2129809944009219
RPS6KA4_RPS6KA5,0.5424910478600514,-0.3445601173693425
RPS6KC1_SNX15,1.3239074153913999,1.1279614294434657
RPS27_RPS27L,0.4255881526646097,0.36817957678023366
RRAS_RRAS2,0.3154654781638334,-0.09186800020337635
RYBP_YAF2,-0.1143886896588866,-0.1911975092629821
SAMD1_SAMD13,-0.44593905037681747,-0.5909241121423959
SAMD4A_SAMD4B,-0.2431074798207542,-0.37648809333720823
SAMD10_SAMD12,2.094631507435691,2.3208638423824386
SAP30_SAP30L,-0.17269505296632334,-0.3170103982011351
SAR1A_SAR1B,-4.769541306741048,-4.875008912446634
SCAF4_SCAF8,-1.468816120010719,-1.7027603355201364
SCD_SCD5,0.1511612842188184,0.09043067250075332
SEC11A_SEC11C,-1.4372570722925726,-0.28283119564901604
SEC23A_SEC23B,-5.285238283760854,-4.90323825213849
SEC24A_SEC24B,-0.0939645002130947,-1.1344649580911184
SEC24C_SEC24D,-1.5700750531574499,-0.5662869031508319
SEC31A_SEC31B,-1.3336882723206556,-1.0103084360435863
SEC61A1_SEC61A2,-0.5247976897432798,-0.4690637981436413
SENP3_SENP5,1.43381840685614,1.1922521110503013
SERINC2_SERINC3,-1.234910974081541,-1.0763102306810413
SERP1_SERP2,0.9136165556231282,1.0205577640429135
SESN1_SESN2,-0.8798759376661835,-0.7966434997673769
SETD1A_SETD1B,0.11504865909310111,-0.7535785508241409
SFXN1_SFXN3,-0.5158006741995881,-0.7606425730132266
SFXN4_SFXN5,-1.7110140263094578,-1.2470599164408513
SGMS1_SGMS2,-0.11982159180241284,-0.19524480054001658
SGSM1_SGSM2,-0.0361992631793777,0.4719051667623157
SGTA_SGTB,1.4179484989212183,1.3034836163736883
SIN3A_SIN3B,1.1984984341350473,0.9106101894939098
SIX1_SIX2,1.4639536738508254,1.6132394873142932
SIX4_SIX5,-0.23050322729341727,-0.9222114841413324
SLC9A3_SLC9A5,-0.8721286925961625,-0.3825631623623789
SLC9A3R1_SLC9A3R2,0.43940362690242063,-0.5581716448953631
SLC12A4_SLC12A5,0.06292076435341286,0.19415666644236568
SLC24A1_SLC24A2,-0.2842882215548481,-0.8469393060988498
SLC25A12_SLC25A13,-2.2593997177410325,-2.9374511022873566
SLC25A14_SLC25A30,0.751187963103763,0.6581876119331977
SLC25A28_SLC25A37,-3.9288087666313047,-3.107818910121526
SLC25A33_SLC25A36,-1.9454865840557727,-2.524192118336387
SLC29A1_SLC29A2,1.9338693949936872,2.161530338708642
SLC35D1_SLC35D2,-0.2292752726894554,-0.5137347597950741
SLC41A2_SLC41A3,-0.3173988943354585,-0.6590526126011099
SLC44A1_SLC44A3,0.8929492590230809,1.139681694520277
SLC52A2_SLC52A3,0.4573677927127433,0.8672468500805252
SLK_STK10,1.3129682622987784,1.382455327189708
SMAD6_SMAD7,-0.46476922148346916,-0.08494136392302494
SMARCD1_SMARCD2,1.7599110318026951,0.9311531501096778
MIEF1_MIEF2,-1.3749449906346347,-1.1221969457202112
SMTN_SMTNL2,-0.08934713889529655,-1.069139141353081
SMURF1_SMURF2,0.16773036254335444,0.054306189181922544
SNAP23_SNAP25,-0.6301801126259129,0.024538765367182573
SNX12_SNX3,-0.5269255178862196,-1.0326209307472725
SOCS4_SOCS5,-0.7595609545125456,-0.9227224957244448
SORBS1_SORBS2,0.4204535450608596,1.059659393508231
SOS1_SOS2,0.17351014262139178,0.24176301632965583
SOX5_SOX6,-0.20101460376046257,0.5136079268229277
SOX11_SOX12,0.838461961660132,0.7324402670572322
SP1_SP3,-2.0232817196322372,-2.3127068912777196
SPARC_SPARCL1,-1.496744352984749,-0.5874733178862218
SPATA2_SPATA2L,-2.7853893358915367,-1.8223548365993703
SPATA6_SPATA6L,1.284783827241488,0.9633217006079936
SPECC1_SPECC1L,-1.2519264959124379,-0.6535935195272122
SPIRE1_SPIRE2,-1.574303699073424,-1.210540102571702
SPOP_SPOPL,0.79655422735042,0.809935341616634
SPSB1_SPSB4,-0.880201789911792,-0.8344043482059609
SPTLC2_SPTLC3,-0.14230270323609504,0.29651605275633114
SREK1_SRSF11,2.349127059869261,1.86957736160068
SRSF1_SRSF9,-0.12622103959319766,-0.4410534269857881
SS18_SS18L1,-1.344499783869899,-1.7448719906243275
SSH1_SSH2,-1.78286040772358,-2.099956324087783
ST8SIA2_ST8SIA4,1.3954357623629046,1.351316138285097
STAM_STAM2,-2.539512953666217,-2.4508449443026827
STAU1_STAU2,-1.4519947379354874,-1.8652464572297296
STK3_STK4,0.41190537868884153,0.3341933746020637
STK38_STK38L,0.4487701302398056,1.0218316530095966
STOX1_STOX2,-1.5585355936809167,-1.011200304541643
STRADA_STRADB,-1.4384706339976132,-2.1889253774422186
STRIP1_STRIP2,-0.45684497749015024,-0.32860189157655184
STX1A_STX1B,-0.13168856456239567,0.46103007666927615
STX10_STX6,0.4339693882465971,-0.03328121569925309
STX12_STX7,0.18265727650377825,0.8444871820314584
SULF1_SULF2,-0.4862431823001393,-0.29497205237843804
SUN1_SUN2,-0.8940080502424739,-0.9088596932881506
SYCP2_SYCP2L,-0.8994592800777499,-1.4004778706942944
SYDE1_SYDE2,0.8936405314375768,0.3349636739546563
TAF4_TAF4B,-2.470953284455836,-2.3422995433325635
TANC1_TANC2,0.27952440032851256,0.798633855137393
TARS_TARSL2,0.7206397260578116,0.079987776005316
TBC1D1_TBC1D4,0.7668958231160841,0.9951158722838465
TBC1D9_TBC1D9B,0.20556210700027797,0.401894307457874
TBC1D10A_TBC1D10B,-2.058514246951167,-2.2382452917417814
TBC1D15_TBC1D17,0.6360203010572991,0.6553510181535888
TBX2_TBX3,-1.5211201856487921,-1.3424674447305527
TCP11L1_TCP11L2,0.874368999505307,0.4414539002858211
TET1_TET2,2.129032570923277,1.996610084036719
THRA_THRB,0.35162667477933407,0.024660568100612543
TIA1_TIAL1,-3.377007112802424,-3.7647812216221106
TIAM1_TIAM2,1.4318222025897822,0.8111950236852689
TIMP3_TIMP4,0.6073787699524594,1.6870790846946349
TJP2_TJP3,1.3123419418164688,0.777297708133563
TLK1_TLK2,-2.1273239489366316,-2.4982376146673784
TLN1_TLN2,-0.5079841234394842,-0.7512348340287361
TSPAN6_TSPAN7,-0.573649873361437,-0.547560157741267
TMC5_TMC6,-0.12336974945916447,0.253986835436038
TMC7_TMC8,2.1182591534684905,0.9951694023912957
TMEM50A_TMEM50B,0.5533251650281537,0.04590832149940305
TMEM59_TMEM59L,-0.0816912239202453,-0.14935812701289142
TMEM184A_TMEM184B,2.139355199443506,2.026932321364239
TMUB1_TMUB2,0.8001978218910965,0.8577605214131916
TMX1_TMX4,1.2810178454375443,0.7675185024408664
TNK1_TNK2,1.3847274879943365,0.838169486759752
TNKS_TNKS2,-2.4028661436371714,-2.3461652431457156
TNPO1_TNPO2,-2.18161227099664,-1.9802607495360824
TOB1_TOB2,-0.7810154154938114,-0.055821677671903804
TOMM40_TOMM40L,0.3708603218824811,0.07488450735846315
TOP1_TOP1MT,-0.06260738694274763,-0.5656363889607456
TOP2A_TOP2B,1.3839675717149178,1.444031859448333
TOX_TOX2,-0.8742923971652689,-0.7413168052671459
TP53INP1_TP53INP2,0.10671066857123625,0.5268116020824698
TPM1_TPM2,-0.9902629374069293,-0.8017045720295479
TPST1_TPST2,0.7345459228434665,0.7397742600244487
TRAF3_TRAF5,-0.8426125843055242,-0.7163534116742974
TRAK1_TRAK2,0.3305424737378321,0.788796783286574
TRIM35_TRIM72,-0.507399241526041,-1.590817610940404
TSPAN4_TSPAN9,-1.6211718086482827,-1.6267955570005201
TSPAN13_TSPAN31,-0.13017938821783256,-0.2721791304592436
TTC7A_TTC7B,-2.3790462661525855,-1.7924026737476797
TTC39A_TTC39B,-0.8449984757166851,-1.1987870994462713
TTYH2_TTYH3,0.06844623700654187,-0.234158571172931
TWF1_TWF2,1.8639195120069973,2.313090178956928
TXNRD1_TXNRD3,-1.523294130109665,-1.5388879698895719
UAP1_UAP1L1,-2.1923053370957266,-2.94301539288657
UBA1_UBA7,1.7623172676056758,1.7601850204126985
UBE2Q1_UBE2Q2,-0.26056845338502016,-0.3800774043982265
UBE2V1_UBE2V2,0.27735251616797124,0.013279912619743808
UBQLN1_UBQLN4,0.6856177726471226,0.1489151762302674
UBR1_UBR2,1.466904834661187,1.3582987661222097
UBTD1_UBTD2,0.17379226525931935,-0.08548057560072518
UCHL1_UCHL3,-0.14263963921085243,0.12174002784484941
UCK1_UCK2,0.3219463362616702,1.3604961603259866
ULK1_ULK2,0.48202347451051025,1.1530640243455892
UNC5B_UNC5C,1.206329277470976,0.7144110022388773
UNC119_UNC119B,0.6788818804671415,1.4789210090863252
UNK_UNKL,-0.8973863141668746,-0.39668025252952677
USP2_USP21,0.592313895765791,0.8318059987065364
USP12_USP46,-1.0255956273725009,-2.3821420097294643
USP16_USP45,1.1581336151466333,0.9926737959957926
USP31_USP43,-0.5216910905341797,-0.7341224147089674
USP35_USP38,0.15513794269615444,0.7590155653047798
VAPA_VAPB,-0.7572578948187492,-0.6671643535722127
VASH1_VASH2,2.201927719187575,1.6679614053261909
VPS13A_VPS13C,0.44489329879304185,0.5918593159742974
VPS37B_VPS37C,0.8964543752553368,0.3788959640801795
WASF1_WASF2,-0.5861542689105346,-0.3390124865589001
WIPI1_WIPI2,1.3915221494950811,-0.09792585891910065
WSB1_WSB2,-0.645243453305623,-1.0402607470629197
WWC1_WWC2,1.1336161316199416,0.48292222331426066
XYLT1_XYLT2,0.37603745761363966,0.25078537104296683
YIF1A_YIF1B,-1.1115975747652602,-1.2401666521911603
YIPF1_YIPF2,0.10202975547160893,-0.8218377853504334
ZCCHC11_ZCCHC6,0.6793589484240635,1.1036174205085552
ZDHHC14_ZDHHC18,-0.0425869118488639,0.40594743572846625
ZFR_ZFR2,0.3518025681109522,0.3049810968409793
ZFYVE16_ZFYVE9,0.3637868098167679,0.2613828683397394
ZMIZ1_ZMIZ2,-0.7566430675883676,-1.0504387011950007
ZNF503_ZNF703,-0.8313355021983454,-0.3961125568865418
