,A549,HT29,OVCAR8
ABHD4_ABHD5,-0.6070156369011146,-0.03701133251369892,-0.04830191033266587
ABL1_ABL2,0.08769667030962579,0.8866626121040335,0.08035588772210263
ABR_BCR,1.8834706108292565,0.7780178424303338,1.04427447913339
ACAP2_ACAP3,2.6926696117401883,1.9991190388569995,2.080933269326101
ACTG1_ACTR1B,0.946709192696507,3.524900795345987,4.763898734818687
ACVR2A_ACVR2B,1.657736326354332,1.3572813633933363,0.5742341284898467
AGAP1_AGAP3,0.8949850526745419,0.9628318340815802,0.28068760401425913
AGAP1_AGAP9,-0.6300621281858676,0.21514153204492686,-0.22865396456468196
AKT1_AKT2,-0.15779381222044864,-0.6169264358463936,0.7266640035750934
ALG10_ALG10B,-0.22702969555619423,-0.9308249049459432,-0.5705817910199238
ANKRA2_RFXANK,-0.13871594263033668,0.7067788211092838,0.7892428201105317
ANKRD13A_ANKRD13D,-1.8006126652226477,-0.07908712366056314,-0.06437464272282589
ANXA11_ANXA7,1.6427915774150912,1.1310422863096465,0.3558667791594506
AP1B1_AP2B1,-1.135319463705073,-3.8351231430727073,-2.4820365566974174
AP2A1_AP2A2,0.30959918550947585,-0.7590469591539992,-1.1040407310139408
AP3M1_AP3M2,-0.8716050131199486,-1.3890131357563784,-0.5517956174891411
AP3S1_AP3S2,-0.00964486333800423,-0.08264193377338566,-0.019933137494517972
APPL1_APPL2,0.8861202844049758,0.8837174987645439,-0.16143086329271877
ARFGEF1_ARFGEF2,-2.342404473840832,-3.3256493538092005,-3.9132810784833825
ARFIP1_ARFIP2,0.467993193151145,0.5774838800374195,0.7481999575347179
ARHGEF3_NET1,-0.061948168097285344,0.4002760133948352,0.35313407964412247
ARID1A_ARID1B,-0.9738950095306562,-0.07680538212651827,-0.750995834904405
ARL8A_ARL8B,-2.4740407946967617,0.09348756009018055,-0.2701529813202281
ARPC1A_ARPC1B,-2.880118991878319,-2.1666056112557595,-1.629618628293247
ARPC5_ARPC5L,-1.125184089108417,-0.9814175190419885,0.2330281223286016
ARPP19_ENSA,-0.824407724220503,-0.6839937305087642,-2.474343160201107
ASAP1_ASAP2,0.8571611413134169,1.4424745108718502,0.8269494937943536
ASIC1_ASIC3,1.5957043637320143,0.7741418613404039,0.3653426080814689
ATAD2_ATAD2B,-0.08301612292479825,-0.37354418923814764,-0.011210116055927718
ATAD3A_ATAD3B,3.666579088540501,1.2763113599922205,4.686748416917891
ATF1_CREB1,0.3372160616531883,0.20004985004307427,-0.6383472953836354
ATF1_CREM,0.1220960869127509,0.32320378632883934,0.4952184522604983
ATF2_ATF7,0.9065652760548192,1.1439176917812501,0.530268271380405
ATP6V0A1_ATP6V0A2,-2.5824058081530135,-4.2575329889386095,0.4164143488114342
B4GALT1_B4GALT2,-0.10536136927141915,0.33489894529475406,0.818352023707834
BCL2L1_MCL1,0.933699164130883,-1.9947326390538676,-1.6145737272623855
BICD1_BICD2,0.18111754537582087,0.14948785471532455,0.13461848379369215
BRCA1_PARP1,0.90150374914406,0.1651585565635114,-0.6110495742770533
BRWD1_PHIP,0.7441935657472224,-0.0210916193120219,-0.20867583764538317
BTBD1_BTBD2,0.15891724707555183,-0.790659514328777,0.3549440751064898
BTN2A1_BTN2A2,1.7354913857606613,0.6216725985388827,0.013219057363597303
BTN3A1_BTN3A3,-0.06462524219120942,-0.13033889084216868,0.050405604483677424
CAMKK1_CAMKK2,0.009973287934034038,0.31299996446912787,-0.45439784849728915
CAPZA1_CAPZA2,-4.237409729055028,-4.710421318721329,-4.055396442010134
CBX3_CBX5,-1.1972496871021323,-0.7153870066795122,0.7355042253865756
CCNE1_CCNE2,-1.042697782913184,-2.5648124450134424,-4.087937027503129
CCNG1_CCNG2,0.4987860060809253,0.30033856733489284,0.23203163396316726
CCNT1_CCNT2,-2.591101382429485,-1.7052675794231598,-1.224868282087889
CCNY_CCNYL1,-0.17755601880126082,0.5877857336440506,1.0189995083141363
CDC34_UBE2R2,-0.038686801098460365,0.13799743609899612,0.16378518350825727
CDC42BPA_CDC42BPB,0.3976940304337467,0.7519939292393206,0.6420157787977837
CDH1_CDH3,-0.08720261521360072,-0.617113501050726,-0.10740308811552626
CDK3_CDK5,0.4481749523087821,-0.16169989733198945,0.4697153756064731
CHD1_CHD2,-3.7057091764110455,-1.7746512506138654,-1.4715570856088924
CHKA_CHKB,0.06184279462734881,-0.418741691525184,0.8989125920253281
CHUK_IKBKB,0.9295098675475413,1.4732614745764672,-2.3486307113714933
CISD1_CISD2,-0.9692763380647267,-1.882712614740806,-1.2094521502685767
CLSTN1_CLSTN3,1.3334210876307295,0.6185991016483259,0.28841897079597
CLTA_CLTB,-0.2664134544812007,0.09664838213439045,0.02075053215768862
CNNM2_CNNM4,0.6421829115033596,0.44230402554385106,-0.2840852081554995
CNOT7_CNOT8,-5.194131874472328,-6.954211693187605,-7.568975169656864
COPS7A_COPS7B,-3.0859968141991994,-2.8502150129258053,-4.513922951026846
COQ8A_COQ8B,-0.7283508049583105,-0.013944577135670521,-1.90548120856438
CORO1B_CORO1C,-0.11302751163793619,0.22662913224512726,0.9254637199978691
CPEB2_CPEB4,1.49770259463945,0.9776955422754566,1.4126325950705536
CPNE1_CPNE2,-0.6190718795628155,0.17045911232069774,0.5473634089989334
CRTAP_P3H4,0.5569502561772443,1.2056489486422488,1.506421867980221
CRY1_CRY2,-1.0036463100482345,0.13418344632462198,0.6574920691556428
CSNK1D_CSNK1E,-3.9676014972968576,-3.168586707258146,-5.1780935624790985
CSNK1G1_CSNK1G2,-0.25736193633438403,0.32010441180141047,0.3561767231804432
CSNK2A1_CSNK2A2,-3.3072550225474826,-5.931582282707186,-4.13640030193639
CTDSP1_CTDSP2,-0.7675089078969441,-0.40944448251563886,1.1350737184085768
CUL7_CUL9,-0.3304383261795012,-0.18680750214440722,0.32825801880632455
CYB5R1_CYB5R3,-0.20849927448014607,-0.15532842789653944,-0.12200017626545433
CYTH1_CYTH2,1.3184200333465237,-0.045003578849727756,0.7102315245630884
CYTH2_CYTH3,0.67774338575165,0.3831867770858112,0.17579968917098202
DCK_DGUOK,-0.2967649733278012,-0.08465070864293249,0.035223732911534446
DCUN1D1_DCUN1D2,0.4232152655436296,0.13383877808844372,-0.4076191570630835
DCUN1D4_DCUN1D5,-0.7126811241144418,0.09258761267102365,-0.5229253752028875
DDHD2_SEC23IP,-0.8010079854366323,-0.6365485042881891,0.4466145815081233
DDX19A_DDX19B,-6.46059774972184,-8.024475066260251,-7.061637152324969
DHRS4_DHRS4L2,0.41845649806367313,0.005014354576498734,-0.018670080720106542
DIAPH1_DIAPH3,-0.600249916216526,0.6691323010207442,-2.02104142289115
DMWD_WDR20,-0.3969072021526618,-0.07317694208203022,-0.09439517654923855
DMXL1_DMXL2,0.06254711942970109,-0.9965511464788118,-0.8709410899438166
DNAJA1_DNAJA2,-3.3759487817910276,-3.1895808222004414,-3.401884049880841
DNAJB12_DNAJB14,1.2909966249903502,0.6813088755851355,0.028492599753809574
DNMT3A_DNMT3B,1.2009320297290667,0.7310788029492387,-0.5734601179604597
DPF1_DPF2,-0.7068971691693555,0.4196349254820473,0.13683776823190377
DPP8_DPP9,-1.1486269488019132,-0.5967713149864666,-0.30671516147324757
DUSP16_DUSP8,0.892714961984713,-0.45959664198303646,0.6860050481936292
DYNC1LI1_DYNC1LI2,-0.45097583262811625,-2.4617853512751493,-1.9428356742247093
DYRK2_DYRK3,0.7114904376080283,0.1234881601265654,1.26794528592594
EHD1_EHD4,-0.4278397856334038,0.3024642940427608,-0.5407200121408822
ENTPD4_ENTPD7,0.9951315043233474,0.5041738938028218,0.27922032547645503
EPN1_EPN2,0.4293750957034263,-0.043681294982691646,0.30025136643195904
EPS15_EPS15L1,0.4459793126140143,-0.002115373393435523,-0.394650606959729
ERLIN1_ERLIN2,-0.676412971027372,-0.23645370545776365,-0.21171715025060583
EVI5_EVI5L,-1.6144102659895638,-0.06432687027503847,-0.37974181105769295
EZH1_EZH2,0.7748374336837369,-0.6166066465330445,-0.35675747129454566
EZR_NF2,1.8458042104069292,1.263466567470454,0.9409650156080703
FAHD2A_FAHD2B,-1.0722765722963203,-0.3064760230015783,0.6851889460759343
FAM117B_GLCCI1,-0.17086163545633434,-1.3821231675808026,0.2524969761507949
FAM160B1_FAM160B2,-0.2941412934135106,1.8039243807283707,0.5747240626263437
FAM200A_FAM200B,0.5079423075516748,0.9628703853735412,0.4007656072361709
FAM76A_FAM76B,1.0742395545339398,0.8470178636680602,0.05483211021550273
FGFR1OP2_SIKE1,0.6304016047094179,0.12819667674297341,-0.15661263813902687
FLOT1_FLOT2,-0.295639058514921,0.49105642124945187,0.6484347163761498
FN3K_FN3KRP,1.5042262421280241,1.5051279327174583,1.047583023365859
FNBP1L_TRIP10,0.1553578412246986,0.4953562832861182,0.5441032264932913
FNDC3A_FNDC3B,-0.3820115101820496,0.503479184763691,0.053634801011030644
FNIP1_FNIP2,0.8481270123035588,0.24008459910915592,0.007546574475624665
FXR1_FXR2,-0.12193938534433484,1.237366328651389,0.5807812824682033
G3BP1_G3BP2,-1.2492384454702545,-1.5265445164146179,-0.7571775792498165
GABARAP_GABARAPL2,0.15196252803283372,-0.05582381401899261,0.3949909793546494
GANAB_GANC,-0.21146799591326065,0.35616018757145584,1.0074339383526305
GFOD1_GFOD2,-0.4619400906258089,-0.38052107435902116,1.0973019290765884
GGA1_GGA2,-0.9443559894671412,-0.2170662589075531,-0.20449991724685102
GGA1_GGA3,-0.7304586491128047,-0.1338598306935018,0.3201341386720987
GIGYF1_GIGYF2,-0.647862667265644,-0.8233430338011641,0.43721829226559245
GIT1_GIT2,-2.841619195041593,-1.6748679084490512,-2.818678504278213
GLB1_GLB1L,0.7276458054692938,0.7113079096961455,0.42789937532148237
GNA12_GNA13,-0.036085548130949704,-0.21173566475659497,-0.5229910309945492
GNG10_GNG5,1.0899236347339452,0.642097800371345,0.11387683243456191
GNPDA1_GNPDA2,1.1374340910215117,0.453248591794992,0.6609366142894324
GOLPH3_GOLPH3L,-0.7615041222270775,0.6690463458215458,0.894374292141376
GON4L_YY1AP1,-0.20738765141569537,-1.7237837119589188,-1.1516764915555098
GOT1_GOT2,-0.6219396555735285,-1.4060865438475993,-0.8596641073371705
GPR107_GPR108,1.9926481775238203,0.5743369322331543,1.7918754360945954
GRK2_GRK3,-0.42615768962770173,-0.23607601269312534,0.792762373181447
GRK4_GRK6,1.9659184971149883,0.9692985560871987,1.3027490778146895
GSK3A_GSK3B,-4.1512678214147565,-7.346398318457092,-4.898861936671961
GTF2H2_GTF2H2C,0.3581348995998579,-0.3375092168125294,2.5964149259082094
HDAC1_HDAC2,-1.9673040537400623,-5.260696822227578,-6.311583742876606
HDAC4_HDAC5,-0.6234907159897151,0.7851785055560322,0.15162501374935933
HERC3_HERC4,-0.6809263175047373,-0.7669764758479852,-0.05658440563662954
HEXA_HEXB,0.645469641888583,0.42258320582617237,0.4469009130206053
HINT1_HINT2,0.17244258365912274,0.15143086876407016,-0.28048895248398326
HIPK1_HIPK3,0.9923776926901813,0.6484622439317146,1.4614674818509068
HIST1H4H_HIST4H4,-0.0608080385645726,0.183082285389222,0.796733371246647
HIST2H2BE_HIST2H2BF,0.18214333462096352,-0.5346235254548488,0.8562972238677351
HMG20A_HMG20B,0.8798344295956642,0.5286307873957219,0.34259393873315425
HNRNPF_HNRNPH3,-0.39699790435019944,0.1871664234127151,0.4455703104986504
HSP90AA1_HSP90AB1,-5.279545170903329,-6.1433673597663265,-3.422581511697404
IFRD1_IFRD2,1.9457710269131023,1.402349297900908,-0.19655406285480778
ING4_ING5,-1.8062403172562889,-1.0628296616886277,-0.6283131212183849
IP6K1_IP6K2,0.2716006035042611,0.17476313470834118,0.08030555107460899
IQGAP1_IQGAP3,-0.870419109487571,0.5791125469092792,-0.2515703962517206
IRF2BP1_IRF2BPL,-0.3884042855966674,0.3830230972491615,-0.8455551057709709
ITSN1_ITSN2,-0.47619406648110574,-0.46738973517802174,1.033385754721152
JAK1_TYK2,-0.8484400649197864,-0.2982614561636875,0.2318331316778545
JOSD1_JOSD2,0.5834625758302104,0.6429298391109326,0.5819890438447088
JRKL_TIGD2,0.40997815686961003,0.9766863585928685,1.5719687033185084
KAT6A_KAT6B,0.22494694271612106,0.930188764783606,-0.34921582317688393
KATNA1_KATNAL1,-0.411356026935891,0.3547076027263717,-0.6225187048054204
KBTBD6_KBTBD7,0.6398823603584558,0.714905288398907,1.201983562052276
KCTD17_KCTD2,1.4784543787881994,0.5603363995321773,0.9363464745379705
KCTD2_KCTD5,0.8507466676988751,0.17996895848343467,0.15422716377641948
KDELR1_KDELR2,-5.359993995230043,-3.2366059728717325,-3.9772513216219667
KDM5A_KDM5B,0.5599716961985868,1.081099441692928,1.6507178708322114
KIF3A_KIF3B,-0.5641967930776977,0.25135015063063826,1.4155547213837558
KLC1_KLC4,-1.158802714026379,-1.5715552190352018,-0.778373481678475
KLHL17_KLHL20,-0.49072880246102785,0.30213181569697045,-0.22094887285844972
KYAT1_KYAT3,-1.3360553792279553,-0.2305366835181311,-0.6552104513988687
L3MBTL2_MBTD1,-0.16947973459144441,0.4026797349319449,0.17343615870138665
LATS1_LATS2,1.546045055323858,1.6241882940204933,1.6565301758778033
LIN7B_LIN7C,0.1698968935698383,-0.7443067300356847,-0.44576274137482963
LMAN2_LMAN2L,0.5427775921095498,0.483369455091953,-0.3055972630128858
LMBR1_LMBR1L,0.8257903334262992,0.5424897517809067,0.4934461321728877
LMNB1_LMNB2,0.8754725006241135,0.8212350993024001,-0.028215873963399418
LPIN1_LPIN2,-0.07790060787033491,-0.33722032440458527,0.666938685603046
LRBA_NBEA,0.1818765923947299,-0.37262819352078386,0.26806908784841765
LSM14A_LSM14B,0.632199893300092,0.3201672221083544,0.38414625063398977
MAFG_MAFK,-1.468661666080803,-1.726073051287379,-2.6030528949415364
MAP2K1_MAP2K2,1.0742447666147563,0.8223508753388574,-1.8544272431897448
MAP3K10_MAP3K11,-0.32949521065884235,0.43777462702552566,0.2601448357377343
MAP3K10_MAP3K9,-0.7717573600877762,-0.14585761959494936,-0.38758800212565153
MAP3K2_MAP3K3,0.5192796229582584,0.17097347149097625,0.5702254907126526
MAPK11_MAPK12,-0.05082798152378195,0.4775663601112743,1.2060117207700287
MAPK1_MAPK3,-3.747778036883223,-5.950255151193294,-5.222703164800606
MAPK8IP3_SPAG9,-0.9934087052181744,-0.35434934276004576,0.19344100550206267
MAPKAPK2_MAPKAPK3,-0.25710483146918856,-0.3289184049852332,0.8906897585138025
MARK3_MARK4,-0.6344317180049485,-0.9614032210711505,-0.30367229042603117
MBD2_MBD3,0.020668947888324782,-0.21527491047418168,0.28057165788995125
ME2_ME3,0.6235216132504717,0.5954581040120731,1.04380486828358
MED13_MED13L,-0.6239809163971497,-0.9496692151905831,0.03241997012902533
MEF2A_MEF2D,-0.07547584886656097,1.5592185704652133,1.0046798724014123
METTL2A_METTL2B,1.0327345261057632,-0.5533970177727746,0.41219381807460603
MEX3B_MEX3C,0.24304894417049921,0.0619292995180188,-0.5221974408083873
MEX3B_MEX3D,-0.16411055669387642,-0.4117839406902872,-0.10169613470572438
MFAP3_MFAP3L,0.16846802678641296,0.18225732987724866,0.22794952550697703
MFSD14A_MFSD14B,1.4045471973999595,0.7455150543396739,1.1430094391856964
MKNK1_MKNK2,1.4247102504847584,-0.9530495507146644,-0.33891543153503295
MOAP1_PNMA1,-1.3242606293775725,-0.40037320227051154,-0.729598719274337
MOB1B_MOB3A,-0.18157449674370918,0.3122358679545997,0.04291496822388596
MPP2_MPP6,0.7809769634851708,0.5117684998108936,1.2415594082755088
MPST_TST,0.0133073501153324,-0.12936088459343592,0.19385259165004573
MRFAP1_MRFAP1L1,0.7999180055128644,0.3274631091613966,0.6394092051913001
MTHFD2_MTHFD2L,0.8593804280542591,0.2759739788119058,0.28024750605964205
MTMR3_MTMR4,-1.761249131448858,-1.791053405582201,-2.809833407721606
MYL12A_MYL12B,-1.6451569948071776,-0.5808719455232966,-0.03419515729080635
MYL6_MYL6B,-0.8526000937400687,-0.29603807271236543,0.5012688369025079
MZT2A_MZT2B,-0.18092608985760514,0.230909678625846,0.8910069327700864
NACC1_NACC2,0.32771295929985583,0.5273583869310029,0.39652472705778996
NAP1L1_NAP1L4,-1.2549755052490126,0.56492244582529,-2.4548959812578546
NDFIP1_NDFIP2,-0.16761808253313995,-0.4806091624293801,-1.0104745151510817
NFIA_NFIC,0.26789498104521936,-0.2437158740760965,0.6831533720378867
NIPSNAP1_NIPSNAP2,1.6109455788412659,0.5196758922803686,0.8754835491529954
NKIRAS1_NKIRAS2,0.7740878709859362,0.8955714971211578,-0.02676583933467639
NLN_THOP1,0.15205557709468726,0.5712290573495309,0.31809110179023387
NME1_NME2,-0.30193452728671927,0.5497691867496179,-0.03278092829955655
NOTCH1_NOTCH2,1.637525842737676,0.9458660392429695,0.671741174527998
NR1D1_NR1D2,0.2007444129516259,0.1584250423507217,-0.3303189269178053
NR2C1_NR2C2,0.1025998539716865,-0.9491032785202199,-1.0472552453583046
NT5DC2_NT5DC3,0.29188556367741025,0.5069262727863617,-0.24947382402242527
NUCB1_NUCB2,0.7131860014327234,0.7682120190416153,0.13833226499634774
NUMB_NUMBL,-0.09188947864760667,-0.5534900698256815,0.34407573497292293
OAZ1_OAZ2,1.17058358303886,0.03121708871756896,-0.7994882756737902
ORMDL1_ORMDL3,-0.46177344316909,-0.06162745874164862,0.8544983314783446
ORMDL2_ORMDL3,-0.011558416518149121,0.05727500708397006,-0.15181429870529575
OSBPL3_OSBPL7,0.669411360452639,1.8309628941907024,1.0216163386634922
PABPC1L_PABPC4,0.30355480291379155,-0.0015329836089862884,-0.5469290054441366
PACS1_PACS2,0.5779404900917646,0.12971299574741973,1.0118890090308434
PACSIN2_PACSIN3,0.7454846753866573,0.13773563679983472,0.14095629407922383
PAFAH1B2_PAFAH1B3,-0.3508912092975689,0.2856990920344771,0.8444403683970401
PANK1_PANK3,1.2298769330467818,0.25771347372634595,1.6885434511134543
PANK2_PANK3,0.38548677338220255,0.11928848370390986,0.943341751357028
PAPOLA_PAPOLG,-1.9882733071649616,-4.944607231075009,-4.515526884429624
PBX2_PBX3,-0.11783441615883704,-0.10373662169753406,0.0344066587772908
PBX2_PBX4,0.35915073461672303,0.695612334603654,0.785693739040421
PCMTD1_PCMTD2,0.5126317634417696,0.46471767549265264,0.6504392137896126
PCNX1_PCNX3,-0.11894755530553276,-0.17825378897256736,-0.5945666216623546
PDIK1L_STK35,0.08253598332906657,1.0585026232301655,0.6678947203584727
PHLPP1_PHLPP2,-0.2046002869443795,0.6607294108465855,-0.08160322027368441
PHTF1_PHTF2,1.6134370115005645,0.6186970974922629,0.6013658363823452
PIP5K1A_PIP5K1C,-1.932662016903144,-0.9967297545399915,-2.5923247250674795
PITPNA_PITPNB,-5.002991528004794,-3.6926038607002916,-6.460164832051892
PITPNM1_PITPNM2,0.2531087354551253,-0.6260984579079242,0.002950892894276898
PKN1_PKN3,0.1300703189918803,1.2736513421921958,1.4543220290732057
PKN2_PKN3,-0.182950216265459,0.1503824710562,-0.016030883772149385
PLCD1_PLCD4,0.5462263112242374,1.3143877680387819,1.2986309418165172
PLEKHF1_PLEKHF2,1.1873774555888565,0.7509582798386986,0.6942023559608275
PPARA_PPARD,0.9112251012709784,1.4064859716629792,1.0706992456756113
PPIP5K1_PPIP5K2,0.6289278533035073,0.8432857081473826,0.31427210564339975
PPM1A_PPM1B,1.2136947167706211,-0.7480946624541044,0.011546354861550133
PPP1CC_PPP2CB,1.6000533806352475,1.8388243860639384,1.1157512829193157
PPP3CA_PPP3CB,-0.07025038929240543,0.8510127604770806,1.0291662377633024
PPP3CB_PPP3CC,0.9489671760054081,1.3501546883841729,1.6441337656245703
PRDX1_PRDX3,-0.3673917635758468,0.4736830013422047,0.3388319812068785
PRKACA_PRKACB,-0.3291933671699242,0.6287539422557334,0.27997066461123743
PRKAG1_PRKAG2,-0.07356149170185347,0.48661121010236646,1.0994509309539917
PRPSAP1_PRPSAP2,0.9317608538827505,1.3058713543685647,0.5671218054642133
PSEN1_PSEN2,-0.21670488714776467,-0.6377033617405063,0.24379164234222295
PTP4A1_PTP4A2,-5.375300734814718,-6.095927470889376,-3.2195896391846848
PUM1_PUM2,-0.28867144174975046,-1.0308534596438856,-0.6124992931226362
PURA_PURB,0.15822554726912091,0.9352244256060093,0.6466901903852162
PYCR1_PYCR2,-0.17751056017302846,-3.009795441619938,0.5806956915085257
R3HDM1_R3HDM2,1.2434953111524683,0.8198318324179973,0.36176663009675103
RAB40B_RAB40C,0.27163507825354966,0.35740738523245974,0.25973939807983315
RABL2A_RABL2B,1.540379365493757,1.7835276473576813,1.188135502295909
RAD23A_RAD23B,0.03793990065234341,0.05525565160849679,-0.6401510565327726
RALGAPA1_RALGAPA2,0.18512791644170024,-1.094233341048193,-0.17898927664072634
RALGPS1_RALGPS2,-1.532153868886709,-0.45618237854048443,-0.17191798419764578
RANBP10_RANBP9,0.17776838262512684,-0.2653210011157654,-0.622100899227697
RAPGEF2_RAPGEF6,0.6000943505089233,0.041962782166977894,0.35486749790549316
RARA_RARG,1.5721902018567278,-0.023893159270590287,0.7825528023349915
RBL1_RBL2,-0.26876958745309193,-0.7140747064480018,-0.8034277544913471
RBM4_RBM4B,1.0270809750029475,0.7206760807047686,0.25187370153074473
RBMS1_RBMS2,-0.258143078822577,0.22115701812527802,0.5563636736648033
RC3H1_RC3H2,-0.4920124656165933,-1.0565736539145132,-1.8751606893648676
RCBTB1_RCBTB2,1.2191096166377378,0.9466689225763311,0.48995545719758055
RFX1_RFX2,-0.4969151804927095,0.600497010921906,0.42962895698709486
RHOC_RHOG,-0.6949263531062854,0.3822003786372532,-0.441720391347574
RIC8A_RIC8B,1.3030905732624014,1.22171967088142,0.5892179743279009
RING1_RNF2,1.730471813022771,-0.0926435537791302,-1.3551395501242247
RNF122_RNF24,0.643132892852923,0.5453429034239705,-0.14313770280564372
RNF185_RNF5,0.6832819989833258,0.5787164570575857,0.9374169845459922
RNF19A_RNF19B,-2.7993291411055523,-1.332734634830434,-2.1858724034158907
RNF38_RNF44,0.8202829486520885,0.8742807272003739,0.7288757722444879
ROCK1_ROCK2,-1.4121859412430409,-0.8475040994156602,-1.4321650948620326
RPS6KB1_RPS6KB2,-0.8818968731007729,-0.19079679667129612,-0.8659991424519908
RSBN1_RSBN1L,0.6682881756066175,0.759619319010946,0.2594164064237973
SAFB_SAFB2,-3.9582353219971824,-3.460498953542685,-1.366609431799674
SAP30_SAP30L,0.12456861408950391,0.7944596188911417,0.890991950005403
SAR1A_SAR1B,-4.710728830730014,-5.913681776948164,-6.774446467954021
SBF1_SBF2,0.7969306415764509,1.2926445373122932,1.2785671231811169
SCAMP2_SCAMP3,-1.3595300213296526,-1.217079702906099,-0.8986408629412354
SCRN2_SCRN3,-0.3610171915557929,-0.9066953169420903,-0.796744617753921
SEC24A_SEC24B,-1.1690491548967772,-1.4625784091781213,-2.802643253804026
SEPT11_SEPT8,0.704998059289461,-0.4338328151698403,0.2925288005267797
SERINC1_SERINC3,0.3900251345696089,1.5099789939597543,0.25101147423777115
SESN1_SESN2,-0.131431055233892,-0.3571061093690465,-1.1704144577796527
SFXN1_SFXN2,-1.2005567636098025,0.796159865610757,0.9532869563611946
SGTA_SGTB,0.4176512653112665,-0.9629837093854912,0.3749342660057398
SHMT1_SHMT2,-1.3820534672352647,-1.6454081249407986,-0.7791577355841276
SIPA1L1_SIPA1L3,-0.16887791277137443,0.016520599716406414,0.5584125023478638
SLC12A4_SLC12A6,1.1336847862872448,0.009347436002679526,1.0856467332162965
SLC25A23_SLC25A25,0.6614267089692769,-0.3192207717934177,0.14115756656653
SLC25A24_SLC25A25,1.3124867641785465,0.6719331286120873,0.479272227140774
SLC25A33_SLC25A36,0.6039005178982896,0.7026071160968732,-0.5905734117272216
SLC36A1_SLC36A4,1.85295473256143,1.4666825549817524,0.940963099673888
SLC41A1_SLC41A2,0.4411636806689909,0.8443511411232497,0.2890845682148318
SLC41A1_SLC41A3,0.9961211909199083,0.870376775345128,0.45233443097624165
SLC4A2_SLC4A3,-0.9173981946538139,0.12776501952339525,0.04589699480614971
SMAD1_SMAD2,0.8499462968742213,0.5106143233570908,1.1907737271773913
SMAP1_SMAP2,-0.9654663698292596,-1.148193734679303,-0.8224588597209308
SMARCA2_SMARCA4,0.12551951423371355,-0.6858979975136104,0.5820803022588592
SMARCC1_SMARCC2,-0.8815582459641057,-0.4976682670257915,-0.030991617374613114
SMARCD1_SMARCD2,-0.3028811489937178,-0.24510732127631754,-0.16936742102969862
SMURF1_SMURF2,0.03341093751083732,0.4192258077544367,0.63895224048139
SNTA1_SNTB2,-0.036695300351880664,0.12614988520913278,-0.2876539184556324
SNX1_SNX2,0.8501326984347718,0.839272594120935,0.5321874976781162
SNX5_SNX6,1.1539369306133456,0.01041719071336176,0.375228940649717
SOCS4_SOCS5,0.2550984785214037,0.8102251847841485,0.09207579473619067
SPOP_SPOPL,0.07356942343174296,1.138662959752138,1.367867540466962
SPRED1_SPRED2,0.33157420209740507,1.2231238159247475,0.44852844840162076
SRSF4_SRSF5,0.28250803153193704,0.04271432337203626,0.8515041317667787
SS18_SS18L1,0.9546964017357668,0.793515006090147,-0.0264792699952553
STAM_STAM2,-0.08617904992448457,-0.446502246848817,0.3743715022578168
STAT1_STAT3,-0.5040415765482124,-0.10222417696472016,-0.03322429670619367
STK17A_STK17B,0.41143250460217357,0.7487845062294898,0.6332827731931414
STK38_STK38L,1.4710744384919447,0.9442320565422709,1.5366193921824243
STX10_STX6,-1.9176264279089645,-1.1157852238914934,-1.3772559834786142
STX12_STX7,-0.20137529180093072,-0.430425823053044,-0.012494018347839735
SUCLA2_SUCLG2,-0.015271227807137128,-0.2588437418424357,0.12208878465660937
SYNGR2_SYNGR3,0.6716253296512854,-0.04043491966862061,0.7307970383220959
TBC1D15_TBC1D17,1.7589574712246592,1.5825833103551599,0.7235612671511898
TBC1D22A_TBC1D22B,-0.7168940496186407,-0.564621346776597,-0.6666455386958396
TCF12_TCF3,-0.9906872374895458,0.1835229554664528,-0.6394343211710439
TESK1_TESK2,-0.18992103029304336,1.0793015136094362,0.9447074623043755
TFCP2_UBP1,-1.0717012056349497,-0.5306106162073398,-0.2939893664587599
TIA1_TIAL1,-3.800379604379199,-8.300155556812214,-8.19405644571656
TMED1_TMED5,0.15732426801025812,0.3520405916460361,0.07893676445472286
TMED3_TMED7,1.4265838436438516,0.5657264022702015,1.2488190150157839
TMED4_TMED9,-0.8776769181226712,-1.7285032820123183,-1.3908191752931205
TMEM14A_TMEM14C,-0.350662447831681,0.7886888451865256,0.17825680941686906
TMEM14B_TMEM14C,1.8510400801792097,1.5536260058072497,1.030536186014778
TMEM170A_TMEM170B,1.3655846740486948,1.3306905210366964,0.23541568861953455
TMEM39A_TMEM39B,0.38081154465279,-0.08994823533459484,0.6344792993315019
TMEM50A_TMEM50B,-0.005055592669439513,0.05268425661959347,0.41718527169745073
TMEM63A_TMEM63B,-0.005308633008777663,0.6802941949955886,-0.5773034964388769
TMEM87A_TMEM87B,1.4950516232074693,0.18449194497510435,0.5484377017922889
TNKS_TNKS2,-0.7214115919448241,-0.10480463629866701,-1.1601227247785761
TNPO1_TNPO2,1.043298716354491,-0.6480156393133666,-1.6194824177035365
TOB1_TOB2,0.2658468030400979,0.6350688767248571,0.19667066642066303
TOM1_TOM1L2,0.1709844991545579,0.70505414988633,0.7538834070583705
TOR1A_TOR1B,-2.1933211219854316,-2.1437490400644545,-2.0533010570352204
TPM3_TPM4,-0.3123515800350188,0.49358896490708526,0.12004464138715895
TRAK1_TRAK2,1.3224154037512206,1.3407815798172418,0.5942878748170887
TRIM24_TRIM33,0.3437342478518137,-0.5773761211937563,-0.7077541253298323
TRIM34_TRIM5,-0.26389058858254466,0.19996662937234186,0.012279454799274685
TSPAN14_TSPAN17,0.7652743968590564,-0.39586852209284273,-0.014465360732716188
TSPYL1_TSPYL4,0.004227479301688444,1.0697815752734088,0.4516277343291256
TTC30A_TTC30B,2.4188384152375555,2.2419004555877007,1.9108548498977735
UBALD1_UBALD2,0.7033857275746306,0.2729222556393175,0.029001977583502182
UBAP2_UBAP2L,0.13860070659220508,-0.5090411427865236,0.059949185857144295
UBE2V1_UBE2V2,-2.522079591475872,-2.6424486967585676,-1.7748989728612228
UBR1_UBR2,-0.07488173472193384,0.5382989505913147,0.3138546978459627
UBTD1_UBTD2,0.6480178982428352,0.6321909132973476,0.7007245621344455
UCK1_UCK2,-0.6814960405882396,-0.599433118600288,-0.7929849215432577
UGGT1_UGGT2,-0.9032841144921752,-1.2080207716342488,-0.9178144461827608
ULK1_ULK2,0.05821252561084324,0.05445068965406836,0.11574436507106182
UNC119_UNC119B,1.4507570756696593,1.195905825265102,0.4837773805367793
UNK_UNKL,-0.12107445700763891,0.22275288731428128,0.6103448488768606
USP12_USP46,-0.6636365882153903,0.19476862480250354,1.4444095474220657
USP15_USP4,0.42253577840802486,-0.23794422625027448,-0.18971697285267983
USP20_USP33,-0.37067605641857737,0.6830656341560934,-0.9169669999704511
USP25_USP28,1.488010686138252,1.737025976690868,1.3785922987756971
VAMP1_VAMP2,-0.919995074821662,-0.6478988626619738,-0.44480448998284217
VDAC2_VDAC3,0.2691348426007414,0.4055780875558818,-0.319795040466954
WASF1_WASF2,-0.09955472230638004,0.412857001607478,-0.33210844151989083
WDFY1_WDFY2,-0.5240248776326931,0.010681850735039062,-0.362393434088863
YIF1A_YIF1B,-1.5879439486762479,0.689203552667161,-2.1375589725438746
YIPF1_YIPF2,0.10446656120816168,1.5195860733027682,2.0847872818448456
ZDHHC14_ZDHHC18,-0.4351529432196758,0.3196831112275477,-0.378069336817905
ZDHHC3_ZDHHC7,1.220141219730525,1.1501741727966417,0.3606215637448657
ZDHHC5_ZDHHC8,1.9452831767107164,1.3529004250210641,1.1605466929124588
ZFAND2A_ZFAND2B,1.0049280264849296,1.387735100106623,0.3737979176622367
ZKSCAN1_ZKSCAN8,-0.046566391112474084,-0.13276719622524621,-0.11234074105527896
ZKSCAN2_ZSCAN29,0.7634082188694119,0.02306362471832786,0.5103926543594449
ZKSCAN3_ZKSCAN4,-0.4717495844812594,-0.4983326765460853,-0.34181302436054034
ZMIZ1_ZMIZ2,-0.7088363642897315,-0.6094780893478167,1.2221963792033166
ZNF133_ZNF169,-0.8239829166044517,-0.4227202263777175,-0.24681068109548493
ZNF136_ZNF627,1.1366204792682848,0.7794611661863784,0.720346275988985
ZNF143_ZNF76,1.27542249499554,-2.544952807547234,-1.0113950130438132
ZNF181_ZNF302,1.167812820957847,0.32152773998912854,0.3483267134823776
ZNF26_ZNF268,2.1218885897146276,1.80791685899754,1.5100868151678861
ZNF286A_ZNF286B,1.2637254267917852,0.5637339251209834,-0.06627303261716602
ZNF324_ZNF324B,-0.19982541857356215,1.6892565376120119,0.47421183662744987
ZNF354A_ZNF354B,-0.06706343252125675,0.21871639539821705,0.4006032062836121
ZNF419_ZNF773,-0.44342914318075466,-0.32729506926059265,-0.06643036731150938
ZNF524_ZNF581,0.13511968014588688,1.0034498824574907,0.45336162296379323
ZNF552_ZNF587B,-0.3207974742662662,-0.5786911062212596,0.41524921343977694
ZNF555_ZNF77,0.2851413238262966,1.3931556361271866,0.980816091483004
ZNF557_ZNF558,0.08621181178519507,0.4174334464339546,0.5693389523514394
ZNF561_ZNF562,0.03614451920537208,-0.2028336126244802,-0.16868064087786266
ZNF580_ZNF581,0.44663447695128816,0.44493148230999596,1.072290525440653
ZNF600_ZNF611,1.0022074949564037,0.5588079694198602,0.5197389494876905
ZNF619_ZNF620,0.2851574140109193,-0.10204845957609361,0.170538688783547
ZNF747_ZNF764,1.4620638976301845,0.7144858932265394,0.9296254993460924
ZNF764_ZNF785,0.5212231207782638,0.5333106669406367,0.6238919565306836
ZSCAN21_ZSCAN30,0.3432902344150787,0.25373894380720335,0.3407514005667894
ZSWIM4_ZSWIM6,0.02581554829866905,-0.8123721324279849,-0.10479370943832698
