,HeLa
AADAC_AADACL2,-0.4654256228929902
AADACL3_AADACL4,0.6177898416482792
ABCC1_ABCC3,-0.2448480844198722
ABCC8_ABCC9,0.34828230438644
ABCD1_ABCD2,-0.03401722152497284
ABCG1_ABCG4,0.8366097840079035
ABHD4_ABHD5,-0.46420986500741007
ABI1_ABI2,-0.3558861148013597
ABL1_ABL2,0.6975452963108115
ACACA_ACACB,-1.9700765813562549
ACSL3_ACSL4,-3.0684995992040744
ACTA2_ACTG2,-0.2884282361032103
ACTL6A_ACTL6B,1.7125483033769828
ACTL7A_ACTL7B,0.4637781770911813
ACTRT1_ACTRT2,-0.43266725913199416
ACVR2A_ACVR2B,0.7907932691362901
ACVR1_ACVRL1,0.32072153748269194
ADAMTS16_ADAMTS18,-0.09744687105121491
ADAMTS10_ADAMTS6,0.2930065844857611
ADAP1_ADAP2,0.4305255820747642
ADARB1_ADARB2,0.11164715994240894
ADCY5_ADCY6,0.8993183113337435
ADIPOR1_ADIPOR2,-0.3469772993376916
ADSS_ADSSL1,-0.07714524153400035
AGPAT3_AGPAT4,-1.0668366430106373
AGR2_AGR3,0.6206605309157202
AIF1_AIF1L,-1.44351116321387
AK3_AK4,0.14980165200880818
AKIRIN1_AKIRIN2,-1.932477954716274
AKR7A2_AKR7A3,-0.32315488248928936
ALAS1_ALAS2,0.11790995355407703
ALDH1L1_ALDH1L2,0.00042772480221766327
ALG10_ALG10B,1.1450678300028707
ALG1L_ALG1L2,2.718409885673121
ALOX12_ALOX15,-0.7308431503804094
AMELX_AMELY,0.15282605106053376
AMMECR1_AMMECR1L,-0.5250695722039188
AMPD1_AMPD3,-0.49915426302153243
ANGPT1_ANGPT2,0.5466373553365601
ANGPTL1_ANGPTL2,-0.5162753517321031
ANKRD18A_ANKRD18B,1.1194436505396574
ANO1_ANO2,-0.5013579298193936
ANO3_ANO4,-0.1755496651527069
ANXA1_ANXA2,1.7494440258983748
AOC2_AOC3,1.714313369725863
AP1G1_AP1G2,-1.608718254466183
AP1M1_AP1M2,0.06598287393153407
AP2A1_AP2A2,-3.0604436249727884
AP1B1_AP2B1,-4.746214866124459
AP3B1_AP3B2,-0.10301171537666434
AP3M1_AP3M2,-1.150700955005058
AP3S1_AP3S2,-0.6898688359329589
APH1A_APH1B,-0.5720073614112019
AQP12A_AQP12B,0.3014951376833692
ARFGAP2_ARFGAP3,0.7711683356570698
ARFGEF1_ARFGEF2,-4.342348442522553
ARFIP1_ARFIP2,-0.5294701134245527
ARG1_ARG2,-0.7377387112211905
ARHGAP10_ARHGAP26,0.08163033775321625
ARHGAP35_ARHGAP5,0.7169998365635886
ARHGEF6_ARHGEF7,0.24892100259812894
ARID1A_ARID1B,-1.823124945224425
ARL8A_ARL8B,0.6954804963320084
ARNT_ARNT2,0.32559784190911734
ARPC1A_ARPC1B,-0.9234245904359756
ARPC5_ARPC5L,-0.5407389464611917
ASAP1_ASAP2,0.05017415269160654
ASB14_ASB15,-0.25278374173229934
ASF1A_ASF1B,-9.54658800798348
ASIC1_ASIC2,0.22227569057547797
ATF2_ATF7,1.5165357309136704
ATG4A_ATG4B,-0.5729409342488656
ATP13A4_ATP13A5,0.29427658474521434
ATP2C1_ATP2C2,0.9668170149543951
ATP5L_ATP5L2,2.912079015120084
ATP6V0D1_ATP6V0D2,-2.000342009169815
ATP6V1B1_ATP6V1B2,0.04560319808941006
ATP6V1C1_ATP6V1C2,-0.9630412142990746
ATP6V1E1_ATP6V1E2,0.23858742049526274
ATP8A1_ATP8A2,-0.031145986568627545
ATP8B1_ATP8B4,0.8421816048765405
ATP9A_ATP9B,0.35697586326367975
ATRN_ATRNL1,0.029054209601331978
ATXN3_ATXN3L,-0.5047373133837515
B4GALT1_B4GALT2,-0.3375645452531061
B4GALT5_B4GALT6,-0.07733188482991443
BARHL1_BARHL2,-0.22684389563365626
BCAT1_BCAT2,-0.868703604326091
BCL11A_BCL11B,1.0499573309203072
BECN1_BECN2,0.95754943473548
BEST2_BEST4,1.4016577853467604
BEX1_BEX2,-1.6270513588115463
BHMT_BHMT2,-0.22983921770474341
BICD1_BICD2,-0.13250843084864297
BIRC2_BIRC3,-0.8913202021344118
BMP2_BMP4,1.1954671599260627
BMP8A_BMP8B,-0.42238858926413303
BOD1_BOD1L2,-0.255416915339109
BRD2_BRD3,-1.1465287560060058
BRSK1_BRSK2,0.20803856913729837
ABTB2_BTBD11,-1.322951355205722
BTBD1_BTBD2,-0.0215741647946901
BTBD3_BTBD6,0.10932524348550735
BTF3_BTF3L4,-0.9542489673551655
BTG1_BTG2,0.6238455153193645
BTN2A1_BTN2A2,-0.2276454549177389
BTNL3_BTNL8,0.6261757485860465
BZW1_BZW2,-0.9477220270019846
C1GALT1C1_C1GALT1C1L,-0.6679611842196571
C1QTNF9_C1QTNF9B,-0.09232217787124586
C2CD4A_C2CD4B,0.14507327417687152
CA10_CA11,0.5231974216469829
CAB39_CAB39L,-1.1855036465114146
CABP2_CABP5,1.9102288588860388
CACNA2D1_CACNA2D2,0.366344742055957
CACNA2D3_CACNA2D4,-0.8512829768694072
CACNG5_CACNG7,0.8360931277735457
CADPS_CADPS2,-0.2276531279730978
CALB1_CALB2,1.0967146022424272
CALCR_CALCRL,0.33833092035113554
CABP7_CALN1,-1.2145735387090881
CAMK2N1_CAMK2N2,-0.5832429631473981
CAND1_CAND2,-0.7007614495078255
CAP1_CAP2,-0.8126768094135873
CAPNS1_CAPNS2,-0.06299432442799986
CAPZA1_CAPZA2,-1.073394557661754
CASP4_CASP5,0.9525741866935802
CASQ1_CASQ2,-0.1049052600369997
CAV1_CAV3,1.3433254840447402
CBR1_CBR3,0.7425912713525961
CCDC74A_CCDC74B,1.7073529413664044
CCNL1_CCNL2,-5.905748963948073
CCNY_CCNYL1,0.30573668026346135
CCT6A_CCT6B,-1.1427814363605573
CD200R1_CD200R1L,1.3358947746348793
CDC42BPA_CDC42BPB,1.4539949691030034
CDH1_CDH3,0.1137914366428542
CDH2_CDH4,0.007975217756527736
CDK11A_CDK11B,0.7800252084239521
CDK14_CDK15,-0.6801598987493199
CDK2AP1_CDK2AP2,-0.8188359920093354
CDK4_CDK6,0.1147690211527312
CDKN2A_CDKN2B,0.4065157962663883
CDRT15_CDRT15L2,0.7867218605817425
CDS1_CDS2,-1.3071487728600015
CEACAM3_CEACAM4,-0.05214911961202255
CELF1_CELF2,1.0290906645356057
CERS2_CERS3,0.058062746471589384
CERS5_CERS6,-0.5828701862634307
CETN1_CETN2,-0.0639844085442453
CHD1_CHD2,0.5784967031735347
CHI3L1_CHI3L2,0.5509308864414625
CHIC1_CHIC2,-0.2895020343698248
CHM_CHML,-1.5023814984552397
CHMP1A_CHMP1B,-0.6198859623303223
CHP1_CHP2,-1.0284747212776644
CHPF_CHPF2,-0.3318525386575994
CEPT1_CHPT1,-2.2585309252616996
CHRM2_CHRM4,1.2715084769315428
CHRFAM7A_CHRNA7,-0.2654708118005154
CHRNA10_CHRNA9,1.1324497358054442
CHRNA5_CHRNB3,0.6979666341482914
CHRNB2_CHRNB4,-0.2084925381519095
CHSY1_CHSY3,0.6823003570538827
CIB2_CIB3,0.5979333992524092
CKS1B_CKS2,-1.9376410227030725
CLASP1_CLASP2,0.6814273191102315
CLCA1_CLCA4,0.7039468987674126
CLCNKA_CLCNKB,0.47882615858738115
CLDN17_CLDN8,1.644294045118577
CD209_CLEC4M,0.5223608726776751
CLEC4C_CLEC6A,0.7521550570101662
CANX_CLGN,0.6516769092484523
CLTA_CLTB,-1.3900748625004369
CLTC_CLTCL1,0.032485860987072644
CLVS1_CLVS2,0.6993118802129236
CNNM2_CNNM4,-0.20062892089235462
CNOT6_CNOT6L,-1.342980654554405
CNOT7_CNOT8,-6.919397317046959
COL4A2_COL4A6,-0.47900531517149514
COPG1_COPG2,1.635345625134408
COPZ1_COPZ2,-0.8158618392079371
COQ10A_COQ10B,-2.729424246275236
CORO2A_CORO2B,0.9136465886319668
COX6A1_COX6A2,-0.3784662763145158
COX7B_COX7B2,2.041325777204001
CPEB3_CPEB4,-1.5662269531268724
CPLX1_CPLX2,-0.3261838812702025
CPLX3_CPLX4,-0.9857693907423689
CRABP1_CRABP2,1.3800503926730356
CRISP2_CRISP3,0.182022696951784
CRK_CRKL,-1.6819247950349037
APCS_CRP,-0.09152582416518296
CRY1_CRY2,-0.10071264102602046
CRYBB2_CRYBB3,-0.47778734653544164
CARHSP1_CSDC2,0.30259686352436754
CSGALNACT1_CSGALNACT2,1.0233244460091082
CSTA_CSTB,0.10097349280322869
CSTF2_CSTF2T,-4.543093956245837
CTPS1_CTPS2,0.45954861392296326
CTXN2_CTXN3,0.4884820092775574
CUL4A_CUL4B,-4.207561326548389
CXCL5_CXCL6,-0.30596146336220303
CXCR1_CXCR2,0.916706387367027
CXorf40A_CXorf40B,-0.24469931876625065
CYFIP1_CYFIP2,0.009413631351853661
CYP11B1_CYP11B2,0.1935738863432319
CYP26B1_CYP26C1,0.08105305572023895
CYP4X1_CYP4Z1,-0.9016285981798424
DAAM1_DAAM2,-0.3873791486608919
DDI1_DDI2,0.6601774312742124
DDR1_DDR2,-0.37166345766703146
DDT_DDTL,1.4137013415838038
DDX39A_DDX39B,-6.0705467946618485
DDX3X_DDX3Y,1.303182203289286
DDX17_DDX5,-1.3428603002659192
DDX21_DDX50,-0.5246449675746214
DDX43_DDX53,0.08589900372162278
DDX60_DDX60L,-0.11322656472981715
DEFB131A_DEFB131B,-0.036827569846433914
DEGS1_DEGS2,0.40111452278162857
DENND5A_DENND5B,-0.3950688520986133
DENND6A_DENND6B,-0.37362057438542506
DERL2_DERL3,0.028980459772984336
DGKD_DGKH,1.392251683091857
DGKI_DGKZ,0.16125201310606904
DHFR_DHFR2,1.5172959504637114
DHRS4_DHRS4L2,-0.11246560798710874
DIRAS1_DIRAS2,0.3107368354519162
DLX1_DLX6,-0.7814756906135083
DMXL1_DMXL2,-3.2167207396693005
DNAH11_DNAH17,-0.7220104845210341
DNAH3_DNAH7,0.114300331692267
DNAJC5_DNAJC5B,0.1925368632706437
DNASE1_DNASE1L2,0.6663766662686468
DOC2A_DOC2B,0.8162721486985598
DOCK3_DOCK4,2.999927146777867
DPP8_DPP9,-0.4165292821124153
DPY19L1_DPY19L2,0.39918977214839035
DRD1_DRD5,0.18703033070017225
DSCAM_DSCAML1,-0.24346018940516465
DTNA_DTNB,0.3089967302221409
DTX1_DTX4,0.9915212584446359
DUOX1_DUOX2,1.4371209254512478
DUSP18_DUSP21,1.321995438736236
DYNC1I1_DYNC1I2,-3.448761617100136
DYNC1LI1_DYNC1LI2,1.7388713596695793
DYNLL1_DYNLL2,-0.3232436429496287
DYNLRB1_DYNLRB2,-1.7547578790838811
DYNLT1_DYNLT3,-0.839458301625047
DYRK1A_DYRK1B,-0.34531502690445154
DYRK2_DYRK3,-0.8563816377878543
E2F4_E2F5,1.7966256731324686
EAF1_EAF2,-3.697550037895597
EDDM3A_EDDM3B,0.08160982857112134
EEF1A1_EEF1A2,2.2915155729832954
EFHD1_EFHD2,0.972448752237224
EFNB1_EFNB2,-0.3773600215286335
EFR3A_EFR3B,-0.06083978521176578
EIF1_EIF1B,-4.579881132263757
EIF4E_EIF4E1B,4.824671678275333
ELMO1_ELMO2,-0.2875187016773741
ELOVL2_ELOVL5,0.7752303099696671
ELOVL1_ELOVL7,0.04422158711462754
EML5_EML6,0.7669522534541661
EMX1_EMX2,-0.5093396619440472
ENOX1_ENOX2,0.5984704761841024
ARPP19_ENSA,-2.868046341725283
ENTPD4_ENTPD7,0.3130697110382828
CREBBP_EP300,-2.3413808763361326
EPC1_EPC2,-3.7122795343475112
ERC1_ERC2,0.2786333882089156
ERLIN1_ERLIN2,1.0380123920004436
ERO1A_ERO1B,0.12637105805739726
ESRP1_ESRP2,-0.11511403910671145
ESRRA_ESRRG,0.49044964205524905
ETS1_ETS2,-1.111995076633209
EVI5_EVI5L,0.07629436824439167
EXOC6_EXOC6B,-1.3531798873871892
EZH1_EZH2,-0.3986132301163764
FAHD2A_FAHD2B,0.3920093915021069
FAM102A_FAM102B,-0.13072270225181756
FAM120A_FAM120C,0.3956058837496134
FAM126A_FAM126B,-3.147128688995518
FAM133A_FAM133B,-0.5012132678606485
FAM160B1_FAM160B2,-0.417705260635827
FAM168A_FAM168B,0.04297363422437654
FAM200A_FAM200B,0.07744218360541372
FAM209A_FAM209B,1.7638712381743007
FAM24A_FAM24B,2.799127476992236
FAM47A_FAM47B,-0.8511174363299002
FAM49A_FAM49B,-0.14282304002756535
FAM50A_FAM50B,-0.2665085065314399
FAM76A_FAM76B,0.5771717737615638
FAM78A_FAM78B,0.6197418385532327
FAM9B_FAM9C,-0.5172986890255473
DPP4_FAP,-1.2548499786094236
FAR1_FAR2,-0.40338050420115334
FARP1_FARP2,-0.36487370767821603
FAT1_FAT3,-0.5283507608443878
FBP1_FBP2,-0.26318008743589916
FBXL2_FBXL20,-1.1006539158568522
FBXO17_FBXO27,-0.4083850778908305
FBXO25_FBXO32,1.6609682798547185
CDRT1_FBXW10,0.3543108694450658
BTRC_FBXW11,-2.4332325407855677
FCGR1A_FCGR1B,0.11411609589813028
FCGR3A_FCGR3B,-0.8570005147071019
FCN1_FCN2,1.740509150576699
FEM1A_FEM1C,1.0124463945750743
FER_FES,1.3976620117785796
FEZF1_FEZF2,0.1262943623389015
FKBP10_FKBP9,2.175303763230194
FLVCR1_FLVCR2,-1.176108561470522
FN3K_FN3KRP,-0.47904787106455926
FNDC3A_FNDC3B,-1.0007590356176472
FOXR1_FOXR2,-0.7692117956200506
FRAT1_FRAT2,0.160646253377744
FRMD3_FRMD5,1.3877044821288573
FRY_FRYL,-0.1272763557473996
FSCN1_FSCN2,-0.709406942436789
FSD1_FSD1L,-0.2462128645446614
FSTL4_FSTL5,2.0562104475251144
FUCA1_FUCA2,-0.0346170410204033
FUT1_FUT2,1.4989473153093975
FZD3_FZD6,0.6001330056105606
G3BP1_G3BP2,2.2177639469022616
GABPB1_GABPB2,-2.1801584039106925
GAD1_GAD2,0.016907294362151323
CSAD_GADL1,1.3779292901837112
GALNT1_GALNT13,-1.1610236334752977
GALNT3_GALNT6,-0.5523890652461786
GALNT10_GALNTL6,-0.2890826337405693
GALR2_GALR3,0.6969883230556526
GAPDH_GAPDHS,1.6301655476680232
GATA2_GATA3,0.2596788298641706
GDI1_GDI2,-1.2030220616726843
GFOD1_GFOD2,-0.9792975973788426
GFPT1_GFPT2,-4.5620683704325
GIT1_GIT2,0.0333169557708944
GLB1_GLB1L,0.23472385590979755
GLB1L2_GLB1L3,0.31503951244608897
GLS_GLS2,-2.0176097991764763
GLUD1_GLUD2,0.7282115600610081
GMFB_GMFG,-0.4315352373926907
GMPR_GMPR2,-0.7645738557965279
GNA12_GNA13,0.849702137273488
GNPDA1_GNPDA2,0.23298630195707298
GOLGA7_GOLGA7B,0.543812915256202
GOLPH3_GOLPH3L,-1.0098345795128816
GOLT1A_GOLT1B,0.10657578866711745
GPAT3_GPAT4,-1.4929021594420133
GPC4_GPC6,-0.10109565525554233
GPD1_GPD1L,-1.1624260500846026
GPR21_GPR52,1.373303980732693
GPSM1_GPSM2,0.11014027068525808
GPX1_GPX2,-0.7670512081922396
GREB1_GREB1L,0.2322473422029486
GREM1_GREM2,-1.137023472803188
GRHL1_GRHL2,1.6764980590940974
GRID1_GRID2,0.3692769102004735
GRIK4_GRIK5,0.9964227363365451
GRIN2A_GRIN2B,-0.43891223571143423
GRIP1_GRIP2,1.7109949570177685
GRK2_GRK3,0.34775419295256355
GRM2_GRM3,0.8344133226908417
GRM1_GRM5,0.9760517018841945
GSK3A_GSK3B,-8.292619303340546
GSPT1_GSPT2,2.177053958566531
GSTO1_GSTO2,-0.3162821421137951
GXYLT1_GXYLT2,-0.4035788858381823
GYS1_GYS2,1.0169291796559876
H2AFV_H2AFZ,-2.1967902327097613
HACD1_HACD2,0.49498046399895934
HAND1_HAND2,-0.8872715489257794
HARS_HARS2,1.7420293445317976
HCRTR1_HCRTR2,0.645187439437663
HEATR5A_HEATR5B,1.0334752458349592
HECW1_HECW2,-0.9301120114943445
HEXA_HEXB,-0.7719646711297127
HEY1_HEY2,-1.0617526999859617
HIGD1A_HIGD1C,4.427288539153366
HMGCL_HMGCLL1,0.3569727252050678
HMGCS1_HMGCS2,0.5274713294275593
HMGN2_HMGN4,0.41252152274419357
HNF4A_HNF4G,0.9162354442470236
HNRNPAB_HNRNPD,-1.869139258803876
HNRNPL_HNRNPLL,-0.7509766156486268
HOOK1_HOOK3,-1.4028396860322212
HOXA5_HOXB5,0.09304252359172555
HOXA6_HOXB6,0.3841012968036689
HOXA7_HOXB7,0.8691846305812349
HP_HPR,0.5380783568810422
HS6ST1_HS6ST3,-0.12270868161507599
HSD17B11_HSD17B13,1.0463249257021459
HSD3B1_HSD3B2,1.0566457447803752
HSP90AA1_HSP90AB1,-2.537251627364238
HSPA12A_HSPA12B,0.08694021712907482
HTN1_HTN3,0.13095101603590317
HTR1B_HTR1D,0.09891282250697755
HTR1E_HTR1F,-0.3555078658978193
IDH1_IDH2,0.49588675962431716
IDI1_IDI2,0.3566686507252038
IFFO1_IFFO2,0.7830664696672185
IFIT2_IFIT3,-0.3807838958482785
IGFL2_IGFL3,-0.7313497687387283
CHUK_IKBKB,-0.21251586393856392
IL1RAPL1_IL1RAPL2,-0.46621907447969874
IL36A_IL36G,0.49186243874705227
IMPDH1_IMPDH2,0.06253645647603187
INSIG1_INSIG2,-1.0107593877705143
INTS6_INTS6L,-2.105042090833753
IPO7_IPO8,-0.18584358304968843
ACO1_IREB2,-1.460522438915727
ISL1_ISL2,-0.5093725813952535
ITGB3_ITGB5,2.668312462758182
ITIH1_ITIH3,3.3222336625612607
ITLN1_ITLN2,0.7909036195166164
ITSN1_ITSN2,0.6213110188849474
JAG1_JAG2,0.16647579408170304
CTNNB1_JUP,-1.081177108020916
KAT2A_KAT2B,-2.263090680852053
KATNA1_KATNAL1,-0.9698154002781432
KBTBD6_KBTBD7,0.732768069094455
KCNB1_KCNB2,0.044283642963622534
KCNH1_KCNH5,-0.9276061223863281
KCNJ10_KCNJ15,0.42445177818490215
KCNJ11_KCNJ8,1.0818091579024829
KCNK12_KCNK13,0.008764348885396409
KCNK3_KCNK9,-0.6288798665653197
KCNS2_KCNS3,1.545413641225283
KCNT1_KCNT2,0.23252562958079132
KCTD1_KCTD15,-0.4350406943884348
BTBD10_KCTD20,-0.7692688724249772
KCTD2_KCTD5,0.2273727861094342
KDELC1_KDELC2,1.0084120575461348
KDM5C_KDM5D,0.27146692713121306
KHDRBS2_KHDRBS3,0.815618778395816
KIAA1324_KIAA1324L,0.5565519854833856
KIF13A_KIF13B,0.5151981294340402
KIF21A_KIF21B,0.8627696385071726
KIF3B_KIF3C,1.5277747202972014
KIF4A_KIF4B,2.2032108172790092
KLF6_KLF7,-0.21039496444497433
ENC1_KLHL25,0.5322920378591622
KLHL2_KLHL3,0.7482983709491489
KLHL13_KLHL9,0.05884979084386991
F11_KLKB1,-0.24832002106426054
LANCL1_LANCL2,0.6105002887252035
LARGE1_LARGE2,0.8610260641282955
LARP1_LARP1B,-1.1729560488098978
LCE3D_LCE3E,1.1372551394952937
LDB1_LDB2,-0.7016547253376056
LEFTY1_LEFTY2,-0.3590560861071912
LGI1_LGI2,0.6380512783503017
LGR5_LGR6,1.7411921801359231
LHFPL1_LHFPL6,0.846816349262836
LHX3_LHX4,-0.9898960035493203
LHX1_LHX5,-0.11035665235580018
LHX6_LHX8,-0.2561009639292441
LHX2_LHX9,-1.0341625722367935
LIN28A_LIN28B,0.7573449299167123
LLGL1_LLGL2,0.35570125487993187
LMAN2_LMAN2L,-0.5646462415944736
LMBR1_LMBR1L,0.15549950256490302
LMNB1_LMNB2,-0.31433222105058306
LMO1_LMO3,1.3319277151720978
LMX1A_LMX1B,-0.018177485958810392
LRIG2_LRIG3,0.5345005828753354
LRP1_LRP1B,-1.3698875061373514
LRP5_LRP6,-0.06261966027583074
LRRN1_LRRN3,0.7211575607345082
LRRTM3_LRRTM4,0.06573923029254339
LYPLA1_LYPLA2,-0.3975661457858499
LYZL1_LYZL2,0.16282407616306627
MAB21L1_MAB21L2,-0.05985486137939953
DST_MACF1,0.35140023550715305
MAGOH_MAGOHB,1.3758835156176823
ICK_MAK,0.09340034833960376
MAN2A1_MAN2A2,1.0057215454838095
MANEA_MANEAL,1.4862274384388068
CDNF_MANF,0.5264939021678631
MAOA_MAOB,-1.015598366568816
MAP2K1_MAP2K2,-2.759558056547835
MAP3K12_MAP3K13,0.11529799449585111
MAP3K2_MAP3K3,-0.6120001741047406
MAP3K15_MAP3K5,-0.7910488377705325
MAPK1_MAPK3,-2.81193905836297
MAPKAPK2_MAPKAPK3,1.6846500260510235
MAPRE1_MAPRE3,-0.30515880502113013
MAT1A_MAT2A,0.5508267869529616
MBOAT1_MBOAT2,0.7896011650103734
L3MBTL2_MBTD1,0.9117743015893385
MDGA1_MDGA2,-0.8167594827218689
MED12_MED12L,0.24627269621324757
MED13_MED13L,-2.99966683136916
MEGF10_MEGF11,0.9824511735900036
METTL2A_METTL2B,1.6428028207496692
METTL7A_METTL7B,-1.058160427672691
MFN1_MFN2,-1.1555428628741131
MGAT4A_MGAT4B,0.38542140802153757
MICA_MICB,2.078436376557887
MID1_MID2,-0.4296749005341618
MKNK1_MKNK2,-0.7108516721616008
MLLT1_MLLT3,-0.003944377970123656
MMD_MMD2,0.4562575120836782
MME_MMEL1,0.32806601365944643
MOGAT1_MOGAT2,-0.011158299308097315
MORF4L1_MORF4L2,0.6346108595640936
MPP2_MPP6,-0.9405180453206642
MPP3_MPP7,-0.42632502400862893
MPPED1_MPPED2,0.04049672717506956
MRFAP1_MRFAP1L1,1.8171662987371198
MSI1_MSI2,-0.19662001143292338
GDF11_MSTN,0.4267784379956303
MSX1_MSX2,-0.7868674309830261
MTHFD1_MTHFD1L,0.41381128015149155
MTHFD2_MTHFD2L,0.6128911075220105
MTNR1A_MTNR1B,-0.9604623571037091
MTSS1_MTSS1L,-0.07180512562970848
MX1_MX2,-0.41613094913763277
MYO1A_MYO1B,-1.163650479822139
MYO1E_MYO1F,0.12905537937552233
MYO1D_MYO1G,-1.0055439439406402
MYO1C_MYO1H,1.0963931125616053
MYO7A_MYO7B,0.9810406109231579
DYSF_MYOF,1.6546420714858865
GCOM1_MYZAP,1.3616069251702405
MZT2A_MZT2B,0.7577320362414905
NAA10_NAA11,4.063931841032578
NAA15_NAA16,-0.11206157716723258
FOLH1_NAALAD2,-0.9466513690934137
NABP1_NABP2,-4.483633345294796
NAP1L1_NAP1L4,0.2107646381149381
NAPA_NAPB,1.757982779064963
NAT1_NAT2,-1.1565277238686895
NAV2_NAV3,-0.2004292016907524
LRBA_NBEA,0.5970545750887896
NBPF15_NBPF3,1.5764783527210222
NCK1_NCK2,0.10108508396548758
NCKAP1_NCKAP1L,-0.41141233720798615
NDE1_NDEL1,-5.427150634015862
NDUFA4_NDUFA4L2,0.4333239914888693
NECAP1_NECAP2,1.5415225473736616
NEK6_NEK7,-0.28495175668394235
NELL1_NELL2,1.66496462281834
DCC_NEO1,0.2179616075365083
ARHGEF3_NET1,-0.24462543726218744
NETO1_NETO2,-0.725491106944997
NHLH1_NHLH2,-0.25026227854455446
NIPA2_NIPAL1,0.6805354410653122
NIPSNAP1_NIPSNAP2,0.028549370467616898
NIPSNAP3A_NIPSNAP3B,2.5453434152950427
NKAP_NKAPL,2.0776442176710757
NKIRAS1_NKIRAS2,0.5167626085588688
NLRP2_NLRP7,0.18322687375903107
NMT1_NMT2,-0.07453886035817903
NOL4_NOL4L,-0.19059687791082985
NOVA1_NOVA2,0.5676785488048721
NPBWR1_NPBWR2,-0.18811838945367082
NPR1_NPR2,-0.383709219383216
NPTX1_NPTX2,2.050019063280266
NR1H2_NR1H3,0.9437979060000359
NR2C1_NR2C2,-1.2553481772097341
NR5A1_NR5A2,0.3178316171155999
NRBP1_NRBP2,-0.6997699821050463
NSG1_NSG2,-0.3747145754973726
NT5DC2_NT5DC3,-0.9399663961207742
NT5C_NT5M,-0.1811739020069044
NTN1_NTN3,1.1731930111334887
NTNG1_NTNG2,0.6216667495203393
NUCB1_NUCB2,-1.1310603989554564
NUMB_NUMBL,0.4184526137556875
NXPH1_NXPH2,0.17535220657680795
NXT1_NXT2,0.17450309182586754
OBP2A_OBP2B,3.4203258632648783
OCM_OCM2,1.3519900436027275
OGDH_OGDHL,-0.1345681394120731
OSBP_OSBP2,2.9300112294196934
OSBPL10_OSBPL11,-0.523715579766382
OSBPL5_OSBPL8,1.4603304970428466
OTUD7A_OTUD7B,-0.3388250154343706
OXCT1_OXCT2,3.4569807664774928
AVP_OXT,0.3446401347736815
P2RY2_P2RY4,-0.6554722278865276
P4HA1_P4HA2,-0.5157458119881798
PACS1_PACS2,2.2924500900380784
PAFAH1B2_PAFAH1B3,1.161329895351153
PAIP2_PAIP2B,1.5273243371935916
PAPSS1_PAPSS2,-2.413428987262093
PARVA_PARVB,-0.13061821855389172
PAX3_PAX7,-0.6694034491788315
PCK1_PCK2,-0.20136074347072727
PCMTD1_PCMTD2,-1.8549759680872855
FURIN_PCSK4,1.8746834553333636
PCYT1A_PCYT1B,-0.328190387626587
PDCL2_PDCL3,0.4771821328690159
PDE1A_PDE1B,-0.49808634646666156
PDE6G_PDE6H,-0.5469493511867123
PDE7A_PDE7B,0.06708868476585997
PDE8A_PDE8B,-0.9196127834086912
PDHA1_PDHA2,-0.2529428503698072
PDS5A_PDS5B,1.985417641615064
PF4_PF4V1,-0.08325578729522302
PFN1_PFN2,-2.977801595624736
PGK1_PGK2,1.2673428294210076
PGLYRP3_PGLYRP4,-1.5705196401150447
PGM2_PGM2L1,0.6731108106842125
PGM1_PGM5,-0.10093482528679017
BRWD3_PHIP,0.5831257236982786
PHKA1_PHKA2,-0.8698926294464979
PHKG1_PHKG2,1.3944608930572946
PHOX2A_PHOX2B,0.09916017629997262
PHTF1_PHTF2,0.2364565285858106
PHYHIP_PHYHIPL,0.5314492938220441
ETNPPL_PHYKPL,0.17225823406222307
PIK3CB_PIK3CD,0.10728600904941447
PILRA_PILRB,-0.45789804560311825
PITPNA_PITPNB,-8.47417503967906
PKLR_PKM,0.9084741623865913
PKNOX1_PKNOX2,-1.0590295281906066
HRASLS2_PLA2G16,-1.00390436970549
PLA2G2A_PLA2G2E,0.7774060502522024
PLAG1_PLAGL2,0.20841828989259284
PLCB1_PLCB3,0.21620176732375943
PLCL1_PLCL2,-2.353547002284026
PLPP4_PLPP5,1.242636826890479
PLPPR1_PLPPR5,1.2849683048831302
LDLRAD4_PMEPA1,0.48735195858980185
PMM1_PMM2,-2.5296635233367026
MOAP1_PNMA1,0.9599374803869479
PNPLA6_PNPLA7,-0.29498707934850105
POM121_POM121C,3.772847494912007
PPA1_PPA2,2.7442303866324735
PPIP5K1_PPIP5K2,1.7049811763511709
PPM1A_PPM1B,-0.15998222178687246
PPP1R14B_PPP1R14C,1.012417281437439
PPP2CA_PPP2CB,0.12761173368589812
PPP2R1A_PPP2R1B,-0.7504941921110456
PPP3R1_PPP3R2,-0.10358854512683975
PRELID3A_PRELID3B,0.4096570884398128
PREX1_PREX2,0.4213497458406772
PRICKLE1_PRICKLE2,-0.4495667759986905
PRKAA1_PRKAA2,-0.7965300144539006
PRKAB1_PRKAB2,-0.04551669538269564
PRKAR1A_PRKAR1B,-0.13470828308978353
PRKAR2A_PRKAR2B,0.4402290862521482
PRKCE_PRKCH,0.7942582963936347
PRKCD_PRKCQ,-0.024171266972006153
PRKCI_PRKCZ,1.2391214970286268
PRMT1_PRMT8,1.2442593131651574
PROKR1_PROKR2,-0.2690384215761091
PRPF40A_PRPF40B,1.710169709676876
PRPSAP1_PRPSAP2,-0.41249285774804106
PRRX1_PRRX2,0.2880282278877048
PRSS21_PRSS41,0.30316724935359407
HPRT1_PRTFDC1,-0.0653407987666452
ELANE_PRTN3,-0.20476253024915797
PSEN1_PSEN2,0.02131819942735086
PSKH1_PSKH2,0.9120738965858811
PSMA7_PSMA8,-0.9785292049856541
PSMB10_PSMB7,-2.646180151962558
PSMB5_PSMB8,3.2057427735993893
PSMB6_PSMB9,-2.6367527221781093
NONO_PSPC1,0.1826236368263037
PTGS1_PTGS2,0.796388764968155
PTPN1_PTPN2,-0.19669201024353086
PTPN14_PTPN21,0.5190024314518384
PTPN3_PTPN4,-1.709363903034015
PTPN11_PTPN6,-0.7152775627289074
PTPRA_PTPRE,0.13343959731179167
PUM1_PUM2,-0.7380915729339684
PURA_PURB,-0.9221416727734949
PXDN_PXDNL,0.7825099491951373
PYCR1_PYCR2,-0.6785518888239205
A2M_PZP,-1.58552141746406
PI15_R3HDML,0.8347372263925337
RAB27A_RAB27B,0.5535868943412398
RAB22A_RAB31,1.108856730112868
RAB33A_RAB33B,0.04366199057396659
RAB26_RAB37,-0.26776550818875794
RAB39A_RAB39B,-0.23377467911493877
RABL2A_RABL2B,0.7644136833519312
RAD23A_RAD23B,-1.6043408780603825
ARAF_RAF1,2.9512388929116398
RALA_RALB,-3.3057878043569513
RALGPS1_RALGPS2,0.05857143146597936
RALY_RALYL,0.40213765948061087
IPO5_RANBP6,-0.11668005072456804
RANBP10_RANBP9,1.4479872911764538
RAPGEF2_RAPGEF6,0.05402656049316676
RASA2_RASA3,-0.24911652012423202
RASD1_RASD2,-0.33424269495337405
RASGRF1_RASGRF2,1.3177301594969926
RASL10A_RASL10B,0.29881987691802414
RASSF2_RASSF4,-0.38431783162219924
RBBP4_RBBP7,-8.195757607850808
RBM24_RBM38,0.7439546523587679
RBPMS_RBPMS2,1.8187039595186492
RCAN2_RCAN3,0.01961673040962868
RCBTB1_RCBTB2,-0.173670409081214
RDH11_RDH12,1.674676882071615
REEP5_REEP6,0.10449918363943017
REG1A_REG1B,-0.9120540491493743
RFX2_RFX3,1.0981177762600316
RGS17_RGS19,1.2106819198590275
RGS6_RGS7,0.315972517519785
RHBDF1_RHBDF2,1.8921434301040714
RHBDL1_RHBDL3,-0.017592911472721476
RHCE_RHD,0.05478526382652309
RHEB_RHEBL1,-0.4962263225088891
RHOBTB1_RHOBTB2,-0.16379845692215117
RHOT1_RHOT2,-0.38131873689024864
RIMKLA_RIMKLB,-0.04072483100097546
RIT1_RIT2,-0.9860477593191193
RLN1_RLN2,0.26813417045975135
RMND5A_RMND5B,-0.25893764983558654
RNASE2_RNASE3,0.7367712558185052
RNF113A_RNF113B,4.703500805312782
RNF144A_RNF144B,-0.7297288066174292
RNF121_RNF175,0.18955046336979198
RING1_RNF2,-1.04137563819937
RNF20_RNF40,-0.5754915511879263
RNF38_RNF44,0.1707797007551862
ROCK1_ROCK2,-0.10498734727594791
ROPN1_ROPN1B,0.690823340284508
ROR1_ROR2,-1.1490815957951388
RPE_RPEL1,5.794335230906763
RPL10_RPL10L,-3.204474453788759
RPL22_RPL22L1,-7.246102769347705
RPL26_RPL26L1,1.299829714945567
RPL39_RPL39L,1.6227608538130736
RPL3_RPL3L,3.1670202567246193
RPRD1A_RPRD1B,-1.09521321714671
RPRM_RPRML,1.581372295036821
RPS27_RPS27L,-1.0641371215150328
RPS6KA4_RPS6KA5,-0.9332094280776929
RPS6KB1_RPS6KB2,-0.21063073743322439
RRAGA_RRAGB,0.980570653606576
RRAGC_RRAGD,-1.236925048879873
RRM2_RRM2B,1.2297559063412422
RTP1_RTP2,0.6580863664067599
RUNDC3A_RUNDC3B,0.8587527101323844
SAFB_SAFB2,-0.6467062273457972
SALL1_SALL3,0.005759478759059545
SAMD4A_SAMD4B,-0.01235798768466879
SAMD9_SAMD9L,2.0088691023549385
SAP30_SAP30L,0.4407379299794194
SAR1A_SAR1B,-0.8232279714310102
SATB1_SATB2,2.0082830926193114
SBF1_SBF2,0.6239177989800807
SCAMP4_SCAMP5,0.15429182856785412
SCD_SCD5,1.4951498566070396
SCGB1C1_SCGB1C2,1.9851255138592652
SCGB2A1_SCGB2A2,1.0433073692867036
GSN_SCIN,-0.13276529245890165
SDCBP_SDCBP2,-0.40232368601438045
SDF2_SDF2L1,1.6381972204027069
SDK1_SDK2,0.9196304855558916
SDS_SDSL,-0.4188828633221406
SEC11A_SEC11C,-3.021630229912834
SEC14L1_SEC14L5,0.16863768890158984
SEC23A_SEC23B,-4.0175079660403235
SEC24A_SEC24B,-2.028773812294652
SEC24C_SEC24D,-2.2916752906959834
SEC61A1_SEC61A2,-1.2908936446575063
SEMA3C_SEMA3F,-0.39121900259050996
SEMA5A_SEMA5B,0.494765065757332
SEMG1_SEMG2,-0.18268213709239992
SEPHS1_SEPHS2,0.945145330715117
SEPT12_SEPT3,0.18267921182598001
SERP1_SERP2,-0.8011897423555323
SET_SETSIP,4.551035023609432
SFMBT1_SFMBT2,0.012352503350536462
SFRP1_SFRP5,0.0392297058274151
SFT2D1_SFT2D2,1.33736598522763
SFTPA1_SFTPA2,0.9746039105180804
SGMS1_SGMS2,0.47462267401492414
SGSM1_SGSM2,-0.256375474750756
SGTA_SGTB,1.3235963585325643
SH3BGRL_SH3BGRL2,-0.10680019539225707
SH3GLB1_SH3GLB2,-0.3210162000009679
KCTD3_SHKBP1,0.4028330795968794
SHMT1_SHMT2,-2.2806152140275118
SHOX_SHOX2,0.22408835963152185
MGAM_SI,-0.0998711161932406
SIAH1_SIAH2,0.4049850139221807
SIDT1_SIDT2,-1.0615495838615332
SIGLEC10_SIGLEC11,-0.7594613956881369
SIPA1L1_SIPA1L2,-1.2396531502626806
SIX3_SIX6,0.6330195779065144
SLC11A1_SLC11A2,1.50516773403822
SLC16A1_SLC16A7,0.95118094855126
SLC16A3_SLC16A8,0.29097903945903125
SLC18A1_SLC18A2,-0.9540488152509601
SLC1A4_SLC1A5,-0.17902114026950303
SLC20A1_SLC20A2,-3.4281627011619547
SLC22A11_SLC22A12,0.6044571789021231
SLC22A1_SLC22A2,-0.24101309435178842
SLC22A4_SLC22A5,2.2240009722912335
SLC23A1_SLC23A2,-0.45443242226218145
SLC24A3_SLC24A4,1.7615399154069
SLC25A12_SLC25A13,0.5318720215261009
SLC25A15_SLC25A2,0.2775265321908223
SLC25A18_SLC25A22,-0.3499281417603258
SLC25A14_SLC25A30,-0.5209051683041602
SLC25A33_SLC25A36,0.636412328201809
SLC25A28_SLC25A37,-4.0981654546098145
SLC25A51_SLC25A52,-0.565983044345834
SLC27A1_SLC27A4,-0.31928149425604857
SLC27A2_SLC27A6,0.14279792996358598
SLC28A1_SLC28A2,0.41313297632008905
SLC2A5_SLC2A7,-0.3724117682166053
SLC35D1_SLC35D2,-1.165081221743577
SLC35E2_SLC35E2B,0.19393659398328777
SLC37A1_SLC37A2,0.40344381546421804
SLC41A1_SLC41A2,0.09214680283471645
SLC43A1_SLC43A2,-0.030572316998562676
SLC52A1_SLC52A2,0.18930204027595685
SLC5A12_SLC5A8,1.6777964605006994
SLC6A15_SLC6A17,1.1577348392046984
SLC6A18_SLC6A19,0.9703630169117861
SLC6A2_SLC6A3,-0.5414497148751776
SLC7A6_SLC7A7,-0.37274381456867994
SLC9A2_SLC9A4,0.08855578789639136
SLC9B1_SLC9B2,-0.5161103428869162
SLFN12_SLFN12L,-0.8855929844531831
SMARCA2_SMARCA4,-0.21806752145577601
SMARCA1_SMARCA5,0.07915870558314939
SMARCC1_SMARCC2,-1.2729538555820412
SMOC1_SMOC2,0.16132802180547018
SMURF1_SMURF2,-1.3660601190054826
SNAP23_SNAP25,-2.410244624368626
SNCA_SNCB,-0.22190754865586163
SNRPA_SNRPB2,-0.2942985210226641
SNRPB_SNRPN,-0.6446057463556069
SNX1_SNX2,0.5897224830648435
SNX12_SNX3,-0.5945529389776164
SORCS1_SORCS3,-0.438319079170519
SOS1_SOS2,-3.284583555466324
SOX1_SOX2,0.4698187664930566
SOX14_SOX21,0.9364119358994902
SOX5_SOX6,0.11603716513215159
SP8_SP9,1.3251911850706457
SPAG11A_SPAG11B,1.029443273554706
MAPK8IP3_SPAG9,-0.23842041821633364
SPOCK1_SPOCK3,0.5933454275498384
SPOP_SPOPL,-1.1120730931318081
SPRED1_SPRED2,-0.9531442889703264
SPRR1A_SPRR1B,-0.5390642106130408
SPRR2A_SPRR2B,-0.37903221287740285
SPRY1_SPRY2,-0.3433861421988806
SPTA1_SPTAN1,-1.046351962828937
SPTLC2_SPTLC3,0.09180658506323784
SRGAP2B_SRGAP2C,1.9282276777651792
GCA_SRI,-0.1631655727519119
SRSF1_SRSF9,1.9405833631965574
SSTR1_SSTR4,-0.16954175433453658
ST7_ST7L,0.666263687860511
ST8SIA2_ST8SIA4,0.3169930630698428
STAG1_STAG2,-0.39177296619443147
STAM_STAM2,-1.6974793743067738
STAMBP_STAMBPL1,-0.7393340192109898
STAT5A_STAT5B,0.5504072629515985
STEAP1_STEAP1B,-0.24909764523106076
STEAP2_STEAP3,0.3075575234388487
OXSR1_STK39,-3.4145185502445163
STK3_STK4,0.13517591663762432
STOM_STOML3,-1.191656352972519
STRIP1_STRIP2,-0.7131063596723083
STX10_STX6,0.15971980860582427
STX12_STX7,-1.8797663967167464
STXBP1_STXBP2,-0.43258952965538994
STXBP5_STXBP5L,0.492903974717866
SULF1_SULF2,-1.0445661588829553
SUV39H1_SUV39H2,-0.860713499209558
HNRNPR_SYNCRIP,-3.5962069024104415
SYNGR1_SYNGR3,0.9945136608280396
SYNPR_SYP,-0.30281498881883123
SYT11_SYT4,-0.9779329328645837
TACR1_TACR3,0.136361948618142
TAF1_TAF1L,1.3384704291225165
TAF9_TAF9B,0.7172677192783452
TANC1_TANC2,-0.05160331564142359
TAOK1_TAOK3,-0.23444372268947034
TAS2R39_TAS2R40,-0.2746985676784709
TBC1D22A_TBC1D22B,-0.8734837479728835
TBC1D8_TBC1D8B,-0.4963246037306093
TBP_TBPL2,2.5556531780244494
TBX15_TBX18,-0.2412700542980055
TBX2_TBX3,0.19504821499625596
TBX4_TBX5,0.5510732004835066
TCAF1_TCAF2,-0.2696324131922209
SCX_TCF15,0.1508114834267279
MSC_TCF21,-0.32225201099592093
LTF_TF,-0.6313389341108318
TGFB2_TGFB3,-0.31771192330090176
TGIF2LX_TGIF2LY,0.3580327101188469
NLN_THOP1,0.4214765926282462
THRA_THRB,0.7956588720292003
TIA1_TIAL1,-4.464663433624732
JRKL_TIGD2,-0.37599980275554473
TIMM17A_TIMM17B,-6.664827031020223
TIMM23_TIMM23B,-0.08884974288236827
TLK1_TLK2,-2.624671155782438
TLN1_TLN2,-0.4842501590537562
TLR1_TLR6,-1.6143662841039896
TMED1_TMED5,-0.7973404692082885
TMED3_TMED7,-1.737210987766168
TMED4_TMED9,-1.7179866377056938
TMEM120A_TMEM120B,0.8329749265515654
TMEM184A_TMEM184B,0.010104103391006716
TMEM185A_TMEM185B,-0.08934321669884195
TMEM30A_TMEM30B,0.47842870047035363
TMEM39A_TMEM39B,-0.38797725414899015
TMEM50A_TMEM50B,1.3625645162804496
TMEM55A_TMEM55B,0.10747344613811746
TMEM63A_TMEM63B,-0.4353448258059615
TMEM9_TMEM9B,-0.2243116248257527
TNFAIP8L1_TNFAIP8L2,1.0444093971544222
TNKS_TNKS2,-0.29283539956790056
TNPO1_TNPO2,-0.8905184698567891
TOB1_TOB2,-0.23967477249549754
TOM1_TOM1L2,-0.8253111162094089
TOMM40_TOMM40L,-0.6732744160702192
TOP1_TOP1MT,-0.6423669289631448
TOP2A_TOP2B,2.9470577861026666
TOR1A_TOR1B,-1.2651060779063705
TP63_TP73,0.7224962917379255
TPST1_TPST2,-0.09574647884517577
TPTE_TPTE2,-0.1003201156532234
TRA2A_TRA2B,-4.8987588025957605
TRABD2A_TRABD2B,-0.06275013312636844
TRAPPC3_TRAPPC3L,1.4472370391099838
TRAPPC6A_TRAPPC6B,-2.612317285125933
TRIB1_TRIB2,-1.6202764899562072
TRIM16_TRIM16L,-0.621424515089612
TRIM2_TRIM3,-0.2611422331340075
TRIM54_TRIM63,-0.08086145373762611
TRIM67_TRIM9,2.3945499379660418
TRPC4_TRPC5,1.1787799098370502
TRPM1_TRPM3,-0.35510389589412
TRPM6_TRPM7,-0.8959879847722384
TRPV5_TRPV6,0.11931186742187978
CD151_TSPAN11,1.0657802351411203
TSPAN13_TSPAN31,-0.15608302270509575
TSPAN6_TSPAN7,0.6581137764743631
TSPAN4_TSPAN9,-0.2155338031678483
TSSK1B_TSSK2,-0.013494262605901862
MPST_TST,0.24279111335154246
TTC21A_TTC21B,-1.0533672043293043
TTC30A_TTC30B,2.0710424559743146
TUBG1_TUBG2,1.9454789626524593
MAGT1_TUSC3,0.055656661114917315
TWF1_TWF2,-0.24626089390116493
TYW1_TYW1B,-0.028696474927096656
UAP1_UAP1L1,-0.6026291614244079
UBALD1_UBALD2,-1.139885785730049
UBE2A_UBE2B,-1.7026241152635992
UBTD1_UBTD2,-0.7749896186800435
UCHL1_UCHL3,-0.08748077412889949
UCK1_UCK2,2.2513828315178945
UGGT1_UGGT2,-0.10458382480325083
UGT3A1_UGT3A2,0.6997290735194536
UHRF1_UHRF2,-0.1952138055004744
ULK1_ULK2,-0.712457689793057
UNC119_UNC119B,0.2998710715852295
UNC13A_UNC13B,0.36818378671615287
UNC45A_UNC45B,1.0449717107236742
UPP1_UPP2,0.18314902811181913
PMPCB_UQCRC1,2.456254852107035
UQCRH_UQCRHL,4.148180112456955
USP20_USP33,0.6591684492325257
USP15_USP4,1.067678133455291
USP12_USP46,-0.8748676285493847
USP44_USP49,-0.9260463811358917
USP13_USP5,-1.2410374347278217
USP32_USP6,-1.1395930250850481
USP9X_USP9Y,-1.7872902155268182
UTP14A_UTP14C,1.386354849789427
KDM6A_UTY,0.42967445954532435
VANGL1_VANGL2,0.6526885410305349
VAPA_VAPB,-1.833835531789789
VASH1_VASH2,0.36055598492848767
VAV1_VAV3,1.9504593970144337
AVIL_VIL1,1.8358308558804728
VPS26A_VPS26B,-0.5132530893711919
VPS4A_VPS4B,-10.434553604993267
WASHC2A_WASHC2C,-0.04555269949800426
WDFY1_WDFY2,1.013819279404464
DMWD_WDR20,-0.975772636839386
WDR5_WDR5B,1.9348984651361703
WFIKKN1_WFIKKN2,0.882237335986007
WIPI1_WIPI2,-1.2826133472571406
WNT10A_WNT10B,0.196764383727671
WNT2_WNT2B,-0.2919593610451308
WNT3_WNT3A,-1.2182713032947587
WNT5A_WNT5B,0.25392559953649385
WNT7A_WNT7B,-1.3890641082630724
WNT8A_WNT8B,-0.043341338010667724
WNT9A_WNT9B,1.169413194390758
XCL1_XCL2,-0.008594330351063642
RANBP17_XPO7,-1.0720730419821352
YBX1_YBX3,-0.38016501835955313
YIPF5_YIPF7,1.1102727674931863
YY1_YY2,0.35333470905247516
SYK_ZAP70,0.5844203565458554
ZC3H12B_ZC3H12C,-1.6749849672046229
CNBP_ZCCHC13,0.24991748389367655
ZCCHC12_ZCCHC18,0.12841943271677653
ZDHHC3_ZDHHC7,0.39916736872514536
ZFAND5_ZFAND6,1.6386814527023585
ZFHX3_ZFHX4,-0.2906610003555885
ZFP69_ZFP69B,1.3479595924296524
ZMIZ1_ZMIZ2,-0.1510568633715617
ZNF146_ZNF260,-0.01680906951575608
ZNF280A_ZNF280B,1.401393312924887
ZNF181_ZNF302,1.584545692380541
ZNF324_ZNF324B,1.5245000364490686
ZNF385B_ZNF385D,0.07277295827814319
ZNF24_ZNF396,-0.4433569212509991
ZNF423_ZNF521,-0.2950596847143792
ZNF561_ZNF562,0.6857412850426766
ZNF552_ZNF587B,-0.226914794353805
ZNF300_ZNF630,0.6996482293592392
ZNF503_ZNF703,-0.036080227727290894
ZNF143_ZNF76,-1.0954915168904436
ZNF419_ZNF773,0.43376844153698046
ZNF175_ZNF81,1.5328306052782807
ZYG11A_ZYG11B,-0.3612013129713021
