"paralog_pair","GI_score_RPE1","GI_score_HAP1","fdr_RPE1","fdr_HAP1","p_val_RPE1","p_val_HAP1"
"SLC16A1_SLC16A3",0.442241479500889,-0.714481238091512,0.10298076421708,1.57151369556607e-05,0.0376391682079971,1.14876732132023e-07
"MDM4_TP53",0.868649320471457,0.238408777745921,0.00380179805162808,0.0132581697857986,0.00042798019002246,0.00189956233773137
"APC_CTNNB1",-0.817567776174421,0.0942047296631,0.0636272336927506,0.687846929492219,0.0201727716935457,0.547587516003886
"BRAF_MAP2K1",0.289528030561931,0.085422128154742,0.163863748234637,0.520024258922837,0.0757031351493352,0.371011459582375
"CCNE1_CDK2",-0.0845070403998415,0.0224048073918359,0.71298441494563,0.877015967932504,0.589984179618752,0.800084742675266
"BRAF_PEA15",0.702808302679112,-0.0233405276004405,0.00056572943233816,0.884071417505112,1.68978924178488e-05,0.81343059061642
"CBFB_RUNX1",-0.192390597477767,0.302107255513173,0.519312345727153,0.016703363853439,0.375818144934124,0.00274004512298195
"SMARCA2_SMARCA4",-0.401155212450358,0.0273508559257088,0.0135733348404908,0.82224695257806,0.0023415987005525,0.722471372075167
"BRD4_KDM4C",0.681006698094649,0.218176524066893,0.109528104637642,0.18245093568478,0.0417936188748896,0.0781551522743283
"BRD4_KDM6B",0.335832237210097,-0.345020828958189,0.340814716194411,0.00528891339283559,0.208275659896584,0.000518066077953193
"SRRM1_SRRM2",0.538541220205779,-0.0972367407863721,0.230259232129113,0.723390215216267,0.118162001170576,0.591191710973528
"TRA2A_TRA2B",-1.11608232714074,0.214295528242192,0.0156060849385178,0.375299611727133,0.00292043694755889,0.226775578249614
"PAIP1_PAIP2",0.229097336612255,0.160601132352642,0.268751611456043,0.164524413268039,0.148913539096258,0.0678302405578757
"EIF4E_EIF4E2",0.525839883738793,0.298869217031992,0.103089039139621,0.183358309485771,0.0382816022536019,0.0792751375632514
"ENO1_ENO2",-0.581594807060779,0.185640500758297,0.0281264953099562,0.455748808241754,0.00686714139877585,0.30783033539136
"ENO1_ENO3",-0.189134102705238,0.22132128699482,0.523621602726195,0.681100824632015,0.380467743501343,0.540351183922446
"ENO2_ENO3",-0.75639551158306,0.0612754372270218,0.00182074905358968,0.491486454742896,0.000109138466662539,0.338435848222082
"CREBBP_EP300",0.0447284331402386,0.0441686535199478,0.926891833457818,0.754866120147926,0.878108052749512,0.631262311000897
"BCL2L1_BCL2L2",0.372220237915235,-0.0201803855494763,0.103089039139621,0.951237130816679,0.0379620322854636,0.920641784503861
"BCL2L1_MCL1",-0.179514595522829,0.420821473294406,0.52826337257224,0.575834869352017,0.386157436090819,0.430192424325849
"PARP1_PARP2",-0.00218263846016639,-0.272549426920457,0.990553111499958,0.0274831283860895,0.989104934436362,0.00538412164288889
"MAPK1_MAPK3",0.682694449392349,-0.10676717822049,0.0262317769915952,0.333871023360499,0.00590598487822465,0.189388826116774
"MDM2_TP53",0.879122200380284,0.149986729878158,0.00293609859936327,0.220178725565823,0.000257552508716076,0.103329489629575
"ABHD12_ABHD12B",0.459625512623707,0.23350736612065,0.00613470735427829,0.0478897715757268,0.000843073817693215,0.0116809545536497
"ABL1_ABL2",-0.569664259200117,-0.347530353940062,0.0658995570734257,0.0198306689610158,0.0210994195892986,0.00365301796650291
"DMWD_WDR20",0.876996004482174,0.348556081681203,0.00252198688371473,0.140140579609755,0.000195417112334621,0.0549088820693193
"HNRNPL_HNRNPLL",0.845671742716139,0.0504682319786493,0.00546707855161759,0.910320886665258,0.000701568471492045,0.85708574709419
"ACBD3_TMED8",0.538969360499063,-0.0500596739414406,0.00132308247881353,0.676295791721374,6.5767257718801e-05,0.531940257231139
"ACBD7_DBI",-0.605375994322537,-0.0963101512255616,0.0457898295095006,0.782314694321084,0.0131880064522977,0.663366261266416
"ACSL1_ACSL6",0.271562996999581,0.0256640663262655,0.339237646434736,0.848832171875694,0.203079651199933,0.756704917695431
"ACTR1A_ACTR1B",0.553894946701223,-0.0341278764179801,0.109956379612407,0.946632548836544,0.0424979379952292,0.910990286185348
"ACVR2A_ACVR2B",-0.315397399875414,-0.17075663230369,0.0924951692995216,0.398833046264659,0.0329953527910574,0.248813239819411
"ADAMTS10_ADAMTS6",-0.344996116303626,-0.0202144492592333,0.0789238301737607,0.893204062454539,0.0264341240050692,0.831828929508102
"ADAMTSL1_ADAMTSL3",-0.644451658708523,0.0270892618855569,0.00185380201670824,0.826138585064716,0.000124670895860495,0.728306384201789
"ADAP1_ADAP2",0.0588826438171784,0.225870298972884,0.824398540703036,0.0508863380405339,0.746056574115759,0.0127959797411869
"ADSS_ADSSL1",-0.321406948713841,-0.25101753810932,0.00638280442095886,0.0364580649859421,0.000933158541075857,0.00815509348369757
"AGPAT3_AGPAT4",0.627364103249541,-0.143297242070276,0.0299074656188249,0.145854727347506,0.00747686640470622,0.057945095484798
"AHCYL1_AHCYL2",-0.346601142867345,-0.0735510500019109,0.177857414469726,0.589930769318381,0.0845082744190952,0.443181503013971
"AHNAK_AHNAK2",-0.409791405830134,0.262508127500929,0.232318506803068,0.145854727347506,0.120235016678781,0.0580245607468772
"AHSA1_AHSA2",-0.576212761636168,0.139401092341737,0.109956379612407,0.644276121944518,0.0426000593527598,0.498277877936623
"AJUBA_WTIP",0.0854598361545124,0.0542414428916737,0.74537825658579,0.807461842356462,0.629866421500857,0.694133864481871
"AK1_AK5",-0.184736287033883,-0.156940654452234,0.485228822827711,0.378910791796792,0.341220853479721,0.230448668695125
"AK3_AK4",-0.195640675953543,0.0591605300594289,0.159096507664056,0.820336440040073,0.0712110189717806,0.714840852951214
"ALMS1_C10orf90",-0.19771652684349,-0.120525137451944,0.259930164149475,0.239620886719909,0.138705423851694,0.119460120426153
"AMOT_AMOTL2",-0.160369443784616,-0.336596253390234,0.341019608464176,0.0139619585832931,0.20889943851826,0.00208204645540336
"ANK2_ANK3",-0.162724952866591,-0.265434729427606,0.676531699386013,0.0760235820395933,0.543005706086142,0.0240074469598716
"ANKRD11_ANKRD12",-0.305731274605648,-0.221257606668682,0.128923332906685,0.0177807468136027,0.053603866472766,0.00319741499718295
"ANO4_ANO5",-0.456743427516784,-0.256528397023159,0.0264345184477364,0.0168549879115919,0.00599027830321512,0.00284125133880526
"ANXA5_ANXA6",-0.240374013248832,0.278337291217305,0.129403739984706,0.0112579075791243,0.0541652296914579,0.00154713934566913
"AP1B1_AP2B1",0.259428038220139,-0.655439766911977,0.151853640594444,2.39821875084715e-05,0.0670464904378978,2.10370065863785e-07
"AP1G1_AP1G2",0.788288273711507,0.157623210934462,0.0155937817466805,0.398833046264659,0.00287566011632222,0.2501452877888
"AP2A1_AP2A2",0.13866930863072,-0.769648873650572,0.599123765714696,0.0155995691723704,0.452846472038739,0.00239467070628493
"AP3B1_AP3B2",1.15975528837429,0.0168720350501577,0.00570738912327209,0.951673145488867,0.000750972253062117,0.922455110320349
"APBA2_APBA3",-0.0814142580418701,-0.381812823797484,0.815562637872287,0.0859938422769678,0.730212634252601,0.0279102821425246
"APBB2_APBB3",1.12157742528416,-0.0607352079227044,0.00213702224133075,0.707918178341659,0.000162463679165495,0.574318992469361
"APH1A_APH1B",0.110306702584101,-0.346015482256806,0.467140745808841,0.0148839859584101,0.323720341393846,0.00224130197911731
"APLP1_APLP2",0.236429370967584,-0.209865617109554,0.387507932619598,0.10481609978473,0.245308384246032,0.0373905385196992
"ARAP2_ARAP3",0.0577606856683779,-0.11051705815627,0.748917967250621,0.208031581760542,0.638563770013585,0.0948915986977909
"ARF4_ARF5",0.0651609998157853,0.171938967856561,0.840487858801559,0.529272994737781,0.766457862659729,0.381899717244773
"ARFGEF1_ARFGEF2",-0.200242215032373,-0.00353406786453006,0.558862219797577,0.985765925604231,0.415061414703463,0.977118856081387
"ARHGAP22_ARHGAP24",0.284080348347643,-0.0171061398480709,0.38646103977358,0.891462081625451,0.244080656699103,0.827600031918365
"ARHGAP31_ARHGAP33",-0.519595902916182,0.283385482290212,0.000442135148028827,0.058222654608411,9.04954981345552e-06,0.0160878387733767
"ARHGEF1_ARHGEF12",-0.0558135144659555,-0.260383589222602,0.776911596077175,0.0262551323947377,0.67818892822026,0.00506677993582658
"ARHGEF6_ARHGEF7",-0.0186318902243416,-0.264581856252155,0.922845440819077,0.00320024402077285,0.870227060421499,0.000266687001731071
"ARHGEF37_DNMBP",-0.313879800766153,0.0631660484050033,0.159096507664056,0.575834869352017,0.0712795941816098,0.429914473963417
"ARID1A_ARID1B",-0.0732297707846069,-0.193611479262971,0.815901786175235,0.192770964676899,0.733595904236505,0.0853941554051177
"ARL8A_ARL8B",-0.541176453950107,-0.618497170655989,0.0599123494597374,0.0751256021886578,0.0187445069947132,0.0236140416236278
"ARNT_ARNT2",-0.184997234516773,-0.124994130917155,0.516957609637327,0.441904731811098,0.372602487647956,0.295249214090164
"ARPC5_ARPC5L",-0.213880382035114,-0.557570576237424,0.676349936452958,0.0828452610931583,0.541588097269355,0.0265250178061428
"ARPP19_ENSA",0.371787623389337,0.470170192836926,0.41491352876149,0.242644771255566,0.273160456022766,0.122516204398137
"ATAD2_ATAD2B",0.332916746965899,0.229842359313051,0.137127392312657,0.0678143432953299,0.058772229918428,0.0203404084158586
"ATF3_JDP2",-0.114110237631191,0.22383490868733,0.761590141671664,0.342128295484881,0.658893943126287,0.197574088766854
"ATF6_ATF6B",0.108056171184233,-0.00479951753843133,0.496679206942579,0.982458642949387,0.350725229463839,0.972156208467202
"ATG4A_ATG4B",0.688984048265522,0.520121558874815,0.00604177733324872,0.0433028552874979,0.000812636717337547,0.0101293228742685
"ATG4C_ATG4D",0.219116408123144,0.106783158143468,0.43165523251011,0.450770264924159,0.289663379710732,0.303149593370048
"ATG16L1_ATG16L2",0.650777460293249,0.0138126638018141,0.0571335459692111,0.933043174229962,0.0176245295314379,0.891814883082731
"ATP6V0A1_ATP6V0A4",0.435045647494495,-0.0808983571548083,0.0387740328058033,0.633326067568949,0.0101470056611678,0.48775334557971
"ATP6V0A2_TCIRG1",0.598797349886923,0.0347276089936454,0.0030475128538425,0.851048372293688,0.000325246254869156,0.761464333104879
"ATP6V1C1_ATP6V1C2",0.473220091414505,0.049366745728354,0.104510555389054,0.848832171875694,0.0392639016687164,0.754531475774881
"ATP8A1_ATP8A2",-0.00421698999476097,0.334236225873491,0.985994554938505,0.0500818299898609,0.978786992402405,0.0125204574974652
"ATP9A_ATP9B",0.243413441589182,0.298235965399207,0.121372417763037,0.00665155613304363,0.0498620605137621,0.000695607775717654
"ATRN_ATRNL1",-0.350809565197818,0.209366615855938,0.00968435246960467,0.0678143432953299,0.00153895356775955,0.0206203931731767
"ATXN1_ATXN1L",0.286122447300787,-0.438836336379104,0.208801419104433,0.000444736457102093,0.105316505250043,1.62549874671818e-05
"ATXN7_ATXN7L2",0.528009205972758,-0.190232684391869,0.00289327421943689,0.191724040302408,0.000249566051091779,0.084610351045092
"AUH_ECHDC2",0.170322906378557,0.169739781625683,0.41491352876149,0.148240624002317,0.273627615725087,0.0598163921412859
"AXIN1_AXIN2",0.201570442700039,0.101052235799739,0.432595818950575,0.520024258922837,0.290927012744539,0.370956634029498
"B4GALT5_B4GALT6",0.606226590161152,0.0500727276845857,0.00873022715491928,0.757292725283735,0.00134016644922007,0.635505883498339
"BACH1_BACH2",-0.335699460704986,-0.125293283311376,0.0185412913537837,0.0968661290314903,0.00368657254987512,0.0336746225452441
"BAG3_BAG4",-0.0637438276579448,0.00354675103212652,0.815901786175235,0.982458642949387,0.732476037462083,0.972404241632653
"BAIAP3_UNC13D",-0.108197030606018,0.165146753333618,0.685417656358204,0.403068376256818,0.55414614614925,0.255445061647008
"BANK1_PIK3AP1",-0.289740166810508,0.0362264725035734,0.1759221951049,0.820336440040073,0.0828171737189733,0.712652115564954
"BCOR_BCORL1",-0.430628086437696,-0.0611097359630418,0.0173751981564647,0.513758284369638,0.00337851075264592,0.363290858955788
"BEGAIN_TJAP1",-0.440479315436366,-0.0603035972727634,0.0405610526665439,0.687846929492219,0.0109570096276828,0.549888840717286
"BMI1_PCGF2",0.199360693569607,0.343682376430248,0.57021197444159,0.0215603871046963,0.427658980831193,0.00406621335746466
"BMPR1A_BMPR1B",-0.0331398980275905,0.0777731609858847,0.865403019264213,0.751748722473844,0.800877355547145,0.625358220888329
"BRD7_BRD9",0.760661416741644,0.0668894311955331,0.000966967998340205,0.348598216531871,4.38245730241906e-05,0.203348959643592
"BRMS1_BRMS1L",-0.352167202848042,-0.216587443938189,0.0265756918214219,0.10084077771017,0.00625538944919433,0.0353827290211122
"BTBD1_BTBD2",-0.268379617530277,-0.124835619841334,0.13882721513775,0.239115369102838,0.0602802381519177,0.118149893461173
"BTBD3_BTBD6",0.936995189127452,0.165335345295137,0.00162659482344215,0.133325430683745,9.27444416874911e-05,0.0502894168368511
"BTBD10_KCTD20",-0.142582600079254,-0.1407850361171,0.405405984982963,0.397318935052784,0.259602078103125,0.245710394045801
"BTRC_FBXW11",-0.672656046677118,-0.31920238883067,0.00611409685574088,0.0659432803946613,0.000831302642666523,0.0193720974046265
"CAB39_CAB39L",0.0429802677553353,-0.275958152107739,0.813696489829372,0.10481609978473,0.725707243013995,0.0371515923191331
"CALB1_CALB2",-0.15711033193753,-0.299677952634188,0.57747722385904,0.00820108932228433,0.433952182841442,0.00101914121695054
"CALM1_CALM2",0.0238211867355089,0.369589791352884,0.968711246738937,0.22164905326523,0.956474650851885,0.105963801780307
"CAMKK1_CAMKK2",0.159325281303354,-0.440484155704845,0.702491766660788,0.0171018168244955,0.574112423338276,0.00292531077261107
"CAND1_CAND2",-0.695346744913874,-0.23503103482476,0.0127848384159864,0.0264508132162751,0.00216818897113219,0.00514321368094238
"CANX_CLGN",-0.193795018533634,0.0971300862885896,0.407181369377148,0.398097114937434,0.263096696352486,0.246773650195135
"CAPRIN1_CAPRIN2",-0.127408302847601,0.23805164416869,0.621738543685298,0.0409162353283048,0.47357570359655,0.00939159202711089
"CASKIN1_CASKIN2",0.0496294841573865,0.101198341349953,0.887333265559542,0.529272994737781,0.824094383070129,0.382233484188981
"CASP3_CASP7",0.186585309601226,0.059834848582354,0.438251675669684,0.447955852263799,0.296840837347824,0.300601953492812
"CBX1_CBX5",-0.255971897611054,-0.295481910162457,0.3770001487093,0.00323240353948088,0.236451847655395,0.000277395573017847
"CC2D1A_CC2D1B",0.597672181730098,-0.358992645454564,0.13820983149651,0.244078470133607,0.0598101025189576,0.123823434409885
"CCDC102A_CCDC102B",-0.0463660557456461,0.366675263686408,0.798811580256322,0.00323240353948088,0.708886884818111,0.00027881843396107
"CCNA1_CCNA2",0.15130711934834,-0.0648669768029184,0.640964457891771,0.717382509474566,0.493842498989713,0.583135490157689
"CCNB1_CCNB2",-0.509305389065606,-0.394934450965941,0.00185380201670824,0.00360279840805592,0.000118945401850732,0.00032656944634425
"CCND1_CCND2",0.25669110695097,0.321714341269894,0.41491352876149,0.0528000813693943,0.274182624269289,0.0138947582551038
"CCNE1_CCNE2",0.108724561966615,0.0864773810720981,0.479806526910653,0.39015600875471,0.335303391613,0.239569479059909
"CCNG1_CCNG2",0.0662914115406624,-0.0634085906155231,0.754417112758133,0.513945659184197,0.646328111222611,0.36517191573614
"CCNJ_CCNJL",0.581852366069313,0.0864443029941187,0.0822412515997309,0.675683093121703,0.0280149292730078,0.530470498547302
"CCNL1_CCNL2",-0.638626819487058,-0.415737933293086,0.0356537148321421,0.0678143432953299,0.00922618059252801,0.0202486752395072
"CCNT1_CCNT2",-0.0127982444284197,-0.21631655464265,0.968711246738937,0.421401585286968,0.954346202368718,0.27354137992312
"CCNY_CCNYL1",0.655961393304813,-0.116878517009976,0.00294875006754276,0.406179857111213,0.0002839636080466,0.260697727947756
"CD151_TSPAN11",-0.416137335425376,-0.257996410368879,0.114588120955588,0.22164905326523,0.0450646265161598,0.105467082622379
"CDC34_UBE2R2",0.151678222530561,-0.040713332116794,0.443135759752632,0.832270604331716,0.30286704437773,0.734929013181808
"CDK2_CDK3",0.0947598636824578,0.245028218245201,0.761590141671664,0.193740028133131,0.661198775758276,0.0866731704806112
"CDK2AP1_CDK2AP2",-0.619393968134755,-0.315139536766331,0.174489282240038,0.341747662931709,0.0816762109829458,0.196854647946043
"CDK12_CDK13",-0.129641669125322,-0.071061328276534,0.601058821753832,0.742794496253279,0.455187821152756,0.615724110371906
"CDK14_CDK15",-0.260188033347694,0.00168515889243363,0.386415913461005,0.988245478514846,0.243487220324113,0.981173059436122
"CDKL2_CDKL3",-0.0382546791142173,-0.0514269033646562,0.914328109221538,0.82164993128924,0.860858629150103,0.720745553762491
"CEP85_CEP85L",-0.242912078539342,0.136227596171262,0.162825927933657,0.263645819138687,0.074747575104047,0.137604616129403
"CERS5_CERS6",0.0251743493859607,-0.291170360108004,0.936553597735482,0.0613289236261876,0.902322837584332,0.0175737851326503
"CHCHD3_CHCHD6",-0.178699802357233,-0.17629627388878,0.597733323618237,0.285992006459315,0.450921630097969,0.156375746221906
"CHD1_CHD2",-0.450060464926684,-0.427291076202104,0.0123352673814694,0.000203258326480675,0.00207391191355114,6.52987750890537e-06
"CHD3_CHD5",-0.320139127755996,-0.625536660246159,0.0812971034045821,3.6772889164707e-05,0.0275744561255308,3.76330737065715e-07
"CHIC1_CHIC2",0.0346867247841808,-0.251586387589493,0.91299482014253,0.00406250396672832,0.855598946946436,0.000374177996935503
"CHMP4A_CHMP4C",0.743038605323183,0.284948428362474,0.0436630539512006,0.00233292102124158,0.0121055893501694,0.000187588678608607
"CHPF_CHPF2",0.690654795186236,0.238830817972529,0.00186707836381997,0.0364580649859421,0.000131023043075085,0.00811791194035767
"CHSY1_CHSY3",0.0990889261937654,-0.0714969457436482,0.669471228020732,0.679971685737098,0.526889934716261,0.535825641246047
"CLCN3_CLCN4",-0.125974613947666,-0.316381331976083,0.431062847106403,0.0050334331783781,0.288635649085866,0.000470964507918419
"CLIP1_CLIP2",-0.471908008561335,-0.29231420120946,0.00635255734973345,0.0450493016551878,0.000901047728551672,0.0106695714446497
"CLOCK_NPAS2",0.0164900824541244,-0.0438194439641293,0.934610149094694,0.747278031896076,0.898952517908689,0.620546669761654
"CLTC_CLTCL1",0.0914804568288848,-0.101567166432602,0.755514527174069,0.469427146905467,0.650581953955448,0.320500698252709
"CNKSR1_CNKSR3",0.13065136130839,-0.106007802009762,0.717197829429605,0.138547851881454,0.599761927534699,0.0531839768645419
"CNOT7_CNOT8",-0.899977436293979,-0.504672243868294,0.0834538524655433,0.147759058099228,0.0287940192717372,0.059406054060362
"COMP_THBS3",-0.0263929732221025,-0.288539998415723,0.88784274814058,0.00208874032561981,0.826836009598756,0.000155242260769705
"COPG1_COPG2",0.0154668662785806,-0.38862899727214,0.968711246738937,0.0426985910219969,0.956098204922941,0.00992554966739401
"COPZ1_COPZ2",-0.337729932257978,0.191069769641926,0.204159040393495,0.248731127178614,0.102079520196747,0.128001983577298
"COQ10A_COQ10B",-0.654037074098784,-1.15840891625492,0.000966967998340205,4.20873009241061e-05,4.04536726841015e-05,6.76842558721004e-07
"CORO2A_CORO2B",0.742429920071588,0.338188892600249,0.00182074905358968,0.209235223425243,0.000106586730218747,0.0957465276785103
"CRABP1_CRABP2",-0.0507537447342306,0.353140261743334,0.887333265559542,0.0175430713225103,0.825064264467644,0.0030281075900614
"CRELD1_CRELD2",1.06248947790526,0.356139887633976,0.00537290013020879,0.170446832116086,0.000651974723402528,0.0715178959317497
"CSAD_GADL1",-0.330891158534531,-0.103085452416551,0.0275677620161287,0.202297761538604,0.00660981428456888,0.0916846580072622
"CSNK1D_CSNK1E",-0.146809752554107,-0.473196607369352,0.727114297479041,0.0968661290314903,0.609117679028495,0.0338464983019389
"CSNK2A1_CSNK2A2",-0.282175316763904,-0.396031557560255,0.269796377258188,0.00678821236597873,0.150281315402587,0.000744586454800896
"CTBP1_CTBP2",0.0055377834547423,-0.57569664805447,0.988569238698019,0.0654522798917687,0.98423340870373,0.0190424030679269
"RAVER1_RAVER2",-0.638809666658593,0.144217616835384,0.00294875006754276,0.165583468240949,0.000281551482439712,0.068508949579223
"CTPS1_CTPS2",0.36909760569138,-0.222762737547469,0.046044474623646,0.265411601273989,0.0133286637068449,0.138914259146328
"CUL4A_CUL4B",-0.493347079212709,-1.25427794712963,0.113500665604365,3.25963322923446e-06,0.0442847431242524,1.42966369703266e-08
"CUX1_CUX2",-0.451927051047591,-0.0917422016626298,0.00858299994573074,0.46473868792683,0.00128960310312528,0.315940774687099
"CYB5A_CYB5B",0.1163428238155,0.0260164720311999,0.625253866155536,0.890207965123683,0.477167424171331,0.822531336196152
"DAAM1_DAAM2",0.141604046143967,-0.142936247707554,0.514150273368095,0.145854727347506,0.368806018576608,0.0584271861011939
"DAB1_DAB2",0.114438786100969,0.0413341297234577,0.339237646434736,0.783143689162645,0.206815933572054,0.667340899672523
"DACH1_DACH2",0.337692444982068,0.0183236667296583,0.121815362182474,0.856474326555183,0.0502221230050549,0.773772984762936
"DCHS1_DCHS2",0.370240642290975,0.493283755360405,0.105102185234574,0.015688656149638,0.0397974648768344,0.00254596612954653
"DDHD2_SEC23IP",1.65306852392869,-0.158732563206104,0.00213702224133075,0.274488235772892,0.000155089482483,0.14566672657971
"DDR1_DDR2",0.64757812896526,0.0508169115158727,0.0148988153095431,0.697033714314154,0.00263560914101566,0.558442215561632
"DENND6A_DENND6B",0.290696452196273,-0.13453346056886,0.196744370251417,0.319144696050378,0.0969339952846894,0.180353286316917
"DERL2_DERL3",-0.614988967164151,-0.245386423541128,0.103089039139621,0.244409016413637,0.0381698118576245,0.124704659363544
"DHX32_DQX1",-0.066033611275569,0.0713804446841182,0.813608709611789,0.403428960966175,0.724397228294707,0.256566663772348
"DHX58_IFIH1",0.177822548839815,0.135291136863793,0.292165436233901,0.390147389172848,0.1665855557474,0.238665262175948
"DIP2A_DIP2C",0.105366216353476,-0.211820954442386,0.627816930183394,0.0526752820668027,0.480842037822438,0.0137849056870726
"DLG1_DLG4",0.182586386465085,-0.207805882843198,0.228962246346728,0.118337247307828,0.117159044183267,0.0427328948611602
"DLG2_DLG3",0.707414804458416,0.316932912147485,0.0436630539512006,0.0489622654028564,0.0120963108128095,0.0120974018319923
"DMRTA1_DMRTA2",-0.00518713003643529,0.412096146524322,0.987801769954873,0.0478897715757268,0.982025151417125,0.011692385750214
"DNAH11_DNAH17",0.176874321273031,0.0687056409038767,0.313864880336359,0.534759143392369,0.183546713646993,0.390018583929604
"DNAJA1_DNAJA4",-0.570214276788678,-0.264894692464661,0.00213702224133075,0.0176286120771337,0.000161373142630133,0.00311851178557482
"DNAJC15_DNAJC19",-0.438556218196588,0.0920816412637108,0.0398735682915576,0.379033079864622,0.010493044287252,0.231077184654309
"DOCK3_DOCK4",0.659215414621701,0.0551384583928916,0.0436630539512006,0.788389752195444,0.0121286260975557,0.674280709114524
"DOK1_DOK3",0.896059412793971,-0.312531583867909,0.0106613067157774,0.0440818616553234,0.00173012433545511,0.0103759937522033
"DOPEY1_DOPEY2",0.28256208277282,0.16988535281695,0.266641481403998,0.273855872618088,0.14618502269956,0.144535043881769
"DST_MACF1",0.719452647120536,-0.236155631266548,0.000652245377385314,0.140140579609755,2.28858027152742e-05,0.0547146784548865
"DUSP15_DUSP22",-0.147346924107652,0.185877911589823,0.497422698106568,0.279768045975182,0.352863066790962,0.14999724250593
"DUSP16_DUSP8",0.341714755192886,0.136198098421867,0.346628139645931,0.513646452954357,0.212841840133466,0.361955541409356
"DVL1_DVL3",-0.319959297211739,-0.373763280532877,0.264727819106884,0.00678821236597873,0.144361807787818,0.000776424841729545
"DYNLL1_DYNLL2",0.107486958882744,-0.10581474258243,0.712335163651303,0.459387035509513,0.586322656631116,0.310959352983779
"DYRK2_DYRK3",-0.540993734875321,-0.356251443821132,0.0428443185877457,0.00513867889848595,0.0117132859296907,0.000494432506101926
"E2F7_E2F8",0.340261671236941,-0.198119767175391,0.0812770971081732,0.0909375472343774,0.0274488441988129,0.0305784150057117
"EBF1_EBF3",-0.441973180361445,0.215107676233988,0.104510555389054,0.058222654608411,0.0394206480853449,0.0159564994195111
"EEF1A1_EEF1A2",0.436442560501574,0.461856223191877,0.169275891076408,0.0664828750649463,0.0789459199610735,0.019633831525028
"EFHD1_EFHD2",0.567637565722303,0.248493284912866,0.0502600989517155,0.425082024376699,0.0149884934459459,0.27841629666778
"EGR2_EGR3",-0.188440747211698,0.210151200738774,0.660518713671715,0.282004351676745,0.516682605275662,0.152833863201469
"EHBP1_EHBP1L1",0.512357036139409,-0.352117573806157,0.104156548060496,0.0666010608400698,0.0388302920400972,0.0197661043136465
"EIF1_EIF1B",-0.624405461167421,0.185976223204821,0.409881664857057,0.681100824632015,0.266200543757519,0.540463002916652
"EIF4A1_EIF4A2",1.0320746003477,0.714276877112846,6.708897889272e-05,0.00820108932228433,7.84666419797895e-07,0.00100724576104489
"EIF4EBP1_EIF4EBP2",-0.0554309329937333,-0.481852305213738,0.934610149094694,0.0510552890057316,0.897325585763993,0.0129584559181787
"EIF4G1_EIF4G3",-0.0635443772395826,0.291898249621965,0.714993483252586,0.142146968932565,0.595827902710489,0.0559028284252339
"ELAVL1_ELAVL2",0.707709629685766,0.0805568955075916,0.00185380201670824,0.548837313751856,0.000122713230539199,0.406011229179005
"ELK3_ELK4",0.0795758740381402,-0.0608663219831397,0.822879163042387,0.820295618070377,0.743478542047069,0.71116272151423
"ELMO2_ELMO3",-0.0850408999600848,0.0620237184026956,0.697792462434885,0.605870325794142,0.569251745670564,0.459717396326257
"ELMOD1_ELMOD2",0.577625587766214,-0.190638104206746,0.0234487353944076,0.306635827455246,0.00503942120318408,0.172594727441915
"ELOVL1_ELOVL7",-0.259757998534098,0.287011041665849,0.160158814579369,0.0715671961194655,0.0725865972508837,0.0219723847735201
"EMC8_EMC9",-0.0398428668733104,0.205483998296233,0.926331634080356,0.123904276933038,0.876223051535073,0.0454677975295213
"EME1_EME2",0.412617458357458,0.136402119172328,0.206731356825334,0.279768045975182,0.103970156064203,0.150109463264462
"EMX1_EMX2",-0.21958383761626,-0.0281857680280263,0.276416442255828,0.856668152487982,0.154777042959038,0.775259629225235
"EN1_EN2",-0.0113617219064988,0.320044131615892,0.965288478563118,0.00847319461544351,0.946942352508556,0.00107235820946983
"ENOX1_ENOX2",-0.465756859287483,-0.141999061715327,0.00374107227714357,0.242644771255566,0.000415674697460396,0.122741360898283
"ENTPD5_ENTPD6",0.358115284058047,-0.216973597684309,0.178727463781316,0.0176874950325979,0.0851829725039608,0.00315478712569729
"EP400_SRCAP",0.739661294371011,0.115750490402839,5.19310746677159e-05,0.193740028133131,5.31458366482472e-07,0.0864016729025047
"EPC1_EPC2",0.691264606316837,0.320225262172424,0.22404966592732,0.233849993692307,0.113990180910391,0.114189909200629
"EPS15_EPS15L1",-0.275620404314251,-0.203605231289042,0.561646610599528,0.279299908020497,0.419592716398185,0.149041617584037
"ERC1_ERC2",-0.304646731202923,0.288769960495026,0.0953711779395191,0.0598635868533318,0.03430016048702,0.0170520366436165
"ERLIN1_ERLIN2",0.103764675446947,0.0155245303120947,0.649715435336218,0.889406426693188,0.506466110488897,0.8204904316424
"ESRP1_ESRP2",-0.0838925107953739,-0.0586069832937761,0.714993483252586,0.659525172421331,0.594578257117419,0.513928241082704
"ESYT2_ESYT3",-0.289594747666409,-0.0145863385951963,0.0280617202458904,0.890233210228735,0.00681030052751142,0.823856172623961
"ETS1_ETS2",0.029567600531846,0.0993724548749459,0.91299482014253,0.375299611727133,0.854950804354201,0.227145397009015
"ETV1_ETV4",0.284851444203795,0.0502400776291996,0.366337779587975,0.818274422181689,0.227622158369722,0.708214119782982
"EXOC6_EXOC6B",-0.430466517204492,-0.238555101447766,0.0842395512816178,0.0426985910219969,0.0295239677973252,0.00989670747770991
"EXT1_EXTL1",0.0214722320115482,0.119718580914732,0.928575758307552,0.546056751981458,0.883776050669907,0.403155935307948
"FAM49A_FAM49B",0.353514577698975,-0.0786447333082322,0.0232136814400883,0.336540294451223,0.00495496709101299,0.191930175106962
"FAM78A_FAM78B",0.159241483300014,0.149058519763207,0.438251675669684,0.240757159484143,0.297517922135782,0.120596203617391
"UBALD1_UBALD2",-0.409845203046819,0.133208359422447,0.15968747375426,0.707918178341659,0.071965436544601,0.573372532731479
"FAM102A_FAM102B",-0.789092597827716,-0.45910628213226,0.000624008073531285,0.00142181718363179,2.0982727618742e-05,8.52258838141865e-05
"FAM117A_FAM117B",0.150408479284639,-0.0570437710148673,0.442516463654067,0.622685581838328,0.301480514711689,0.477028135794275
"MVB12A_MVB12B",-0.441435041362139,-0.137676765254088,0.15968747375426,0.498342833271957,0.0721395166521438,0.346295639014765
"FAM126A_FAM126B",-0.0192951231464268,-0.267238564852395,0.928575758307552,0.00532810261961087,0.882441095565935,0.000529694412475935
"FAM160A1_FAM160A2",-0.743882614579455,0.0221447559864357,0.00056572943233816,0.882946591688178,1.81959758939174e-05,0.809393029630385
"FAM160B1_FAM160B2",0.488074499756005,0.0389688813277892,0.0309185961827025,0.81744919747623,0.00782005429767183,0.706304789047445
"FAM161A_FAM161B",-0.901157792323656,-0.476569336064791,0.00303775739595521,0.0014897032206857,0.000315322770632778,9.14730047789462e-05
"FARP1_FARP2",-0.254776739054378,-0.136068657375664,0.0636272336927506,0.127937736495876,0.0202680347070361,0.0476960859743396
"FBLIM1_ZYX",0.429484399728012,0.213128220910453,0.489627853039088,0.772831804985052,0.345030153749767,0.651935601573647
"FBN1_FBN2",0.438740445040241,-0.154329270391843,0.0264356595960079,0.0310185319918245,0.00602918552189654,0.00666626345438333
"FBXO25_FBXO32",-0.130288015752031,-0.115949915479252,0.497422698106568,0.513758284369638,0.353263207396513,0.364249699966054
"FEM1A_FEM1C",-0.186581694911929,0.131249818598142,0.474682749113708,0.222174812721392,0.330811978914715,0.106539968673416
"FER_FES",0.741012542567334,0.339919602364267,0.000116356213561733,0.0526752820668027,1.87122565669453e-06,0.013710689904852
"FGF1_FGF2",0.122414151119802,-0.369394916236304,0.547649567197774,0.0296321218119338,0.401929945516495,0.00617119890770909
"FHOD1_FHOD3",-0.0809626954398665,0.079285351790764,0.829839099840309,0.742794496253279,0.754619766229053,0.614905808718918
"FLNB_FLNC",0.050619895483223,0.136368430526681,0.79931051816934,0.571648581666742,0.710498238372747,0.424557718547814
"FMN1_FMN2",0.695833836073761,0.221589321564987,0.00417272966224069,0.0614000458429655,0.000476972333156384,0.0176839313319652
"FNDC3A_FNDC3B",-0.0772888953215806,0.0801022515279906,0.64544918142994,0.579339020229222,0.50012875169279,0.433657278300237
"FOXF1_FOXF2",-0.427347325240462,0.250491179111502,0.00546707855161759,0.0966896397665463,0.000691916105886282,0.0332193937794421
"FOXK1_FOXK2",-0.463550652362454,0.0997078286254685,0.0171316955460125,0.718439989385985,0.00326406643306948,0.585045429953207
"FOXN2_FOXN3",0.0715532532945502,-0.275118584586584,0.776911596077175,0.00559174090798204,0.676985059947996,0.000564079126682398
"FSCN1_FSCN2",0.605551221974663,-0.14130121124428,0.2666432060074,0.450964359561019,0.146965626702909,0.303939429470219
"FST_FSTL3",-0.474255831765759,0.419870498211057,0.00466214309366549,0.00847319461544351,0.000558911891345863,0.00107773089406957
"FUBP1_FUBP3",0.35275048204908,0.432871967209912,0.459659364788664,0.296189747254588,0.317863858983974,0.164549859585882
"FUCA1_FUCA2",-0.188606731363467,0.157997854232836,0.498001318438646,0.0937196077366466,0.354571114151492,0.0317879371270497
"FUNDC1_FUNDC2",-0.167084913763831,0.0339421954351,0.280377591285773,0.601785002309298,0.157459152699919,0.454857962271794
"GALNT10_GALNTL6",-0.0398537582785043,0.172050537602966,0.850081849161217,0.154112918881769,0.782970124227437,0.062636537206333
"GATAD2A_GATAD2B",0.190847595567838,0.0115463067823376,0.672454984706142,0.958006259275749,0.533363956240431,0.934196162188486
"GDPD1_GDPD3",-0.272294509368239,0.248584616685291,0.315493702123742,0.239115369102838,0.184960489110556,0.118858516805504
"GFOD1_GFOD2",-0.0262043801567454,0.210720358516482,0.91431994117022,0.0598635868533318,0.859514213702415,0.0167039636617204
"GLIS1_GLIS3",-0.0477032099391418,0.132955674047129,0.845126385110574,0.410305550654318,0.77427317847232,0.264539105027126
"GMFB_GMFG",-0.0643469978851663,-0.419192776386112,0.797029164090422,0.0732647983309675,0.703809378816689,0.0227078029914695
"GNA11_GNAQ",-0.328818691347114,0.0565553967948095,0.339237646434736,0.633326067568949,0.204480803167395,0.486510534754195
"GNA12_GNA13",-0.494211134884677,0.269672028195155,0.000699565631163177,0.347632608262897,2.556891926766e-05,0.201260983731151
"GNAL_GNAS",-0.160852683153266,0.175822906427783,0.302256845187093,0.0547774412996012,0.174548909135821,0.0144952001099822
"GNB1_GNB4",1.00029332881672,-0.183598892906263,3.74589614152837e-08,0.127186449378894,1.09529126945274e-10,0.0472300557635075
"GNL3_GNL3L",-0.32977159962245,-0.158878910925483,0.303701639951894,0.499855515623841,0.175827265235307,0.348583451685047
"GNPDA1_GNPDA2",-0.167980009850987,-0.139433551366169,0.324077292755056,0.420833360727827,0.192361667921861,0.272557278950917
"GOLGA7_GOLGA7B",0.347826324522874,0.0164101963191362,0.113500665604365,0.908644407517291,0.0443050843806512,0.854178880166108
"GPATCH2_GPATCH2L",-0.110668151016488,0.195890848801656,0.707403387229461,0.0678143432953299,0.579160667907161,0.0204649004212152
"GPC1_GPC6",0.45835084792446,-0.256008025635214,0.0275677620161287,0.0937196077366466,0.00658107904528965,0.0316699459562053
"GPR137_GPR137C",0.172959093717335,-0.264523213369222,0.5505316209924,0.239115369102838,0.404850007835054,0.118841317658356
"GPSM1_GPSM2",-0.0761360812919558,0.0754858467971079,0.864991570903131,0.70265527508919,0.799231977793536,0.563973312900534
"GREB1_GREB1L",-0.480313326931505,-0.185180370385306,0.103089039139621,0.0175430713225103,0.0379890556119414,0.00305208404587533
"GRPEL1_GRPEL2",-0.0356414772769924,0.666037747612028,0.905232683938405,0.0279533489956348,0.845677902100352,0.0055171083544016
"H2AFY_H2AFY2",-0.298210024218497,-0.338112266547111,0.28794861648621,0.00205468950278461,0.163760251188795,0.000147136033504162
"HEATR5A_HEATR5B",0.453377230966852,0.422875806206807,0.233651707921226,0.230131575151801,0.121266602795373,0.111028391520606
"HERC3_HERC4",0.0852739061927828,-0.0336150151961478,0.672454984706142,0.866480302235085,0.5338348782097,0.785406121908995
"HEXA_HEXB",0.55646415101112,0.0101100589472995,0.00298486173595406,0.95314122109764,0.000296740640416485,0.927526206595116
"HIP1_HIP1R",-0.611871779648622,-0.186340457274765,3.70911526590848e-05,0.0634210220665138,3.25360988237586e-07,0.0183587169139908
"HNRNPF_HNRNPH3",-0.528601771074113,-0.486118951986578,0.000762812296635265,0.0101612778912588,2.89957890533873e-05,0.00133650386540983
"HNRNPR_SYNCRIP",0.377570199697348,0.021970484200806,0.182252733425553,0.912099630911626,0.0879289503368898,0.860944895968489
"HOOK1_HOOK2",0.756019014324424,-0.0739266202082366,0.0155937817466805,0.572470085272844,0.00289533666933981,0.426004785678184
"HOXA2_HOXB2",0.0827308308954785,-0.235850386981297,0.708909973757754,0.193740028133131,0.581430548652193,0.0863305436940995
"HOXA7_HOXB7",-0.0499127146045092,-0.244982850740382,0.815562637872287,0.0168549879115919,0.730906282186714,0.00283772965986071
"HPCAL4_VSNL1",0.492748040759832,-0.18491140116423,0.134437934396804,0.2635820059112,0.0573916328126706,0.137185956292964
"HSF1_HSF4",0.326989137654662,0.931038786786154,0.514150273368095,0.00678821236597873,0.369075707929437,0.000766201533502074
"HSP90AA1_HSP90AB1",0.439314635285921,-0.297129852567823,0.0203874572694112,0.0968661290314903,0.00426229004316638,0.0334661696561874
"HSPA12A_HSPA12B",-0.127846325125418,0.199954834241716,0.761590141671664,0.390147389172848,0.65944341859065,0.238993795414361
"ICA1_ICA1L",0.831332525054666,0.00330800809405219,0.000105041601448687,0.982051393002428,1.38212633485114e-06,0.969129664147133
"ID1_ID2",0.0259182120390251,-0.0643889545645999,0.942868716518187,0.538552144283204,0.91254252972959,0.394017531467023
"IFRD1_IFRD2",-0.401667552139708,-0.402043445582418,0.0261009244165326,0.00597341017986322,0.00580020542589613,0.000611313907295943
"IGF2BP1_IGF2BP3",0.0733064762970938,0.14246676889713,0.645087683603525,0.354878447856068,0.498153952577839,0.210125396756883
"IL16_PDZD2",-0.248011936048523,-0.0152061550382745,0.129999681388239,0.940800648921367,0.0549267659666681,0.902735176594819
"IMPDH1_IMPDH2",-0.563182274344856,-0.0995182524164053,0.0203034309066826,0.742794496253279,0.00418535637111439,0.61294616220149
"INPP4A_INPP4B",0.479667175842658,-0.0613023311627382,0.0292910684690579,0.742794496253279,0.00723712071823214,0.612603559587623
"ISL1_ISL2",0.571256256214337,0.262901761103945,0.00635255734973345,0.0734109949740361,0.000916886468548906,0.0228604414173533
"ITCH_WWP2",0.0610505027471329,0.298573215084229,0.761590141671664,0.0156434607945685,0.659844084996936,0.00246507265481536
"ITGA4_ITGA9",-0.205726948719333,-0.157248224796047,0.453747341319324,0.246287489488742,0.312448827136552,0.126024300176988
"JAG1_JAG2",0.1715865588519,-0.0565702138200872,0.156865010684784,0.534759143392369,0.0694884477156281,0.390123994960223
"KCND2_KCND3",0.0466575433257247,-0.142120557002303,0.78335818708758,0.0732647983309675,0.68715630446279,0.0226401889841448
"KCTD2_KCTD5",-0.265091230324218,-0.205830636369135,0.057969822050562,0.0156434607945685,0.0179672547876011,0.00243544363166408
"KDM2A_KDM2B",-0.227849616384644,0.000842316323132066,0.261880801771776,0.994840363324837,0.141277800955827,0.994840363324837
"KIAA1217_SRCIN1",0.163718493645854,0.0875772588255104,0.287284131624102,0.612389236376006,0.162962343669812,0.46645437449108
"KIF1B_KIF1C",-0.50384224050329,-0.43903681842171,0.0317135695657992,0.00015549493602924,0.00811385186259482,4.09197200076949e-06
"KIF5B_KIF5C",0.323022378205965,0.0559814601395774,0.0510209684615262,0.658640107423922,0.0154405562449356,0.512275639107495
"KIF16B_STARD9",-0.558156941738966,0.416505083735526,0.177857414469726,0.000237390266583546,0.084387479359368,8.32948303801917e-06
"KIFC2_KIFC3",0.202801938951901,0.20163665914424,0.409881664857057,0.124155783334183,0.267300987759773,0.045923118689398
"KLF10_KLF11",0.391233706979943,0.110863174828878,0.137127392312657,0.432205043055589,0.0591411999009268,0.285609180498723
"KLF13_KLF9",-0.478678548724109,-0.385990928881627,0.0153609048136125,0.00225654608486032,0.00276226797086891,0.000178148375120552
"KLHL2_KLHL3",-0.282535842726045,0.0887446582889726,0.407181369377148,0.589930769318381,0.263715419055668,0.443497050459571
"KLHL11_KLHL23",-0.0651359115719857,0.0860639103025508,0.649715435336218,0.568056687521891,0.507233980218626,0.421059562242103
"KLHL26_KLHL9",0.069949675838473,-0.224958970710796,0.791058551469854,0.0579690084423902,0.69622404676148,0.0157635022957377
"KSR1_KSR2",-0.170184332166181,0.00220054148861001,0.197286319576249,0.988706123755284,0.0975389811165979,0.987260646966169
"LARP1_LARP1B",0.479876737855905,0.471560964816188,0.00546707855161759,0.00225654608486032,0.00068967663124921,0.000175813125917665
"LBX1_LBX2",-0.233675308769126,0.166596976605661,0.339237646434736,0.201511057951941,0.20432521798581,0.091033504250219
"LCOR_LCORL",0.599767823864113,-0.23356658561923,0.00893681181165587,0.090676961023862,0.00138494452051977,0.0302256536746207
"LDB1_LDB2",0.677726244668067,0.257262198182709,0.148739600094962,0.52973767983234,0.0652366667083166,0.383362794615509
"LDHA_LDHB",-0.624489771973365,-0.676839171021292,0.109956379612407,0.0110281386496445,0.0422797697819265,0.00149824381184637
"LDHA_LDHC",0.0238815987267046,-0.0502906485260437,0.926104011421744,0.732226559426126,0.874653788564981,0.600554239529323
"LDHB_LDHC",-0.441227013523207,0.105740173702901,0.179033489112422,0.529272994737781,0.0855905715493597,0.382252718421731
"LETM1_LETM2",-0.334913621254794,0.157867432034039,0.30533878602948,0.437135162180518,0.177221488382607,0.290145268464847
"LHX2_LHX9",0.46818814489159,0.0162853891196742,0.34975934066575,0.963052427775662,0.215787195556939,0.940524885605471
"LHX6_LHX8",0.775171918255812,0.260776235083829,0.197286319576249,0.015688656149638,0.0977778689127899,0.00252444391454554
"LIMCH1_LMO7",-0.580014505716386,-0.168714831886093,0.0264666959671343,0.276512014831182,0.00619103999231212,0.147149668711331
"LIMK1_LIMK2",-0.358189514834361,0.0937142721013123,0.211270125403198,0.336540294451223,0.106870560510974,0.192379027968462
"LLGL1_LLGL2",-0.2602801819632,0.256140264723815,0.159096507664056,0.169385441751889,0.0707135199746012,0.0708249069313453
"LMBR1_LMBR1L",-0.333886682288677,0.42047198107815,0.206424100647914,0.00747440164080268,0.103513839944787,0.000885126510095054
"LMCD1_TES",-0.257895895792243,0.136023121229729,0.243135379619712,0.291385841249603,0.127965989273533,0.159751009457019
"LPP_TRIP6",0.161968189023461,-0.323150484997168,0.640964457891771,0.00108461408070456,0.493191448503635,5.97146729075172e-05
"PLPPR3_PLPPR4",-0.484457977895997,-0.174329441561989,0.00685134433288734,0.0524964229694985,0.0010116751134819,0.0134311023679273
"LRBA_NBEA",0.248111636222124,0.211570706050763,0.469028177564825,0.207213232198682,0.325714012197795,0.0942153731195762
"LRP1_LRP1B",-0.385106949831609,-0.136404016446953,0.0264548668407941,0.22164905326523,0.00611741321689208,0.104759665607098
"LRRC1_SCRIB",0.298798486868866,-0.21967762557535,0.584211945778264,0.0843654031939508,0.439867181397377,0.0271350712027327
"LSM14A_LSM14B",-0.528268246158472,-0.188367528223877,0.0174399406635271,0.217527432948058,0.00342127296316612,0.101449197529869
"LYPLA1_LYPLA2",-0.0459039212038463,0.251349737989993,0.851067760675868,0.120108611351302,0.785122451734609,0.0437237488691144
"LYSMD3_LYSMD4",0.0124339667232731,0.0497703698971315,0.934610149094694,0.425082024376699,0.894416853948673,0.278253759132271
"MAB21L1_MAB21L2",-0.0465567008973594,-0.0975402112638335,0.813696489829372,0.416727161171091,0.726854612990857,0.26928860414857
"MACROD1_MACROD2",0.332986165074211,-0.141883145451361,0.137127392312657,0.368088562163495,0.0591298926335818,0.219023457310734
"MAGT1_TUSC3",-0.562599625802317,-0.403817512300601,0.0708181467141094,0.00261466996616781,0.0232190146678571,0.000214066546937716
"MAN1A1_MAN1C1",0.231528072643665,0.053764887036391,0.187136851441018,0.681100824632015,0.0914886607868447,0.540698461659626
"MAN2A1_MAN2A2",0.990297159010259,-0.391655889497267,0.0659076504505723,0.265724418471375,0.0212947233180943,0.13946647109828
"MAP2K1_MAP2K2",0.10507956836341,-0.173882215713422,0.734838536247502,0.406179857111213,0.616662748254483,0.261285288200195
"MAP2K3_MAP2K6",-0.0568003025187037,-0.113741628801732,0.845326053237887,0.239115369102838,0.776118072271043,0.118398598561885
"MAP3K2_MAP3K3",-0.00390488066172752,-0.0353004052833253,0.989156929744313,0.823765951325709,0.986264658019915,0.725010384061516
"MAPKBP1_WDR62",0.573359298634035,0.0125499507339238,0.0671614566197759,0.946632548836544,0.021896205886272,0.912445979618383
"MARCH2_MARCH3",0.48375427017806,0.0198513217129259,0.134362540228724,0.952052606047142,0.0569665740735818,0.924214810548688
"MAT1A_MAT2A",0.285932026811288,0.307296981099696,0.319152207034377,0.373145180402898,0.187571911151783,0.223123360796469
"MBD2_MBD3",0.804659271409782,0.0628012960495221,0.00160796452490573,0.663355859275386,8.93313624947626e-05,0.517883083118503
"MBNL1_MBNL2",0.226133551056528,-0.0338472886491866,0.455087845895683,0.754088887384239,0.314037226992343,0.629509875287135
"MBNL1_MBNL3",0.232414498939117,0.00951307776154277,0.240772280781811,0.932300339372124,0.125732077914793,0.885112903360237
"MBNL2_MBNL3",-0.181162576556053,-0.170959389452878,0.339237646434736,0.0138020596972833,0.206446754719395,0.00203802343483277
"MCTP1_MCTP2",-0.722577393685236,-0.145428832350694,0.00635255734973345,0.401516579411153,0.000919449090092999,0.252753979354805
"MECOM_PRDM16",-0.667758541284547,-0.0952613171383413,0.00968435246960467,0.488791017851687,0.0015432666947177,0.335865173085224
"MED13_MED13L",-0.366193686319714,-0.400501640518724,0.280377591285773,0.00725290357339648,0.158126152713004,0.000848292815601927
"MEIS1_MEIS2",-0.324024709987517,-0.22485813959115,0.096325481520801,0.0968661290314903,0.0347842016602892,0.0337317782800813
"MET_MST1R",-0.0466062746667605,0.0680212958982019,0.798811580256322,0.398833046264659,0.707841214781034,0.249903009048295
"METRN_METRNL",-1.58049821083853,-0.0850500644886086,0.00080860586935034,0.855649651319561,3.19186527375134e-05,0.768083166535395
"MGRN1_RNF157",0.144802990288445,0.699486448317207,0.676835840881402,0.0455138485303486,0.54423934573797,0.0108484595227308
"MICALL1_MICALL2",-0.261704883143281,0.18141773013272,0.409881664857057,0.336634324599748,0.267625330471186,0.192924934565937
"MIER1_MIER3",0.0492581645226559,-0.193931758430361,0.820816608094566,0.0203782064706522,0.740414981278285,0.00381346553836765
"MKNK1_MKNK2",-0.211456370956891,-0.382497499419107,0.276416442255828,0.0132138581320179,0.15442543242458,0.00185611667706426
"KMT2A_KMT2B",-0.478454801334053,-0.358314456296916,0.0103220746032782,0.00130864154253604,0.00165998275783714,7.65287451775464e-05
"MLLT1_MLLT3",0.830761860534795,0.474213110378771,4.23386118157694e-06,0.00153627644195798,1.85695665858638e-08,9.6578782169873e-05
"MLLT10_MLLT6",-0.34045243114089,0.0828255681310906,0.162586487703466,0.538968179176279,0.07423213668135,0.3971344478141
"MLXIP_MLXIPL",-0.212135645115917,0.0359025842203705,0.147772097160329,0.791077944332257,0.064596282238214,0.677736367512723
"MME_MMEL1",0.0366248485644558,0.520474673268432,0.82587848676818,0.000203258326480675,0.748603306719695,6.6315435170619e-06
"MOB1A_MOB1B",0.816338433910731,-0.391840235278763,0.00273218887112302,0.00208874032561981,0.000218850068319367,0.000158793124169927
"MPRIP_TRIOBP",-0.013320982736738,-0.112351335205091,0.948006159448102,0.354878447856068,0.921672655018988,0.209815697616472
"MSI1_MSI2",-0.169595519048541,-0.0829978865084058,0.260357442507735,0.240757159484143,0.139314070113788,0.120730563893364
"MSX1_MSX2",0.292312059299563,-0.271482622718847,0.248660925859093,0.0965938123935454,0.131379398986632,0.0330452516083182
"MTMR3_MTMR4",0.32099150417357,-0.112182754338602,0.162887038795412,0.425477056066819,0.0750137678663083,0.279297073353804
"MTMR10_MTMR12",-0.04753479264375,0.185820186797807,0.786695701286741,0.193904228114826,0.691234088411304,0.0870301140807772
"MTSS1_MTSS1L",-1.52565763518869,NA,NA,NA,NA,NA
"MTX1_MTX3",0.461038653714709,0.0321105965776396,0.129403739984706,0.884071417505112,0.0544857852567182,0.814276305596813
"MYB_MYBL1",-0.187726853432209,0.277046912031239,0.443135759752632,0.022472673182656,0.303198151409696,0.0042904455850372
"MYC_MYCN",0.519561307713755,-0.194868936648218,0.0203677243927188,0.212043775572997,0.00422838722772816,0.0979617442705657
"NAA15_NAA16",1.13724950876867,-0.180281508318127,0.0115061983159896,0.441904731811098,0.00188405586460649,0.294555106601148
"NAB1_NAB2",-0.161890370960851,0.118553730396603,0.339237646434736,0.354878447856068,0.203435504538361,0.208635629367562
"NAV1_NAV3",-0.272925187359215,-0.218501711075389,0.407181369377148,0.644276121944518,0.263707283239771,0.497386619287077
"NBEAL1_NBEAL2",0.0110414158735699,-0.0692644717720487,0.934610149094694,0.498342833271957,0.897597114642031,0.346799983388087
"NCOA1_NCOA3",0.851826528074578,-0.194881256222139,0.00294875006754276,0.172875465816409,0.000281300117916178,0.0727896698174355
"NCOR1_NCOR2",-0.0198178523615542,0.265817287646661,0.946866402762051,0.121795073485537,0.919180250634506,0.044515743233018
"NDE1_NDEL1",0.0188121794823285,-0.0802180185299954,0.944361430228431,0.705656988748563,0.915367877545979,0.567414245338757
"NDFIP1_NDFIP2",0.598597472621552,-0.110827948232581,0.0209483714639255,0.258406838625827,0.00444080974015965,0.134114660397907
"NEDD4_NEDD4L",0.444613877459963,0.0284622089837062,0.0502600989517155,0.841631881990658,0.0148627039188857,0.744425860532673
"NEK6_NEK7",0.364966705143101,0.0822476724653581,0.261880801771776,0.752442902013567,0.141241162746221,0.627035751677973
"NFKBID_NFKBIZ",-0.123018257311332,0.281364912336525,0.660518713671715,0.0881491419090171,0.517599459836315,0.0289975376203607
"NID1_NID2",0.506746379688268,0.52430914645613,0.104510555389054,0.0283505580147225,0.0393846461376911,0.00580274579248706
"NIPAL1_NIPAL4",0.138097948760824,-0.00390649945562497,0.560397892907341,0.982051393002428,0.417021239020229,0.967963574508661
"NKTR_PPIG",-0.594165737582227,-0.15670762480068,0.00213702224133075,0.118667249334655,0.000161805652862325,0.0430255523903429
"NKX2-1_NKX2-4",0.747537676856498,0.473772672147015,0.000448918811811014,0.000639571477652885,1.11573388900398e-05,2.80513805988107e-05
"NLGN1_NLGN4X",-0.517439460191915,0.0345649966510283,0.0405610526665439,0.856474326555183,0.0109704601510389,0.773224208593337
"NLN_THOP1",-0.0445039718893943,-0.0725802583998589,0.819090846048121,0.506047849478173,0.737660761938074,0.35512129787942
"NOTCH1_NOTCH2",0.0101437619329489,0.162415980661315,0.975919270983948,0.422640235541436,0.965931793064522,0.275581206215615
"NOVA1_NOVA2",0.181906513114649,-0.157919569292726,0.372208260843104,0.138547851881454,0.23235808096492,0.053272054159097
"NPR1_NPR2",0.711578577142148,0.198767589203491,0.0189863456769922,0.106774286415387,0.0038028206984619,0.0382451756897221
"NR2C1_NR2C2",0.0221798624065728,0.121655671111811,0.930510196030563,0.304344740727085,0.886977555280595,0.170860205320469
"NRBP1_NRBP2",-0.146117071997875,-0.319416156207804,0.672454984706142,0.239115369102838,0.532788314835508,0.11798375923276
"NT5C2_NT5DC4",0.141753801705548,0.245668016117879,0.474682749113708,0.0287055840526118,0.331028759250349,0.00591737916874015
"NUCB1_NUCB2",-0.543011030222188,-0.399772711707772,0.0115808482219375,3.95586032354958e-05,0.00191321030567096,5.09729913928262e-07
"NUMB_NUMBL",0.299956044272867,0.0141818039325863,0.187136851441018,0.932300339372124,0.0915846437405895,0.886152844650925
"OGDH_OGDHL",-0.0630520202748689,0.00468486776574215,0.736939244406137,0.981534748296457,0.621375042800075,0.965749832753678
"ORMDL1_ORMDL3",0.0147743588074566,0.170161768178216,0.953447635210036,0.29514180106254,0.929750837258909,0.162884053155415
"OSBP_OSBP2",0.0971165306920377,0.31737119565122,0.676349936452958,0.159851900670877,0.541871001719621,0.0656701521761934
"OSBPL5_OSBPL8",-0.335129583203822,-0.399458612037431,0.185396495950428,0.0101612778912588,0.0897167253795199,0.00133701024884984
"OSR1_OSR2",-0.0433724936204463,-0.112247628942538,0.79157165278197,0.280991547020844,0.69783290442621,0.151176738748056
"OTUB1_OTUB2",0.148251400203733,-0.424617644742045,0.480848338735132,7.25046501732254e-05,0.336734436044047,1.27201140654781e-06
"OTX1_OTX2",0.267918507863703,0.0945197079597209,0.250873880998428,0.498342833271957,0.133139208775482,0.346760801935985
"P4HA1_P4HA2",0.507035079929847,0.173977202010994,0.0405610526665439,0.183358309485771,0.0109494672999871,0.0796161080661901
"PACS1_PACS2",0.644847776675168,0.0327888729818155,0.00327190850537059,0.848832171875694,0.000353978405551789,0.755353583096309
"PAFAH1B2_PAFAH1B3",-0.618331360065099,-0.181915274913245,0.00546707855161759,0.244409016413637,0.000703537880811684,0.124705770070701
"PAK2_PAK3",0.0247830419094727,-0.140233323116589,0.901997608986633,0.140140579609755,0.841336951072327,0.0548496400587089
"PAK4_PAK6",0.173630375949823,0.168544651830595,0.627816930183394,0.497630342559962,0.480959168736986,0.344121567296582
"PAPD5_PAPD7",0.52901166485926,0.0915751335198821,0.0152287952065754,0.349319692871935,0.00271624709824883,0.204280522147331
"PAPSS1_PAPSS2",0.0137595102809765,-0.651176086400494,0.968711246738937,0.00205468950278461,0.957381290636727,0.000147192669059131
"PARP6_PARP8",-0.190543281854014,-0.249760751844724,0.302141602348967,0.0881491419090171,0.174040630592826,0.029125301274032
"PARVA_PARVB",0.441183337758439,-0.164620975426855,0.0789238301737607,0.398833046264659,0.0265387148245102,0.24989328386267
"PDE8A_PDE8B",-0.164723579319677,-0.301856563337213,0.552661163455715,0.0135584448975087,0.409647967649192,0.00198222878618549
"PDP1_PDP2",-0.0095379730427525,-0.54715319280884,0.965288478563118,0.00108461408070456,0.946687794417322,5.85491391798998e-05
"PDS5A_PDS5B",-1.003792140445,-0.483659065660478,0.0196400283536157,0.0478897715757268,0.00401988884430731,0.0116829114010842
"PEX5_PEX5L",0.386688400690244,-0.0935054820276135,0.00864119208583886,0.525770988563937,0.00131386546334392,0.37588013656106
"PGM2_PGM2L1",-0.0993890767927067,0.424034288911249,0.776911596077175,0.0482402644978063,0.679229728734139,0.0118484860170051
"PGRMC1_PGRMC2",0.502824730161281,0.76032504455136,0.407181369377148,0.0194639066071021,0.262816400190095,0.00355700047644409
"PHACTR2_PHACTR4",-0.26598119884622,0.281295203234155,0.187136851441018,0.0203522056117486,0.0916532825040072,0.00377884519399426
"PHF20_PHF20L1",0.189932722837993,0.106745254676553,0.265472271999482,0.298931206095076,0.145155891414922,0.167383994056161
"PHKA1_PHKA2",0.708878816021319,0.038455612332876,0.00128327939393965,0.783143689162645,6.00364628743696e-05,0.667504050850617
"PHLDB1_PHLDB3",0.315956015709959,-0.180151405676877,0.0342995360016704,0.211550381997453,0.008825611602769,0.0974245180251427
"PI4K2A_PI4K2B",1.06613822294793,0.418544829202552,0.000966967998340205,0.0802309105298386,4.29870956784059e-05,0.0254533736622441
"PIEZO1_PIEZO2",0.0922672816492173,0.019016989951189,0.697792462434885,0.896077078007624,0.567703874129263,0.837513441846063
"PIK3CB_PIK3CD",0.132407296257414,-0.246241439386236,0.669653153710257,0.149320542816705,0.528673542402834,0.0604704537430224
"PIP4K2A_PIP4K2B",0.289640785665534,-0.376878324677279,0.335358941896172,0.000656335219722945,0.200038667095962,3.07057412735881e-05
"PITPNA_PITPNB",-0.596757416797706,-1.06685834983211,0.0659076504505723,0.000594409101654166,0.0212337451702711,2.43325363250243e-05
"PKN2_PKN3",0.404336613989997,-0.0860743588483144,0.169275891076408,0.511554455120935,0.0787650946012513,0.359733469171301
"PLCB1_PLCB3",0.0132114713440831,-0.170010736243193,0.952950470467289,0.233849993692307,0.927872826507624,0.114166360803956
"PLCD3_PLCD4",-0.590939475062648,0.471324799736238,0.179290074762793,0.00665155613304363,0.0862374774809339,0.000700163803478277
"PLCG1_PLCG2",-0.131259621864552,-0.165845618856304,0.564266039079383,0.239115369102838,0.422374578960006,0.11854223829066
"PLCL1_PLCL2",0.396701974262231,0.142685632368369,0.0842395512816178,0.492269646280871,0.0295577372917957,0.339694843632414
"PLEKHB1_PLEKHB2",0.263236898048681,0.023571788137691,0.259930164149475,0.882946591688178,0.138423333002169,0.809978698780772
"PLEKHH1_PLEKHH2",0.231293855293291,-0.085354750571551,0.407181369377148,0.633326067568949,0.26347290160412,0.487957364925199
"PLK2_PLK3",0.863454940991003,-0.0709248123617776,5.84862638400099e-06,0.669669048614071,3.420249347369e-08,0.524769897744359
"PLOD1_PLOD2",-0.307767947052399,-0.425562698290181,0.116620549511371,5.86616923744646e-06,0.046545921076907,3.43050832599208e-08
"PMM1_PMM2",-0.229453246235206,0.232635456546075,0.264727819106884,0.430598726982532,0.144168570807494,0.283918166475324
"POC1A_POC1B",1.03043173875012,0.0293961287625997,0.00148052844488759,0.933043174229962,7.79225497309259e-05,0.892120227991806
"POGZ_ZNF280D",0.489640684124033,0.0231079167573506,0.00858299994573074,0.820336440040073,0.00129246929007349,0.714576203059399
"PPA1_PPA2",0.00339267434359001,-0.074498266729445,0.985994554938505,0.810102703702254,0.977930698139256,0.697856743063332
"PPARGC1A_PPRC1",-0.0264885714918968,0.306914940343274,0.967472707701067,0.367023855043011,0.950499502302802,0.217853340858863
"PPFIA1_PPFIA3",0.194931620655105,-0.19985970719297,0.424080889128232,0.0884808600519634,0.282720592752155,0.029364262034789
"PPIB_PPIC",-0.076995202909703,-0.336213693740598,0.761590141671664,0.0190125753556831,0.66138091250434,0.00344672418728758
"PPM1E_PPM1F",0.200329997546246,0.30861165207164,0.409881664857057,0.0659432803946613,0.269059747837454,0.019378069238782
"PPP1CA_PPP1CC",-0.185812144395558,-0.244108843093157,0.434520799852748,0.176678914751981,0.293492119198786,0.0749763801275492
"PPP1R3B_PPP1R3C",0.0805749031099442,-0.0136784578376306,0.736939244406137,0.933043174229962,0.621657812898159,0.891394455612226
"PPP1R3D_PPP1R3E",-0.524602501765328,-0.49200149847143,0.0405610526665439,0.0455138485303486,0.0109055494243165,0.0109126771330076
"PPP1R14A_PPP1R14B",-0.902443718635069,-0.0579814363384567,0.00546707855161759,0.773004374121709,0.000711359636102288,0.653211298599924
"PPP1R16A_PPP1R16B",0.286834510054393,0.176784420581462,0.320265574965233,0.209669591384717,0.189630932545204,0.0962518299631594
"PPP2CA_PPP2CB",-0.0303152289066464,0.06782780704699,0.934610149094694,0.820336440040073,0.899084032316241,0.717212081069532
"PPP2R5C_PPP2R5D",-0.293449192022422,-0.355418164433708,0.29806992250675,0.00513867889848595,0.170387923538215,0.000495837437573205
"PPP3CA_PPP3CB",0.14552995192011,-0.0382703482774088,0.645087683603525,0.820336440040073,0.498905533079334,0.718106131497201
"PPP6R2_PPP6R3",0.796102910213142,0.0345953266253581,0.000532556633593564,0.848832171875694,1.47080819389492e-05,0.756999451526569
"PREX1_PREX2",0.69827873146445,0.275140542670759,0.0030073522476051,0.0168549879115919,0.000303373253047883,0.00285844824231676
"PRKAR1A_PRKAR1B",-0.0179298511089167,0.0766301972392526,0.958922673594818,0.532379315673731,0.937893667594931,0.386831169429597
"PRKAR2A_PRKAR2B",1.44997134756643,0.704396270971842,0.151853640594444,0.0311502203908051,0.0670238456555011,0.00681015911750166
"PRKCA_PRKCB",-0.479863151546852,-0.149685922910283,0.0155849800674396,0.354878447856068,0.00282534726368788,0.208744629647078
"PRKCD_PRKCQ",0.0848153547429383,-0.154564349775809,0.679480765957958,0.114230926514208,0.547359505910578,0.0410830525182676
"PRKCE_PRKCH",0.593548005023897,0.0970976895627255,0.00635255734973345,0.464666120736355,0.000902411243508821,0.315212105294837
"PRKCI_PRKCZ",-0.0899124126960749,0.0425111980180672,0.782121290850003,0.742794496253279,0.684927855583556,0.615737542946797
"PRPF40A_PRPF40B",0.586261954874995,0.226311395681523,0.0834538524655433,0.374756988950576,0.0287302400301332,0.224635037236456
"PRPSAP1_PRPSAP2",0.118557023179528,-0.199633447901694,0.691042085245236,0.22164905326523,0.559703677230791,0.105284460383753
"PRRX1_PRRX2",-0.541099977190879,0.471955057617905,0.41969242423333,0.16686149284479,0.278567778657795,0.0695256220186625
"PSEN1_PSEN2",-0.541326931651231,-0.130285799868191,0.0155937817466805,0.474162669538377,0.00285949632981497,0.325120309961255
"PSMA7_PSMA8",0.338625606556506,-0.113611034341983,0.0953711779395191,0.532146231332858,0.0341761250410929,0.38588381687295
"PTBP1_PTBP2",0.170578690540713,-0.652462958429985,0.26225170066277,0.000500710862349893,0.141861300066118,1.90328690366918e-05
"PTBP1_PTBP3",-0.178097103672978,-0.122025396618492,0.050825430265242,0.257156945661616,0.0153070740272513,0.133089998193293
"PTBP2_PTBP3",-0.275049356684246,-0.100042484874063,0.0264548668407941,0.282004351676745,0.00608198709551203,0.152958500690164
"PTCH1_PTCH2",-0.518303425304734,0.214022602297383,0.0617371828267736,0.22164905326523,0.0194056934323923,0.105677481745828
"PTGS1_PTGS2",0.423691191599921,-0.23618964589419,0.0457742371252915,0.0743016859643397,0.0131165942639724,0.0232464339128197
"PTK2_PTK2B",0.823916442171859,0.481095522607867,0.0236093696384535,0.0296321218119338,0.00510846009720923,0.00619501961857679
"PTPN1_PTPN2",-0.401591805888518,0.0497421563463536,0.0247677320243369,0.760013234796846,0.00539531004623712,0.638900014631852
"PTPRG_PTPRZ1",-0.0726490978872767,0.0238868810453384,0.712487048673821,0.849534718980819,0.588530968568288,0.758868001896609
"PUM1_PUM2",0.248848744998211,-0.255376599836079,0.310238962432104,0.187232678936754,0.180972728085394,0.0818458640381426
"PWWP2A_PWWP2B",0.890977891271311,-0.136655361177416,0.000532556633593564,0.274488235772892,1.47932398220434e-05,0.145671388282982
"PXN_TGFB1I1",-0.135904989679003,0.204808031846576,0.748917967250621,0.133420236975263,0.64023358892576,0.0505202359306915
"QPCT_QPCTL",0.0935131236364513,-0.117438471910574,0.736274381512473,0.228020887862459,0.618944107265602,0.109676713606358
"QSOX1_QSOX2",0.585790704793621,0.0355072949800325,0.129403739984706,0.914871677602295,0.054447686658621,0.865383004983457
"R3HCC1_R3HCC1L",-0.117154636588413,0.268410005335707,0.497422698106568,0.0881491419090171,0.353431917075719,0.029015101156559
"RAB1A_RAB1B",-0.941402366856129,-1.21022090689355,0.00186707836381997,8.0220009331687e-08,0.000130106453071223,1.17280715397203e-10
"RAB4A_RAB4B",-0.0847001092957658,0.142724430612629,0.841136522536564,0.401516579411153,0.768582348808994,0.253002406032466
"RAB9A_RAB9B",0.87950547434691,0.522962284124363,0.0454822188296408,0.00359466899899448,0.0128610591305611,0.000319666400556335
"RAB11A_RAB11B",0.635053978757091,-0.549161361939295,0.00347704130136766,0.016703363853439,0.000381254528658734,0.00275947385298042
"RAB22A_RAB31",0.271686704477164,-0.0602992783900903,0.118421161518891,0.527806198977741,0.0476813531535822,0.378878426459168
"RAB26_RAB37",-0.746370740336317,-0.231361929670156,0.000110167601805487,0.0283505580147225,1.6106374532966e-06,0.00576981177621719
"RAB33A_RAB33B",0.320272028573093,-0.0410683140969709,0.189776030894343,0.687846929492219,0.0932233134217827,0.548691024294667
"RAB34_RAB36",0.965411314751533,0.119568715449784,0.00546707855161759,0.369646348304469,0.000681916074044717,0.220490804251788
"RAB39A_RAB39B",0.254936436839116,-0.214379391700796,0.402877052498996,0.0828452610931583,0.256804670891173,0.0264323187738546
"RABEP1_RABEP2",0.416192001763533,0.654771807335245,0.0527348113698929,0.00203475176068879,0.0160363169078037,0.000139814813965458
"RABGAP1_RABGAP1L",0.869190162093386,0.6638462998619,0.00273218887112302,0.000656335219722945,0.000226108467515856,3.04822120389872e-05
"RAC1_RAC2",0.66048258516977,0.634306593526558,0.0893120310476544,0.015688656149638,0.0317292741879825,0.00251264152522619
"RAD9A_RAD9B",0.47508262775231,0.414886793420914,0.0571335459692111,0.0282492649012995,0.0175969940622557,0.00567549650458577
"RAD23A_RAD23B",-0.232277314659963,0.141186743757535,0.266961492250533,0.137082665223826,0.147531350980558,0.0523078590985651
"RALGAPA1_RALGAPA2",0.322029918528234,0.00378918421862624,0.0454822188296408,0.965142472590376,0.0128999275627929,0.944035192727401
"RALGPS1_RALGPS2",0.109029996392749,-0.00788403865353937,0.674414015102865,0.976371511176876,0.536376058795261,0.957814742689596
"RANBP10_RANBP9",0.239207763651109,0.00230130889516241,0.612764434736485,0.988408194711383,0.464948452672859,0.985518112270706
"RARA_RARG",0.479791894362474,-0.1030656756706,0.162586487703466,0.681100824632015,0.0743999570923753,0.538246685689994
"RASA2_RASA3",0.406132999135541,0.0600070659049721,0.0997393005615442,0.687846929492219,0.0361627873381037,0.550076418760591
"RASSF7_RASSF8",-0.0713940767035034,-0.432455511578284,0.714993483252586,0.00675515433618172,0.595119132756202,0.000720944834124657
"RBBP4_RBBP7",0.308322042803018,0.833447304184094,0.3770001487093,0.0598635868533318,0.236437564549351,0.0170663734450288
"RBL1_RBL2",-0.71111523709849,-0.131290109462535,0.00294875006754276,0.0370990684720736,0.000284528515289213,0.00835271424663645
"RBM12_RBM12B",0.253005301983077,-0.0125785049223685,0.409881664857057,0.965142472590376,0.268484012362275,0.94538809449642
"RBM15_RBM15B",-0.165748455963383,-0.280952022759611,0.713324021343366,0.29682634058534,0.591308070324106,0.165337479185694
"RBM23_RBM39",0.508416716247973,0.248436967109688,0.0726470220700609,0.398833046264659,0.0240032558301663,0.24882111397304
"RBM26_RBM27",-0.853780491672885,0.0243938192403517,0.00460422878549119,0.896077078007624,0.000538506290700724,0.839744747080244
"RBMS1_RBMS3",0.360703421922552,0.0615961513218018,0.0636272336927506,0.707918178341659,0.0202788551827773,0.574407293829855
"RC3H1_RC3H2",-0.0457661552722982,-0.406407412209019,0.840487858801559,0.00781330345193981,0.766760853643528,0.000948105535834802
"REEP5_REEP6",-0.64275974488596,-0.139688063391966,0.00012741690243336,0.219978264245516,2.23538425321684e-06,0.10291380783416
"RFX5_RFX7",-0.707538762164228,-0.125284877114379,0.000448918811811014,0.248378903300104,1.04087874168755e-05,0.127457595114527
"RGMA_RGMB",0.588568366876473,-0.192526515181726,0.027750094361001,0.165885523629861,0.0066941017098906,0.0688764454837435
"RHBDF1_RHBDF2",0.828625252935121,0.161424553589125,0.00185380201670824,0.505703309736732,0.000114898452934331,0.353400850956371
"RHOBTB1_RHOBTB2",0.166376155003827,-0.058553972096959,0.378413507174785,0.707918178341659,0.237891532288242,0.570980764474965
"RHOT1_RHOT2",-0.151652947463513,-0.597893932410604,0.504031170544599,0.00758820270048382,0.360338073678815,0.000909696814970283
"RHOU_RHOV",-0.447328404994326,-0.22896466458036,0.084677735448252,0.0317974313187501,0.0299590818398786,0.0070196083759229
"RHPN1_RHPN2",0.586842859363694,0.290891872791958,0.339237646434736,0.28504791626569,0.204963273146285,0.155442796443132
"RIC8A_RIC8B",-0.44209406859216,-0.15055470549968,0.0750387837005103,0.136764698386603,0.0250129279001701,0.0519865812580655
"RNF13_RNF167",-0.0844905245190557,-0.19798468421215,0.697792462434885,0.10481609978473,0.567468743324752,0.0373440557237465
"RNF43_ZNRF3",-0.445489380034187,-0.271629128277902,0.0287604824235909,0.0571480582299002,0.00706397813912759,0.0153731618630141
"RNF115_RNF126",0.75177723720179,0.181560133314276,0.00302943960875238,0.29514180106254,0.000310030369316764,0.163536173395764
"RNFT1_RNFT2",-0.111853240455504,-0.238606909619123,0.431062847106403,0.154951509559966,0.288487184064371,0.0632039052152492
"ROCK1_ROCK2",-1.67054002323689,-0.527712615116987,1.81790614072726e-08,0.000164411142282969,2.65775751568313e-11,4.80734334160728e-06
"ROR1_ROR2",0.113143987811072,-0.196171512555812,0.668119761938583,0.0965938123935454,0.524532620118449,0.0329516773506611
"ZNF608_ZNF609",-0.0196484724379298,0.0381696943337776,0.913568473497652,0.851974736312166,0.857472163721481,0.763538762221283
"RPS6KA4_RPS6KA5",0.314667057970964,-0.186595757141183,0.0455950369116555,0.124155783334183,0.0129985850844632,0.0457746456163938
"RPS6KC1_SNX15",0.507609080746437,0.0592719608542986,0.128923332906685,0.786297908608883,0.0537180553777853,0.671342074016941
"RPS27_RPS27L",-0.640618218077389,0.13428294004762,0.0831890801704726,0.618653969042621,0.0284594221635827,0.472130660585158
"RRAS_RRAS2",0.964897025382669,-0.235435771869434,0.0470184984093566,0.157844424250328,0.0136793584553537,0.0646146765937014
"RYBP_YAF2",-0.0167656081935902,-0.355303943462794,0.94065812115018,0.00678821236597873,0.907652573039647,0.000780047006402124
"SAMD1_SAMD13",-0.706979228865097,-0.268634087753838,0.000146758132173093,0.069471324520903,2.78926274597984e-06,0.0212273491591648
"SAMD4A_SAMD4B",-0.259882361159569,-0.312254005087422,0.452900575070631,0.0132138581320179,0.311203611525141,0.0018576864024428
"SAMD10_SAMD12",-0.127432089732689,0.536354348556224,0.748917967250621,0.056347869316776,0.636344570848265,0.0149931465141129
"SAP30_SAP30L",0.408191127925056,0.16452014292451,0.0134418799350695,0.242498317353243,0.00229926893626188,0.121958218084087
"SAR1A_SAR1B",-0.726942753396424,-1.21630143924181,0.00635255734973345,3.95586032354958e-05,0.000891719189855809,5.78342152565727e-07
"SCAF4_SCAF8",-0.383080798902039,-0.408930593618023,0.159096507664056,0.000542806851334552,0.0714073506620836,2.14265862368902e-05
"SCD_SCD5",-0.775669369783607,-0.101911348531347,0.0143983255393323,0.538968179176279,0.00250497184090722,0.396596756980744
"SEC11A_SEC11C",0.30537150462833,-0.22247509390736,0.203018412491406,0.468120296493117,0.101212395701125,0.318924061645895
"SEC23A_SEC23B",-1.40356173993021,-1.00166279445171,0.00056572943233816,3.95586032354958e-05,1.75831507076031e-05,5.52294725838538e-07
"SEC24A_SEC24B",-0.171980618213009,-0.592874991523209,0.285625948309553,0.0311502203908051,0.161604154964616,0.0068311886821941
"SEC24C_SEC24D",-0.743433372547941,-0.240129490073305,0.00151114586423084,0.0300441656716708,8.17432704335398e-05,0.00640398546361589
"SEC31A_SEC31B",-0.266378340049419,-0.316516902745165,0.305730275942503,0.0110281386496445,0.177895686878825,0.00149943990411834
"SEC61A1_SEC61A2",-0.143683334343722,-0.14101666479599,0.438251675669684,0.296894560533087,0.297934253196496,0.165809535268479
"SENP3_SENP5",0.125326156282739,0.194156873286003,0.748917967250621,0.354878447856068,0.638157365090343,0.209939626622385
"SERINC2_SERINC3",-0.618592561251364,-0.491502351627729,0.00144431666356431,0.00198802610460598,7.39050924338461e-05,0.000133697662005665
"SERP1_SERP2",0.986099272370208,-0.0510639596854642,0.0193599141018777,0.810102703702254,0.00391705355160482,0.698772799977091
"SESN1_SESN2",-0.0713404690233727,-0.316989098165522,0.771501942200475,0.0151955482110761,0.671116455569127,0.00231043423092385
"SETD1A_SETD1B",-0.446207088571025,0.0694239793179028,0.0171316955460125,0.820336440040073,0.00329944731376373,0.718394046175444
"SFXN1_SFXN3",-0.212296797628756,-0.130935354454056,0.240772280781811,0.215017973073758,0.126018240526153,0.0996501424917856
"SFXN4_SFXN5",-0.644290128106097,-0.290494930141703,0.00132308247881353,0.0526484987932612,6.39461758398024e-05,0.0135469821456345
"SGMS1_SGMS2",-0.115334147953004,-0.020222716002043,0.709455890376136,0.856474326555183,0.582915512268112,0.77131703366722
"SGSM1_SGSM2",-0.122956204767614,-0.037387249989038,0.647339814232011,0.738885853674811,0.502540118943272,0.607096271586613
"SGTA_SGTB",-0.225729732180714,0.0488312044392867,0.552225113363845,0.756753608042886,0.406902715110201,0.633947101474523
"SIN3A_SIN3B",0.0903012468241505,0.41502932379371,0.798811580256322,0.0132138581320179,0.70772622492179,0.0018738950859733
"SIX1_SIX2",0.57177011439833,0.194907998748275,0.179274848802098,0.37794341174503,0.0859680561507139,0.229307771745888
"SIX4_SIX5",-0.398389081633044,-0.28759064303095,0.0258311248911379,0.0282366915968013,0.00570248517333601,0.0056143129490716
"SLC9A3_SLC9A5",0.270151447604198,-0.112180337989636,0.26345435771772,0.538552144283204,0.142897027358588,0.395253181915451
"SLC9A3R1_SLC9A3R2",-0.22344386311347,-0.20574876729279,0.434520799852748,0.183358309485771,0.292896161509634,0.078882787907878
"SLC12A4_SLC12A5",0.359329814390925,0.0520286777055996,0.12283371348814,0.707918178341659,0.0508215510484555,0.573559226281312
"SLC24A1_SLC24A2",-0.257479892734212,-0.276195951669894,0.230259232129113,0.0373834071846147,0.11849597910738,0.00847138613101649
"SLC25A12_SLC25A13",0.238013302979397,-0.667291767037614,0.0443540472609164,0.000164411142282969,0.0123854137819226,4.64732173674161e-06
"SLC25A28_SLC25A37",-0.129785392422114,-0.80115509017896,0.754432429316781,0.000970002407362051,0.648214223982994,4.82164939332014e-05
"SLC25A33_SLC25A36",0.319696454483628,-0.491263396486747,0.0846064160319097,0.00015549493602924,0.0298101553562723,3.9921051925162e-06
"SLC29A1_SLC29A2",0.340298564164513,0.376899007572303,0.177782151958054,0.00188645019974696,0.0839526828690812,0.000124108565772826
"SLC35D1_SLC35D2",-0.274250487560355,-0.289744595922109,0.368003524655548,0.0579690084423902,0.22919517763635,0.0157576148479934
"SLC41A2_SLC41A3",0.173013932278579,-0.11951408365405,0.300623836336574,0.513758284369638,0.172726853333733,0.3642876723966
"SLC44A1_SLC44A3",0.994444429491863,0.21987149838421,0.00273218887112302,0.0598635868533318,0.000224285602656007,0.0168603513396922
"SLC52A2_SLC52A3",0.839648766882695,0.0763930113039297,0.00466214309366549,0.526121357105244,0.000555818371896657,0.376899802604634
"SLK_STK10",-0.429694809414018,0.291122996276456,0.120500393230743,0.0311502203908051,0.0491514761862241,0.00677197780844728
"SMAD6_SMAD7",-0.114224634445781,-0.269479533833284,0.846487676973652,0.19939820508405,0.778422147392437,0.0897874958565606
"SMARCD1_SMARCD2",0.379744311057182,-0.00524226611742508,0.0708181467141094,0.988408194711383,0.0232954429980623,0.98505724039984
"MIEF1_MIEF2",-0.342337135025419,-0.344582671367162,0.0998513956351408,0.00678821236597873,0.0363494115689328,0.000784018679696374
"SMTN_SMTNL2",0.425503839188353,-0.218681208992149,0.118634262741904,0.272868531115995,0.0480434075723793,0.14361501637684
"SMURF1_SMURF2",0.0694896688275415,0.125541913947959,0.748917967250621,0.395589045382206,0.638009734661372,0.244062247297209
"SNAP23_SNAP25",0.324091931561558,-0.0459711901927536,0.241433092360995,0.914964565345428,0.126717076253797,0.866808535590405
"SNX12_SNX3",0.112949566104069,-0.147025635036242,0.676349936452958,0.233246860417342,0.541202699238207,0.113213388389704
"SOCS4_SOCS5",0.269326689292299,0.0267492020139392,0.114934187090453,0.891462081625451,0.045368758062021,0.827478606733496
"SORBS1_SORBS2",0.14044287727487,-0.0117865077055146,0.339237646434736,0.940800648921367,0.206474296804374,0.903663781200787
"SOS1_SOS2",-0.283073345521904,0.133525234706598,0.199843154764607,0.291433615996862,0.0993372406724655,0.160203274290673
"SOX5_SOX6",0.0752926165195572,0.169629462369272,0.748682505735146,0.186373440981763,0.6337531737144,0.081197785690885
"SOX11_SOX12",0.681389335966438,-0.186033987713854,0.0385481143186321,0.403068376256818,0.0100315268256089,0.255748063297455
"SP1_SP3",0.41139608203698,-0.51336461010794,0.269789336423037,0.000115741706886993,0.149882964679465,2.70740834823375e-06
"SPARC_SPARCL1",-0.114399660694303,-0.129496918137346,0.527258325310918,0.339313504702085,0.383881061410581,0.19495644349111
"SPATA2_SPATA2L",-0.816975892027043,-0.109904777964654,0.083593519857119,0.669669048614071,0.0289644213540018,0.524111224489821
"SPATA6_SPATA6L",-0.179444315060095,0.295046775509521,0.389766471862746,0.0526752820668027,0.247307966064959,0.0137282434527003
"SPECC1_SPECC1L",-0.177656713579203,-0.290759468623072,0.174489282240038,0.128857543509688,0.0818875140337023,0.0482273847053802
"SPIRE1_SPIRE2",0.229557691976322,-0.384964645662227,0.231262352988857,0.0678143432953299,0.119350307902144,0.0206219055634921
"SPOP_SPOPL",-0.0769512697181619,0.097255628252379,0.552442583785073,0.403068376256818,0.407870621069388,0.255691417500257
"SPSB1_SPSB4",-0.125454979810017,-0.357087697998198,0.712487048673821,0.175774210776972,0.588114180377783,0.0742671738516738
"SPTLC2_SPTLC3",0.198770288803632,0.0114734944920802,0.280377591285773,0.940800648921367,0.158224781047234,0.903000986547619
"SREK1_SRSF11",1.11980699396641,0.0914564801319419,0.00185380201670824,0.621470606128098,0.000119502220373424,0.475188782171046
"SRSF1_SRSF9",-0.0598796969093667,-0.303695432906154,0.942868716518187,0.405657985543267,0.911533125266528,0.259763446882969
"SS18_SS18L1",-0.584648637909137,-0.400782113282045,0.042100442588998,0.058222654608411,0.0114483659671837,0.0160775133298048
"SSH1_SSH2",-0.171097036056396,-0.601663071314754,0.339237646434736,0.000631952243995942,0.206682029519675,2.67932968945648e-05
"ST8SIA2_ST8SIA4",0.751792949425523,0.324796687582763,0.0095102143960414,0.00208874032561981,0.00148770897715852,0.000156087974091185
"STAM_STAM2",-0.712442653450804,-0.585272875330042,2.41300875183584e-05,5.69324877275086e-07,1.76389528642971e-07,1.66469262361136e-09
"STAU1_STAU2",-0.521223416045618,-0.172762850077113,0.0174399406635271,0.140140579609755,0.00344209355201193,0.054641149411633
"STK3_STK4",-0.0469531474487709,0.1351363552614,0.827640871167268,0.319144696050378,0.751410790928178,0.180568709607451
"STK38_STK38L",1.17270670888113,-0.0570592133585255,0.0502600989517155,0.856474326555183,0.0149898540733187,0.773832066975297
"STOX1_STOX2",-0.526087017194725,-0.260240929752553,0.0255118797609514,0.0598635868533318,0.00559471047389285,0.0170331307323454
"STRADA_STRADB",0.751120155780504,-0.67517463564725,0.0193599141018777,0.00359466899899448,0.00393425154994297,0.000320577206050677
"STRIP1_STRIP2",0.254976736047509,-0.283506481985877,0.359245577714559,0.249144753049756,0.222690241156393,0.128579090389713
"STX1A_STX1B",0.243130422388646,-0.218591457229636,0.682078068556449,0.284925278185478,0.550448967606959,0.154959361820172
"STX10_STX6",-0.0376454353704298,0.196315660198666,0.934610149094694,0.0859938422769678,0.893712598963055,0.0278419537175132
"STX12_STX7",0.190553369791096,0.18401655649032,0.224236423510283,0.221481800381889,0.114413028954808,0.104264824156386
"SULF1_SULF2",-0.680876436671832,-0.125961776482716,0.0275677620161287,0.405657985543267,0.00656882109490424,0.259182114183785
"SUN1_SUN2",0.481289402910095,-0.346103517865107,0.26061069319172,0.191724040302408,0.13983059123006,0.0846500879697766
"SYCP2_SYCP2L",-0.302746612701937,-0.265916171942833,0.0744141065801644,0.00110800293900331,0.0246959096399084,6.31756061712413e-05
"SYDE1_SYDE2",0.889994234144999,-0.0204864917950779,0.00273535377796439,0.848832171875694,0.000231945203394641,0.752053809006009
"TAF4_TAF4B",0.851325851677605,-0.513826758173077,0.0208647349567323,0.0392242375198672,0.0043925757803647,0.00894587873260129
"TANC1_TANC2",0.375252872421475,0.0717826987508358,0.0842395512816178,0.612389236376006,0.0293832478360778,0.465755900386508
"TARS_TARSL2",0.450433355016754,-0.0228204421882413,0.0495456084126417,0.912099630911626,0.0145594551037149,0.861427429194313
"TBC1D1_TBC1D4",-0.904358082563171,0.0803537027704112,0.00294875006754276,0.471795850736794,0.000281360609439268,0.322807687346228
"TBC1D9_TBC1D9B",-0.0336219882226693,0.141644243923451,0.865550382556712,0.178079931410106,0.802279155761631,0.0760224268592848
"TBC1D10A_TBC1D10B",-0.497279605138631,-0.692881866157043,0.116074495018817,7.26092841942079e-05,0.0461582787209332,1.46635034315338e-06
"TBC1D15_TBC1D17",0.153678652136761,0.189300188848762,0.448613292989473,0.0110088859340007,0.307601804695998,0.00146463248537143
"TBX2_TBX3",-0.583597632565531,-0.328679472961634,0.00273218887112302,0.000803167589104185,0.000227682405926919,3.87493135094124e-05
"TCP11L1_TCP11L2",0.73688951552076,0.119434561625198,0.00417272966224069,0.348598216531871,0.000481938075024875,0.202953906120751
"TET1_TET2",0.978380453646873,0.0389268285428252,0.000966967998340205,0.881378192455283,4.35942606910706e-05,0.80535288053297
"THRA_THRB",0.213005515228974,0.293777405398838,0.676349936452958,0.395589045382206,0.53904652944107,0.243554241785536
"TIA1_TIAL1",0.649166940756191,-0.889809199077816,0.0452846570514304,0.00108461408070456,0.0127114826811033,5.9226755616436e-05
"TIAM1_TIAM2",-0.162234309021179,-0.0278080804549649,0.347842702717693,0.874759851604552,0.214096166438814,0.795581329251482
"TIMP3_TIMP4",0.816971610634977,0.551039526155068,0.00298486173595406,0.00155012315526324,0.000293017681290943,9.97155246075768e-05
"TJP2_TJP3",0.286415242459293,NA,0.143573785558669,NA,0.0625511521878411,NA
"TLK1_TLK2",0.395177872765144,-0.812952668624049,0.530416922017985,0.0297395925266158,0.388507131478086,0.00626096684770858
"TLN1_TLN2",0.478112092185123,-0.174769180074091,0.109956379612407,0.21627170798717,0.0425793454202585,0.100547373011579
"TSPAN6_TSPAN7",-0.000863330877693141,-0.135625315672615,0.995647890937445,0.190462222481386,0.995647890937445,0.0835360624918358
"TMC5_TMC6",0.0941594201004348,0.147876086459345,0.754432429316781,0.589930769318381,0.648547176079338,0.444173020758722
"TMC7_TMC8",-0.0642173202283285,0.040383883217905,0.845126385110574,0.783122521213569,0.77469918635136,0.665196176644859
"TMEM50A_TMEM50B",0.323758036251494,-0.125012505543103,0.561627400605899,0.644558501207838,0.418757272381591,0.499438604737067
"TMEM59_TMEM59L",-0.205680284328233,-0.143604909421513,0.320265574965233,0.441904731811098,0.189560498296171,0.294969437039544
"TMEM184A_TMEM184B",0.761471671752066,0.548736485669601,0.00578437364778783,0.00678821236597873,0.000769558482381129,0.00074406643410549
"TMUB1_TMUB2",-0.17423790436099,0.277888063643569,0.320265574965233,0.0176286120771337,0.189281623211394,0.0031173557560292
"TMX1_TMX4",1.26228287032731,0.0339485310042514,0.0313607685348499,0.882946591688178,0.00797773936412849,0.810658566637684
"TNK1_TNK2",-0.192677550802273,0.186788155394879,0.418911852539653,0.140140579609755,0.277437235673191,0.0541494226905653
"TNKS_TNKS2",-0.375288891155661,-0.63708943417717,0.223975674365319,0.00108461408070456,0.113625086264277,6.02563378169197e-05
"TNPO1_TNPO2",-0.817995796249523,-0.419273088674927,0.0148988153095431,0.13080148495876,0.00262911999747476,0.0491461719801188
"TOB1_TOB2",0.492378295637744,-0.105670376451856,0.0264548668407941,0.432269209434887,0.00614959623930741,0.28628355537135
"TOMM40_TOMM40L",0.0634590562283506,-0.366867402769213,0.748917967250621,0.0282492649012995,0.640521945674873,0.00569941309412183
"TOP1_TOP1MT",-0.434573883474363,0.0260547443466752,0.298294512996219,0.894981933333963,0.170952410956898,0.834793089864135
"TOP2A_TOP2B",0.947934086374929,0.174252417684635,0.00294875006754276,0.29514180106254,0.0002673239210599,0.163371284590787
"TOX_TOX2",-0.278074596990386,0.136926175678752,0.517492219484744,0.428242377332128,0.373744380738982,0.281738406139558
"TP53INP1_TP53INP2",0.537048226015343,0.00524801404359184,0.115569535413382,0.980230894840947,0.0457885147617345,0.963033861598123
"TPM1_TPM2",-0.173850753093995,-0.375488971762304,0.520883372228119,0.0156434607945685,0.377716597405186,0.00247002012545819
"TPST1_TPST2",1.11034971554009,-0.280903375865465,0.0296810520796127,0.183358309485771,0.00737686966890958,0.0795230828720304
"TRAF3_TRAF5",-0.254580564747982,-0.16122959377938,0.248660925859093,0.0500818299898609,0.131601250235368,0.0124966933341855
"TRAK1_TRAK2",0.227172597061843,0.0151489359024036,0.552661163455715,0.932300339372124,0.409179010964948,0.887320937033995
"TRIM35_TRIM72",-0.317706482162845,-0.264117720938738,0.2666432060074,0.0879389004466014,0.146617338050897,0.0286701385958949
"TSPAN4_TSPAN9",-0.676617727808967,-0.48197439370694,0.119927283560449,0.0133694541652279,0.0487423754821707,0.00193505257654614
"TSPAN13_TSPAN31",1.06821463821492,-0.023247875913301,0.0165373633454095,0.896077078007624,0.00311888870110792,0.839143430807429
"TTC7A_TTC7B",0.458352839727576,-0.0555544538895981,0.118421161518891,0.768400122282389,0.0477839774549911,0.64707378718517
"TTC39A_TTC39B",-0.374915287530275,-0.350151171663812,0.0495456084126417,7.26092841942079e-05,0.0144910187882582,1.48615493964753e-06
"TTYH2_TTYH3",1.05979257720843,0.169558847561988,0.0030475128538425,0.336540294451223,0.000324695184119031,0.192007771504244
"TWF1_TWF2",2.3942341766912,1.30557875880899,0.0585552640818789,0.022472673182656,0.018234314692164,0.00430397688147359
"TXNRD1_TXNRD3",-0.0741798677842969,-0.018331254847316,0.697792462434885,0.948353320030383,0.568756094148462,0.91646424640363
"UAP1_UAP1L1",0.551425366194712,-0.476465813130869,0.0120162307609171,0.000203258326480675,0.00200270512681952,6.83470980856072e-06
"UBA1_UBA7",0.434121882313309,0.1201034637828,0.162157968508015,0.506047849478173,0.0737297195994044,0.354842727648626
"UBE2Q1_UBE2Q2",-0.390563094061113,-0.0525007257790392,0.236173027786107,0.874759851604552,0.122920464754173,0.796747642616426
"UBE2V1_UBE2V2",-0.503134552267945,-0.442731618257458,0.329708470635668,0.375299611727133,0.196186180626779,0.227155028150633
"UBQLN1_UBQLN4",0.116086689534447,-0.18576702478928,0.527722362982209,0.0510552890057316,0.384990437321816,0.0129877489575984
"UBR1_UBR2",0.827117147646877,0.146852504153645,0.000448918811811014,0.375299611727133,1.07060248486287e-05,0.226688422183724
"UBTD1_UBTD2",-0.365098442700335,-0.0132062024804247,0.121372417763037,0.95314122109764,0.0497324052503208,0.928058557384545
"UCHL1_UCHL3",0.121036594927742,0.0322856486209542,0.501753168365308,0.807461842356462,0.357975944681681,0.693588362928755
"UCK1_UCK2",0.398267004464001,0.498506778238921,0.484941450068515,0.145854727347506,0.340309789521765,0.0584136825385322
"ULK1_ULK2",0.0182312708398198,0.0751579504284349,0.955454294550892,0.605701153347545,0.933104486491222,0.458703505020509
"UNC5B_UNC5C",0.20308510742456,0.228779590758321,0.421867437264599,0.0568894669533925,0.280628192917241,0.0152204275620919
"UNC119_UNC119B",-0.31006111715966,0.235268754717358,0.0671041006530147,0.0909375472343774,0.0217794010891363,0.0304908985850555
"UNK_UNKL",-0.205115667827254,-0.0208275468055308,0.398785783747182,0.908573531918793,0.253613765979567,0.852783929081675
"USP2_USP21",-0.0972862676919029,0.247390089315819,0.61385037491408,0.0598635868533318,0.466669875665675,0.0170427112386266
"USP12_USP46",0.459811922851679,-0.471385903643201,0.118421161518891,0.145854727347506,0.0476970213572079,0.0579078533434621
"USP16_USP45",-0.10435278923614,0.142075889563488,0.716210156337237,0.282004351676745,0.597888887819536,0.152653190219858
"USP31_USP43",-0.0977720979118615,-0.367866146909627,0.630966946517679,0.00991774768334054,0.484294805441201,0.00127596753820755
"USP35_USP38",0.328617943835528,0.144764111054294,0.105617072370724,0.348598216531871,0.0401468403748365,0.202720509830226
"VAPA_VAPB",-0.214848942649232,-0.0772448689430635,0.409881664857057,0.595694491503259,0.268407308741585,0.449383563765616
"VASH1_VASH2",0.330564220203672,-0.0777258669562015,0.186726569597739,0.779300958869064,0.0906333641907152,0.659671425709339
"VPS13A_VPS13C",0.415385199905293,0.270903711242896,0.114588120955588,0.176678914751981,0.0449806641725827,0.0751660295216762
"VPS37B_VPS37C",-0.552025300431079,0.0804696053624143,0.0171316955460125,0.723132803995058,0.00330611668431819,0.589924129574916
"WASF1_WASF2",0.152740263230299,-0.160927156173162,0.355862319579558,0.0300441656716708,0.220072750266306,0.00641293594746189
"WIPI1_WIPI2",-0.42695845419855,-0.0106857183374175,0.134437934396804,0.946632548836544,0.057341312017898,0.913417371684385
"WSB1_WSB2",-0.422001869172656,-0.0962019724606204,0.0401144890258123,0.421465117928411,0.0106150913942574,0.274198797482665
"WWC1_WWC2",-0.0926041674438243,0.0218908833318547,0.669471228020732,0.874759851604552,0.527551157753179,0.79659233671882
"XYLT1_XYLT2",-0.487615614048041,0.00221384578733484,0.0262317769915952,0.988245478514846,0.00587118925571879,0.982466265190198
"YIF1A_YIF1B",0.255123737350037,-0.385920121154149,0.514409300454028,0.10481609978473,0.370013707344125,0.0371057176466552
"YIPF1_YIPF2",-0.110623551919575,0.0649325536979774,0.649652369071995,0.657366648096475,0.505285175944885,0.510324108390685
"ZCCHC11_ZCCHC6",0.472540802833902,0.221893100607648,0.0504924772507585,0.231068976278861,0.0151329792929905,0.111818466591086
"ZDHHC14_ZDHHC18",0.664900130292168,-0.0541554395573883,0.0306998787146418,0.727090853901424,0.00771985254227835,0.595279061673681
"ZFR_ZFR2",0.439032832637209,-0.540466695958736,0.403373300575727,8.07558458036387e-05,0.25771071981227,1.77096153078155e-06
"ZFYVE16_ZFYVE9",-0.0229284756133636,0.129090917535984,0.928575758307552,0.447955852263799,0.881300359875057,0.299949241084843
"ZMIZ1_ZMIZ2",0.42766878725365,-0.145634927804104,0.0567763604840323,0.405657985543267,0.017348332370121,0.259643046600144
"ZNF503_ZNF703",0.309445549279264,0.102672089787822,0.164068148925626,0.538552144283204,0.0760374315927246,0.394697578953641
"LIN28A_LIN28B",NA,-0.0410271621910053,NA,0.892204194712504,NA,0.829593374030925
