"paralog_pair","GI_score_A549","GI_score_HT29","GI_score_OVCAR8","fdr_A549","fdr_HT29","fdr_OVCAR8","p_val_A549","p_val_HT29","p_val_OVCAR8"
"ABHD4_ABHD5",-0.353219209265987,-0.384606248226501,-0.132165015239962,0.119263083457169,0.0625134734583111,0.561874398980244,0.0606673253318104,0.0407966340435132,0.443364910361582
"ABL1_ABL2",-0.0202759484793168,-0.152443697218358,0.0449353301848095,0.820584396630461,0.0625500482259009,0.640557294633117,0.753390140826975,0.0409757139742874,0.522936352194281
"ABR_BCR",0.304671080611984,-0.0735829364418647,0.270024176643649,0.337890248895487,0.787840703423504,0.111365680828825,0.243985266572175,0.768291306316221,0.0569263777933946
"ACAP2_ACAP3",0.812392017127839,0.279207652895689,0.528651601874854,2.25390353450571e-05,0.00601123567261601,0.000144634339387393,1.41063450757283e-06,0.0028159628731796,1.75858129776235e-05
"ACTG1_ACTR1B",-0.167492645687976,0.0744614057874252,0.51813728189243,0.58936018838598,0.766604216327338,0.0126875215834589,0.49283966125577,0.736462863939716,0.00396681816257027
"ACVR2A_ACVR2B",0.303238579349293,0.108868517189403,-0.0523669780078612,0.191907358837846,0.196878946450507,0.79829753359381,0.110477685484815,0.153888010252878,0.715220801408255
"AGAP1_AGAP3",0.0615749062507097,-0.0789089091530287,0.00234323625029513,0.667163412020578,0.541694193215517,0.979528127969862,0.576111333456976,0.490616328842838,0.979528127969862
"AGAP1_AGAP9",-0.730833584332335,-0.682179775258064,-0.419763658713331,0.143094812653191,1.9026783526236e-05,0.000586655901242684,0.0763409050134888,2.78555887853084e-06,9.42754337636149e-05
"AKT1_AKT2",-0.137077161911944,-1.00746188294594,0.113862281388962,0.401332080834872,0.00601123567261601,0.258134731276861,0.296766650344397,0.00281916511693406,0.162458223851419
"ALG10_ALG10B",-0.242645006826947,-0.610748698035896,-0.278202738242916,0.116194301604066,0.000141937705945038,0.244551469262355,0.0581092436476301,3.34592607066466e-05,0.148157148129021
"ANKRA2_RFXANK",-0.159713028698067,-0.124300561963393,0.168845754753747,0.289279803656397,0.447178254448806,0.19871671591896,0.199552817410616,0.387258587599587,0.114890805977959
"ANKRD13A_ANKRD13D",-0.853002057261259,-0.377447124569837,-0.129338690507394,2.32049029581038e-07,0.000401544944809293,0.198536319047901,3.45482426175243e-09,0.000118570343504481,0.11429386108961
"ANXA11_ANXA7",0.463106253599005,0.105407797420169,0.103950380663692,0.00161306895529749,0.380437891634242,0.293687196494488,0.000272180369628361,0.318132926751215,0.190474254565914
"AP1B1_AP2B1",-0.588691087799866,-1.79024423084988,-1.06366041176942,0.00487530091336146,3.56147385081913e-10,7.53954036890696e-08,0.0011008743997913,4.41870204816269e-12,3.18045127224363e-09
"AP2A1_AP2A2",-0.32587644949562,-1.43588001482212,-0.517369542141871,0.238967801789985,0.000518779190051162,0.0274794397562429,0.151207914283986,0.000158337072894027,0.0109099512679872
"AP3M1_AP3M2",-0.336599566384097,-0.771385836327176,-0.341242553043786,0.00370036584920156,1.21077319931619e-05,0.00266278665079819,0.000789656235809761,1.57708531818726e-06,0.000594666993974782
"AP3S1_AP3S2",-0.194943535004881,-0.408239245862151,-0.219093851723983,0.0537971464511022,6.01870213171193e-06,0.00227585677752512,0.0214921602447331,6.42194023979188e-07,0.000474372132288114
"APPL1_APPL2",-0.06026571442854,-0.231131723106337,-0.183062397891643,0.701086435834675,0.000563799939322313,0.0139502731416949,0.619285079225853,0.000180498909327732,0.00456932023499685
"ARFGEF1_ARFGEF2",-1.20652973180213,-1.67987911374745,-1.92993306386068,7.10188807634934e-05,5.09746480761041e-06,1.2174841363069e-05,6.69656940201675e-06,5.18600637995103e-07,9.36526258697615e-07
"ARFIP1_ARFIP2",-0.0204200598332326,-0.178317690680093,0.0664838216557125,0.888323017121261,0.0480611300123176,0.30007371017876,0.848646058540162,0.0300531135560894,0.20029734004488
"ARHGEF3_NET1",-0.0704434438532225,-0.201036681790633,-0.0212512569464086,0.712097883477369,0.126318226848192,0.838242689180705,0.634350223742868,0.0918536114127647,0.771682475647745
"ARID1A_ARID1B",-0.457208478030225,-0.414118254116814,-0.531742969233032,0.00140151980378255,0.0122690147524754,8.87704859203765e-05,0.000218249862414396,0.0064846157376607,9.60371101076449e-06
"ARL8A_ARL8B",-0.76066119036415,-0.294070546600906,-0.239540742378572,4.63039031137755e-05,0.0177938366968974,0.0256584108507185,3.67673672367448e-06,0.00997867765136179,0.00999595658452308
"ARPC1A_ARPC1B",-1.30605111699158,-1.27527310494827,-0.725742309963529,0.000116162639732852,0.000241904455964376,0.00125159860914848,1.21062800714138e-05,6.60285115535518e-05,0.000223610669624542
"ARPC5_ARPC5L",-0.589094972067913,-0.938149150704017,-0.115489078054153,0.0152109224380031,0.000110380945128655,0.359809920011382,0.0047180280514898,2.437693329144e-05,0.251777661149403
"ARPP19_ENSA",-0.988344728368119,-1.05030330185168,-1.0094408824156,0.0137542052546856,7.13037512489986e-05,0.000220484249634963,0.00409554498898827,1.46853879743595e-05,2.95437952364466e-05
"ASAP1_ASAP2",0.106093901122038,-0.010475021006561,0.0618808121138978,0.336018844294343,0.930209940382137,0.720795163636909,0.240132573590002,0.925593513879,0.61348074721454
"ASIC1_ASIC3",0.445118113105743,-0.0601425545466041,-0.0326006963904512,0.00151531822738866,0.566304587131603,0.795056234714524,0.000248166260564892,0.519932251212638,0.71022393175491
"ATAD2_ATAD2B",-0.247910878825287,-0.591861836076591,-0.209943303881263,0.0902308889274376,1.99846760106725e-05,0.0392277026979798,0.0405255357217524,3.02497577332759e-06,0.0167423445758127
"ATAD3A_ATAD3B",0.957787356520954,0.163795356704081,1.23941250079189,7.61772322327776e-05,0.39098149338284,9.80978767159757e-06,7.37199021607525e-06,0.330830494400865,7.05915241876748e-07
"ATF1_CREB1",-0.112408841022135,-0.340819821790913,-0.294796588794353,0.475116529100721,0.000178989699142161,0.00312856771135649,0.369011100765572,4.53026037531028e-05,0.000745266750099809
"ATF1_CREM",-0.312746551127674,-0.184890033724493,-0.0779307610118531,0.0102168583423537,0.046156471156117,0.365157067703033,0.00276704959288521,0.0285185144364097,0.257331531582287
"ATF2_ATF7",0.156509376664095,-0.0338467143760472,0.0425749438608836,0.188894623043311,0.698000337821192,0.662730284354337,0.107805864267894,0.66509213330853,0.547615842903212
"ATP6V0A1_ATP6V0A2",-0.963577192810314,-1.89971476499931,0.0568670671214948,2.25390353450571e-05,2.08789547131758e-07,0.754580968230694,1.45413131258433e-06,9.99313902538476e-09,0.651598453956034
"B4GALT1_B4GALT2",-0.192001274364514,-0.232642482318241,0.0912171050870592,0.0618857255224681,0.0703815596258787,0.363565054304497,0.0254602556541718,0.0469792544401027,0.25530746989621
"BCL2L1_MCL1",-0.122581262338894,-1.07787797999124,-1.00676665501871,0.648937870752543,0.00229596209893776,0.00234143205009823,0.552321810590874,0.000900153875017781,0.000506596277356585
"BICD1_BICD2",-0.146528866928083,-0.288717674192754,-0.0841683566956716,0.238967801789985,0.0102135330917328,0.488165843525527,0.150616561374951,0.00517012593229152,0.373089528054249
"BRCA1_PARP1",0.204056712391329,-0.218949611888153,-0.326406082328715,0.279676357971756,0.0698374912660761,0.0348301583539651,0.187376219981078,0.0464427981620556,0.0146061954387595
"BRWD1_PHIP",0.0675152141101436,-0.383067204179423,-0.217191443046162,0.683859379730355,0.000592021014139674,0.00266278665079819,0.592225616689564,0.000196850659788378,0.000593732762143293
"BTBD1_BTBD2",-0.225588673610302,-0.596741969878596,0.0243243631642694,0.257981901956723,1.16461358722864e-05,0.910666961453928,0.167720243952014,1.41603140878916e-06,0.858693412785341
"BTN2A1_BTN2A2",0.503296228237255,-0.16197605093156,-0.203852071014158,0.00902063823609022,0.080086787818787,0.0103468121001567,0.00228313920615683,0.0540536136146651,0.00295256424694297
"BTN3A1_BTN3A3",-0.177108066759104,-0.376540827296605,-0.237138774533988,0.44025641704787,0.0322688277611391,0.152703858465611,0.332104096234622,0.0192171678974526,0.0829829900842897
"CAMKK1_CAMKK2",-0.169194744526064,-0.26847102797954,-0.338035271680274,0.116194301604066,0.00291072719797818,0.000497535970942871,0.0582413124665541,0.00120618223836813,7.65439955296725e-05
"CAPZA1_CAPZA2",-1.7460501405359,-1.9776427052004,-1.7144849122985,2.47984636801924e-06,1.37239876437019e-09,1.24185408476277e-08,9.23019739957534e-08,3.40545599099303e-11,3.3896761618835e-10
"CBX3_CBX5",-0.657269138823837,-0.488105237306806,0.116988309287718,5.81729683997218e-06,0.00892792859339926,0.278637379956841,2.51294737041004e-07,0.00438642645531775,0.179074643694347
"CCNE1_CCNE2",-0.444980375598677,-1.21693062544886,-1.47410219630237,0.0202806757077265,5.50615180353772e-07,2.45811390898698e-05,0.0065924777114446,3.5523560022824e-08,2.1348383824949e-06
"CCNG1_CCNG2",0.0509584792693108,-0.220375193453652,-0.0836168349734218,0.790049578316064,0.125714259321372,0.433109476038714,0.717514009091016,0.0910882474487359,0.317040435313699
"CCNT1_CCNT2",-1.67122526556212,-1.47902143434897,-0.992213441678283,0.000332061636124401,0.000759136643907936,0.00650415254071546,4.20226884425421e-05,0.000261836212166757,0.00174304832356643
"CCNY_CCNYL1",-0.53973253593007,-0.179552727285261,0.0442552717110734,0.00241109981764858,0.127716657624106,0.397768394516548,0.000451103209220148,0.0941236906063514,0.284261284418774
"CDC34_UBE2R2",-0.31811131835231,-0.502092456292933,-0.0751279937001157,0.0500200189377239,2.34898278489898e-05,0.693395748370105,0.0194334116944386,3.90002703397403e-06,0.583278309422991
"CDC42BPA_CDC42BPB",-0.122395693680603,-0.0415004336414632,-0.0120155950522831,0.205024907448369,0.745066504404661,0.927958441381993,0.121081707128317,0.713636900000494,0.894191826503509
"CDH1_CDH3",-0.369379327268314,-0.493105946787173,-0.289754321701555,0.00928316770503947,1.12141459824524e-05,0.0117610268379749,0.00244172649313693,1.33567991850549e-06,0.00358959379918341
"CDK3_CDK5",-0.20323322175474,-0.231250122130612,-0.0461023587218299,0.301247403842365,0.0674201725305654,0.790445136838581,0.209303407136135,0.0445006597844427,0.698259227579491
"CHD1_CHD2",-1.32245254806944,-1.00926794952556,-0.700083299653019,1.32951846414396e-07,6.75801195417909e-09,4.59589375634116e-09,1.31962130436125e-09,2.01231125186474e-10,7.98294200853303e-11
"CHKA_CHKB",-0.172165459205073,-0.574710843113511,0.160713980806708,0.422763845621918,0.00549344459776259,0.293010689882201,0.31576158196575,0.00253543596819812,0.18903915476271
"CHUK_IKBKB",0.157765282991794,0.0677613694761113,-0.911296393044652,0.282195011261033,0.596069177700447,1.41951420359661e-08,0.191164362467151,0.556134021874362,4.2268413010321e-10
"CISD1_CISD2",-0.687094988040813,-0.904530550106597,-0.715106607408116,0.0232007999294763,8.57173448290874e-05,0.00146678390593344,0.0077719801252588,1.81660399955712e-05,0.000272974672320119
"CLSTN1_CLSTN3",0.149394467708089,-0.323676577041352,-0.132767840855644,0.0924843072552608,0.0145444833601202,0.319725549380085,0.0422297972399919,0.00779555435678899,0.218175002678718
"CLTA_CLTB",-0.257629138351905,-0.181289711261459,-0.203368134737776,0.1610354330197,0.0119159502858224,0.098723038420182,0.0888389970327489,0.0062388722340162,0.0494840043694213
"CNNM2_CNNM4",0.177255546514929,-0.123929738568783,-0.189755478494081,0.109802872903622,0.419237261867496,0.244551469262355,0.053402886077196,0.360020907584146,0.149279556919452
"CNOT7_CNOT8",-2.13376522135632,-2.97532240150794,-2.94639992935308,2.5671767707217e-08,3.10391247368245e-12,3.2509559465005e-13,1.27403313683459e-10,2.96400182854496e-14,2.42006646141477e-15
"COPS7A_COPS7B",NA,-1.49682208205462,NA,0.000212230302601739,6.37999758375266e-06,1.98869355909061e-05,2.47514248691855e-05,6.96575418573491e-07,1.66485746185557e-06
"COQ8A_COQ8B",-0.568647047554352,-0.317826973057437,-0.553846568697331,0.12005858797719,0.0204480967633988,0.000912295373065501,0.0616678106979612,0.0115686502780519,0.000156199455934292
"CORO1B_CORO1C",-0.193459119257703,-0.383464722614653,0.00591700655027882,0.215145883404719,2.17831127500238e-05,0.95632527990132,0.131164282244236,3.35124811538828e-06,0.944460201986912
"CPEB2_CPEB4",0.21599757748894,-0.0491993853653292,0.281904373011161,0.324497902091901,0.663063801726644,0.0139502731416949,0.230288833742639,0.626866770366876,0.0044330717210377
"CPNE1_CPNE2",-0.250643039124795,-0.194771165928634,0.0416032998943103,0.0924843072552608,0.11149871697712,0.498238194697477,0.0424555752908765,0.078574778217127,0.38326014976729
"CRTAP_P3H4",0.121555128476463,0.105439223133722,0.403213658755286,0.471032648826353,0.478153096306517,9.18936130805827e-05,0.364670437801047,0.422743833567378,1.04890972747067e-05
"CRY1_CRY2",-0.662198366289025,-0.204842753192511,0.0635954939878963,0.000623334337570131,0.124618819610933,0.787970670913087,8.35237077637396e-05,0.0890576179849842,0.694118084799369
"CSNK1D_CSNK1E",-1.89667911999004,-1.37283605299063,-1.81592370318246,0.000681903542312671,0.000563799939322313,7.29863409490013e-05,9.47558272196267e-05,0.000181870948168488,7.42540937694554e-06
"CSNK1G1_CSNK1G2",-0.289301656550817,-0.249529837451574,-0.0670706379575467,0.0102168583423537,0.00171108658359373,0.262224272820974,0.00278872063935212,0.000641126734795665,0.165923547318483
"CSNK2A1_CSNK2A2",-1.49419457456716,-2.59160044072413,-1.86361358590303,2.3135007854223e-05,1.36020637532576e-12,9.26634039729139e-09,1.54998811926556e-06,6.75040384777053e-15,2.06940604406011e-10
"CTDSP1_CTDSP2",-0.45717307752276,-0.516290874241276,0.158029185037589,0.106919666074363,0.00816530031597825,0.453140661951431,0.0509694438211919,0.00397121305690257,0.336999520407634
"CUL7_CUL9",-0.26769548302179,-0.392238660371179,-0.070103771613839,0.118553042897871,0.00183041644736518,0.681277789963733,0.0600119621617017,0.00069038039702111,0.564632213022052
"CYB5R1_CYB5R3",-0.25349400599845,-0.494522086648021,-0.196301276348112,0.0596110870496923,0.00943515726205504,0.0209756413074392,0.0242586061442917,0.00468246017967992,0.00770321318486601
"CYTH1_CYTH2",0.298444229693861,-0.440280584836481,0.152942512345477,0.0265564936449067,0.00015175591222242,0.0191497733854213,0.00902788989913703,3.6404944136914e-05,0.00684259892680068
"CYTH2_CYTH3",-0.0138020493934812,-0.171194785700259,-0.136902273497643,0.919384013102249,0.126318226848192,0.272851453270848,0.892007814200941,0.0924669859727552,0.174679094153546
"DCK_DGUOK",-0.229212909771189,-0.412776867451169,-0.155309298342443,0.0548402914955569,3.37414061262184e-07,0.216444610717579,0.0220449807004472,1.84196261731217e-08,0.128900016308235
"DCUN1D1_DCUN1D2",-0.0222310655819673,-0.233895530203487,-0.372498457444442,0.935051351833551,0.0847975880477994,0.0182884988777227,0.914169311718161,0.0578643590896894,0.00642826629490683
"DCUN1D4_DCUN1D5",-0.509732425863116,-0.374675219746274,-0.401457585753969,0.00152929556436243,0.000183339788406862,0.00229378857287131,0.000254250131047848,4.68585563422004e-05,0.000489493343094127
"DDHD2_SEC23IP",-0.462409221951276,-0.549679569433737,0.00622640608903691,0.000155098931348484,7.88059427630751e-10,0.95632527990132,1.65490174887961e-05,1.36883771548766e-11,0.943601305798377
"DDX19A_DDX19B",-2.63971244287965,-3.38225400397501,-2.71997788299304,3.01183967251409e-07,6.67564694519572e-08,3.39675754089299e-10,5.23148330213365e-09,2.81602972874261e-09,3.37147150460842e-12
"DHRS4_DHRS4L2",-0.10247056982642,-0.368899026991621,-0.175260269474502,0.560910547501499,0.000565637550918648,0.29403447232041,0.46069824124813,0.000183867293226657,0.194806958088212
"DIAPH1_DIAPH3",-0.293748591560057,-0.0708644361674747,-1.17509985328963,0.0385195071296731,0.456237468682021,0.00167913588137039,0.0138593760143985,0.39736811788434,0.000333327222108266
"DMWD_WDR20",-0.298401909421555,-0.405454407897761,-0.223551992811092,0.0168921134342267,0.000571570555901719,0.0594430588821434,0.00536523702129284,0.000187214177119173,0.0274352579456047
"DMXL1_DMXL2",-0.436036566728754,-0.706743940503813,-0.552501293092062,0.0119332832582782,4.60540654724469e-05,3.24958211672442e-05,0.00349411271582339,8.22802162286892e-06,2.90285251121784e-06
"DNAJA1_DNAJA2",-1.56371922574432,-1.627333540367,-1.3269289887489,5.36321312542404e-05,2.23560111222326e-05,0.000344371423914932,4.65787740421442e-06,3.55033427251337e-06,4.69985814275961e-05
"DNAJB12_DNAJB14",0.342607154055769,0.101898787026313,-0.0968061284342685,0.00383908731240809,0.161585320210084,0.316173893123161,0.000838311869706977,0.124296400161603,0.213397764093052
"DNMT3A_DNMT3B",0.465667474742478,-0.140509440245989,-0.337372935371137,0.108082990552445,0.400817052327869,0.0431841817459145,0.0522982212350541,0.341142056944067,0.0187524362420224
"DPF1_DPF2",-0.337662225099374,-0.213248737340101,-0.124615304423715,0.081893268529869,0.382674635087411,0.485918535346728,0.035764802137114,0.321902484602065,0.368960475970468
"DPP8_DPP9",-0.513981071304699,-0.589582496460141,-0.198989145223475,0.0407826899363349,0.000215130797012332,0.0205995598161955,0.0149772657830709,5.61180123521249e-05,0.00751398335727231
"DUSP16_DUSP8",0.340625430710326,-0.529519682754447,0.128720145112152,0.166153966259066,0.00115254898021758,0.411327064961149,0.0927658620553096,0.000420408685091771,0.297012843433485
"DYNC1LI1_DYNC1LI2",-0.263064727687436,-1.29345941995142,-0.839650130054627,0.0172679026492696,4.17626185049462e-07,7.07375274929338e-07,0.00552744278351311,2.38347450524507e-08,3.68607463362682e-08
"DYRK2_DYRK3",0.0429254063789239,-0.243156188992951,0.236795123206494,0.714198939336915,0.012214795935114,0.0039393933114168,0.637994089730247,0.00642564947455131,0.000948191442202059
"EHD1_EHD4",-0.435095346044879,-0.424052699874327,-0.442030313051464,0.00383261043044586,0.000325710037981211,0.000890569202085622,0.000827387363396501,9.21363382874891e-05,0.000150269741294844
"ENTPD4_ENTPD7",0.245093872308978,-0.190452957427718,-0.14523467351376,0.0271889412211149,0.103980426737189,0.415829285202085,0.00937782339884607,0.0726915308447778,0.302327495196553
"EPN1_EPN2",-0.00947226889783894,-0.460334640950728,-0.144651594183656,0.935051351833551,1.91224589200109e-05,0.165877854483764,0.910740195878026,2.84701621637879e-06,0.0909652750394834
"EPS15_EPS15L1",-0.00940098251819603,-0.495070169411049,-0.256836841164284,0.935051351833551,5.40826384008806e-08,0.00197870809692733,0.911995524993763,2.01300142931317e-09,0.000407525488945331
"ERLIN1_ERLIN2",-0.413977396709053,-0.527596394899556,-0.317827379644937,0.00142146693355804,7.12902181908751e-05,0.0272239601389568,0.000225741647016661,1.45057019643964e-05,0.0106734136524942
"EVI5_EVI5L",-0.688319731345306,-0.4098838082718,-0.337584679647844,0.000482118779231609,0.0146005295404686,0.0184598894640186,6.22088747395624e-05,0.00789805320055127,0.00655028335820013
"EZH1_EZH2",0.00975163864748551,-0.391101628133849,-0.163000304447943,0.897666745475126,5.76091939592349e-07,0.00269586711249912,0.867716666239518,3.85967304441524e-08,0.000608744186693349
"EZR_NF2",0.588277725130431,0.0701020350187426,0.188521232402856,0.00100994331517749,0.411317994108231,0.18904513357944,0.000147857706192238,0.351100223258638,0.107891763581318
"FAHD2A_FAHD2B",-0.423393294624423,-0.411207589586134,0.102975679090321,0.00145487187034272,0.000692426069942869,0.62343842183176,0.000234656753281084,0.000235390500203903,0.507161273931652
"FAM117B_GLCCI1",-0.272795579162325,-0.666263875561672,-0.261480681737824,0.0149347460270858,2.18385397385989e-08,0.00982227503617604,0.00459530646987254,7.0446902382577e-10,0.0027785095635833
"FAM160B1_FAM160B2",-0.231988912269157,0.37052029099689,0.030077460151672,0.106919666074363,0.00627788507141109,0.806575817876993,0.051470012948949,0.0029753748105199,0.729458608047945
"FAM200A_FAM200B",0.0101627752376623,-0.124819495077979,-0.0900396073999841,0.897666745475126,0.157743572134305,0.121417692486764,0.868709753685606,0.120166939566332,0.063872334509166
"FAM76A_FAM76B",0.110958027486494,-0.0555191955527479,-0.15159900307635,0.451112431193603,0.544369796162669,0.0891454205400403,0.341521368674737,0.496989381573112,0.0442409034938165
"FGFR1OP2_SIKE1",-0.100113662217006,-0.287206622285022,-0.294530333279925,0.533934525370893,0.0342056954310639,0.0157747999217906,0.430670414758515,0.0204555151337132,0.00528436225667922
"FLOT1_FLOT2",-0.314289684182516,-0.271960729002161,-0.100097390572413,0.00170195443586391,0.0109707038061346,0.230077921452904,0.000291401627976698,0.00568952132873979,0.137590022506576
"FN3K_FN3KRP",0.314421630077166,0.184425410732676,0.234575406827881,0.0750354944753856,0.0435079163767831,0.000475355847574723,0.0314664976832262,0.0265581822051827,6.84134966732852e-05
"FNBP1L_TRIP10",-0.258093133232844,-0.276316841842453,0.0108981444725818,0.126537522444522,0.103980426737189,0.949644537926652,0.0660356750655001,0.0727604971213084,0.930793033451681
"FNDC3A_FNDC3B",-0.336147039185217,-0.0673277254958767,-0.159277923762336,0.0068890009654769,0.676056890353365,0.122343190990996,0.00164105233917068,0.642001573340986,0.0646627783649682
"FNIP1_FNIP2",-0.0345518142030762,-0.277072569430873,-0.175677632647984,0.815844746696138,0.000116238573705185,0.0274794397562429,0.747014172533188,2.595898668354e-05,0.0108692209907399
"FXR1_FXR2",-0.209320807808777,0.0718484496726451,0.0316189050277146,0.115351303715599,0.515154476224523,0.76279068309481,0.0566738415277631,0.462744219338157,0.66247329797316
"G3BP1_G3BP2",-0.611572420696601,-0.968316873234939,-0.569743656816516,0.000114734994457617,1.18967983669618e-05,0.000147170824868671,1.1577467031974e-05,1.47602957406474e-06,1.86245957029832e-05
"GABARAP_GABARAPL2",-0.16366340062913,-0.339330803883058,0.0182692608942873,0.241649104663013,0.00451710329596035,0.911343145743849,0.153504145890152,0.00203998213365951,0.861592403296294
"GANAB_GANC",-0.129220622086385,0.0161156186402573,0.168773935822749,0.587130202865144,0.884037779935774,0.0846134885809664,0.485238290846123,0.868682284998924,0.0411072429723151
"GFOD1_GFOD2",-0.457118670688881,-0.408643731754774,0.24443183417576,0.0757676090827351,0.00284208241953621,0.0916508231847501,0.0323375403529291,0.00117068407355586,0.0457117008936347
"GGA1_GGA2",-0.461363253311093,-0.331707757847891,-0.24221386876548,0.00170844621938875,0.000345830076576826,0.014180414421663,0.000296752445055118,0.000100402280296498,0.00467988863047438
"GGA1_GGA3",-0.409493311659181,-0.514863946124086,-0.156796153203104,0.00469311441605457,0.000178989699142161,0.246279971684849,0.00104809006810152,4.52667257511426e-05,0.152306125200475
"GIGYF1_GIGYF2",-0.485922567056234,-0.730444552418526,-0.304489854348679,0.0163465933500798,0.000137966915672942,0.138876349282891,0.00515140782992589,3.18385190014482e-05,0.0744349663650235
"GIT1_GIT2",-1.36430851352353,-0.960640610898056,-1.24401372511755,4.17624090367815e-07,4.68559671005886e-09,1.12255807321188e-08,1.03628806542882e-08,1.27894699282004e-10,2.78550390375157e-10
"GLB1_GLB1L",-0.0324001876503501,-0.106615551517673,-0.00404784482698037,0.837446503406894,0.267639991656624,0.974839346926813,0.773027541606364,0.216502822034887,0.967582478339268
"GNA12_GNA13",-0.354422415633385,-0.597395293025734,-0.35842619057039,0.0102514620498746,0.000998526396649035,0.000586655901242684,0.00282360369115652,0.000356793551159953,9.57105358343311e-05
"GNG10_GNG5",0.0593522692431963,-0.15640548998779,-0.276468298219028,0.883275387353163,0.419237261867496,0.176122337899024,0.836134732754679,0.360980967414445,0.0989258296236125
"GNPDA1_GNPDA2",0.242222183992187,-0.0823941617570963,0.115954869019518,0.0500200189377239,0.152636656215581,0.203534156030143,0.0194867071295848,0.115519057433628,0.119230091785919
"GOLPH3_GOLPH3L",-0.584606466209748,-0.0502172505040976,0.0873632420899865,4.88354720492023e-05,0.478153096306517,0.484966805904021,4.12011426717836e-06,0.423472309332981,0.364236622287992
"GON4L_YY1AP1",-0.292549557404421,-1.0216906202035,-0.665318455820917,0.0766873207590252,7.81502643447465e-07,0.000145787297732443,0.033110654620522,5.42979504132233e-08,1.80877540610972e-05
"GOT1_GOT2",-0.728401210545301,-0.669655395624424,-0.435411408805338,0.0111270676724737,0.000178405010464953,0.000144634339387393,0.0031476072324119,4.42692333659932e-05,1.75467521432116e-05
"GPR107_GPR108",0.470628265093464,-0.215267088960642,0.191986481089564,0.0145281071617708,0.0684763985806839,0.435463981369964,0.00439808703160308,0.0453677380174755,0.319844512370991
"GRK2_GRK3",-0.161212921495043,-0.474576191999923,-0.346313714439896,0.51074697411688,0.00171108658359373,0.0202568702264186,0.406823272187391,0.00063967971255431,0.00729586381346371
"GRK4_GRK6",0.370034050016998,0.00882623605123091,0.269732921429411,0.000660006105280067,0.929750591713223,0.00016871232326468,9.00752749141531e-05,0.922829371427516,2.2187973034809e-05
"GSK3A_GSK3B",NA,-2.96774494043093,-1.86445155703351,1.32951846414396e-07,1.11764900493781e-09,9.03518668215839e-09,1.27014257120032e-09,2.49599033360802e-11,1.79358544558975e-10
"GTF2H2_GTF2H2C",-0.00385458053504592,-0.480549541229885,0.595050293628499,0.987130725807098,0.0295678076617795,0.0107035107415248,0.987130725807098,0.0173885121981184,0.00313403044044647
"HDAC1_HDAC2",-1.03835143339161,-2.21940116756163,-2.41820577849499,0.00140151980378255,1.76093076877251e-06,7.73679489542558e-10,0.000219096147985857,1.39825768240001e-07,1.15188013331398e-11
"HDAC4_HDAC5",-0.33319104797716,-0.0906569237123628,-0.117872537395887,0.011038754323269,0.325609033064901,0.239395065953927,0.0030952338425047,0.267435707058269,0.144349878478422
"HERC3_HERC4",-0.375016108689454,-0.61198003727256,-0.215374323140589,0.0507929335230435,1.52122506005397e-06,0.099848573931808,0.0199448955086487,1.17017312311844e-07,0.0502959317820273
"HEXA_HEXB",0.119445061034852,-0.225230509168222,-0.0677730424204376,0.336358222849336,0.0255532018444069,0.542333544063963,0.241209742936621,0.0147739355576844,0.421222462663963
"HINT1_HINT2",-0.135376398177358,-0.345600332114051,-0.245566589392668,0.119522516717973,0.0108215089518507,0.0139502731416949,0.0610958770320159,0.00550473780429128,0.00455768917920156
"HIPK1_HIPK3",0.262671130223763,-0.0871078033002135,0.360415348487778,0.0876998781651601,0.205595814790334,0.012470954319457,0.0389535438996617,0.161721769946739,0.00383721671367907
"HIST1H4H_HIST4H4",-0.487175670928593,-0.75108116620423,-0.27429447514948,0.000599508552383513,4.36297649969823e-06,0.0397959279101289,7.88435565169385e-05,4.11397287812736e-07,0.0170836117331322
"HIST2H2BE_HIST2H2BF",-0.568959697563068,-0.985921310018944,-0.0205865254792161,0.0231175821439031,3.7611619270844e-06,0.927958441381993,0.00768673947216629,3.45317596283183e-07,0.895721671706191
"HMG20A_HMG20B",0.111426554394779,-0.0691119703324877,-0.0714340299778761,0.336519365791444,0.566832556497646,0.694342533087635,0.242160337666299,0.521823519753416,0.587102004488772
"HNRNPF_HNRNPH3",-0.341025600256492,-0.328976106223419,-0.14470080248079,0.0405353387875051,0.00101313306769867,0.116473793265927,0.0147576325286307,0.000364526786144683,0.0604045230585078
"HSP90AA1_HSP90AB1",-1.85290112132248,-2.21091891004229,-1.66519649611312,4.15031279668591e-06,2.7984575208826e-07,6.80078118215799e-05,1.64776686717058e-07,1.45825329872294e-08,6.75015501951165e-06
"IFRD1_IFRD2",0.129544912316419,-0.293654421657897,-0.351882298809104,0.654917720295995,0.0874873498879074,0.0050370674865176,0.562807411871577,0.0601339849105468,0.00124989267655523
"ING4_ING5",-0.882979901197226,-0.74096519018901,-0.490027212066807,2.81252989828583e-05,0.000332564743010028,0.00623689560792154,2.09369471336414e-06,9.57258317348963e-05,0.00165594995049033
"IP6K1_IP6K2",-0.257856324023017,-0.15717702732152,-0.0459509627915085,0.201379425117441,0.224887325253461,0.750307366384491,0.117929390391355,0.179128613911566,0.64418448826063
"IQGAP1_IQGAP3",-0.687091595678492,-0.151677552026468,-0.237934427446211,1.85855007958947e-06,0.132795459712133,0.000586655901242684,5.5341441575865e-08,0.0985256636573893,9.60776413945834e-05
"IRF2BP1_IRF2BPL",-0.221433431965576,-0.335733139588174,-0.362786592931706,0.189876012669661,0.118337310446924,0.0230183749713616,0.108837118924793,0.0839813170913655,0.00873898603131097
"ITSN1_ITSN2",-0.413457645581621,-0.412562360370248,0.344502013779298,4.85262320442919e-05,0.00781811751771044,0.0551873691147552,3.97361205325467e-06,0.00378296008921473,0.0252507653662676
"JAK1_TYK2",-0.482503902184127,-0.497232636543029,-0.192891224079637,0.000823997457378859,2.27942038389973e-05,0.105677561704487,0.000116545546080881,3.67648449016085e-06,0.0534943488528916
"JOSD1_JOSD2",-0.0324352533173375,-0.331112660909034,-0.143811487660801,0.860313125099032,0.0452006340542759,0.355512017885275,0.804809052511998,0.0278157748026313,0.247005868505898
"JRKL_TIGD2",-0.0199835010759662,0.00685043648958799,0.35773132371984,0.889879483100381,0.94009382980986,0.00138149147196694,0.856757417972576,0.937761090778074,0.000253673372023707
"KAT6A_KAT6B",-0.364859021271156,-0.134419498478869,-0.197118989919486,0.101101067180852,0.491403758011197,0.0256584108507185,0.0479163866787661,0.436532370640219,0.00999431063095676
"KATNA1_KATNAL1",-0.394544527879355,-0.230127121736507,-0.384306430714492,0.0460382622371714,0.00231106224566573,0.0105856019778753,0.0175095567710092,0.000911808677570351,0.00304697228147279
"KBTBD6_KBTBD7",0.212247614336768,-0.0849404546140758,0.294915178550813,0.255919239942275,0.543444882888566,0.00811638962519118,0.165744222394376,0.49355043954644,0.00225567155836579
"KCTD17_KCTD2",0.406755559077672,-0.196072266025335,0.105549100228334,0.00229936311321141,0.00273431635304946,0.246225778454797,0.000422215559249738,0.00111865080823631,0.15091257389165
"KCTD2_KCTD5",0.171928368157697,-0.23557354445871,-0.0304498069138075,0.084287892358577,0.000592021014139674,0.806575817876993,0.0372288953841854,0.000195627551417659,0.730677327961837
"KDELR1_KDELR2",-2.25829454585796,-1.71334806947997,-1.75599335103898,2.32049029581038e-07,4.27770434801901e-07,5.92478152023554e-08,3.21955036981944e-09,2.54751623703365e-08,2.35227057875357e-09
"KDM5A_KDM5B",0.0258683515540874,-0.0402956627767811,0.318507007649947,0.844635992450831,0.637349640481279,0.00164928617351756,0.783855734929555,0.598082629280249,0.000323309200267709
"KIF3A_KIF3B",-0.0678586126916427,-0.18158323328378,0.341305263340998,0.709556077642317,0.0865889023625628,0.0139502731416949,0.630325250114018,0.0593015807743606,0.0044683603009941
"KLC1_KLC4",NA,-0.620619418956127,-0.154448511107946,0.422763845621918,0.00386475079438114,0.484966805904021,0.315402754329882,0.0017070115171212,0.365461203505172
"KLHL17_KLHL20",-0.428374974337792,-0.228803349042334,-0.316238413101424,0.00290122659002311,0.0493585163722327,0.0163336990321916,0.000575925873949998,0.0311093378623997,0.0056337076066368
"KYAT1_KYAT3",-0.569118507949135,-0.520783603184908,-0.547101322698192,1.2195744314661e-05,0.00428317290892186,0.00197870809692733,5.74985463966649e-07,0.00191307971118098,0.000404567079358409
"L3MBTL2_MBTD1",-0.33456321638277,-0.203228646037621,-0.131554465695367,0.0405353387875051,0.053104234130451,0.132951442165781,0.014785843180554,0.0338654793338112,0.0705995251202908
"LATS1_LATS2",0.113492607534613,0.141814304253733,0.251836495732848,0.305889066317734,0.251644363911782,0.0150215984412851,0.21404644342829,0.201690147750634,0.00499477466782184
"LIN7B_LIN7C",-0.10853391884825,-0.558058080502809,-0.393327909953591,0.255125407491369,5.91898376038297e-06,6.33718243209061e-05,0.163330906036658,6.16866793886067e-07,6.13275719234575e-06
"LMAN2_LMAN2L",-0.257597146492208,-0.343004067431424,-0.285809964998558,0.134297595517384,0.000764721835911227,0.0333669280234275,0.0709811112784186,0.000265660191135414,0.0136613973296912
"LMBR1_LMBR1L",0.264987260792582,-0.0616729986408817,0.209892333149383,0.0964623381318795,0.544369796162669,0.0177601777471489,0.0449998004188421,0.497092022302388,0.0061697887955356
"LMNB1_LMNB2",0.258403222334397,-0.0749193429841588,-0.293845978497893,0.206972768669915,0.571782784267746,0.0342277038545572,0.123259217073895,0.530637124853938,0.0142686209617013
"LPIN1_LPIN2",-0.330618218850869,-0.579174463464868,0.0427723641537423,0.0230706679120313,0.000239411778278839,0.79829753359381,0.00761389288411951,6.46468421927185e-05,0.717081159208335
"LRBA_NBEA",0.0610438498048789,-0.239101958777668,-0.0439361094827684,0.701086435834675,0.0238871356996679,0.792974351556859,0.618592575068179,0.0135735833132108,0.702461150138458
"LSM14A_LSM14B",0.106402181535101,-0.229697385264252,0.16680808462299,0.545414927377806,0.183428276398705,0.208205610190135,0.445264295551609,0.142919302206435,0.123476776266606
"MAFG_MAFK",-0.727785685203056,-1.02145207926471,-1.11896140194425,0.489649829891671,0.169029192251249,0.323210244166397,0.385158799195185,0.130441882853941,0.222156917206184
"MAP2K1_MAP2K2",0.131204577436819,-0.434515919123059,-0.855898207274814,0.654917720295995,0.0938020054288347,0.00727865196956229,0.56052671056833,0.0649398499122702,0.00198672882543884
"MAP3K10_MAP3K11",-0.162692750135934,-0.0567208260054781,0.126212492631326,0.378875079781073,0.768310529357473,0.413143221886138,0.278280455620838,0.741619840992697,0.299349431242562
"MAP3K10_MAP3K9",-0.31088396742995,-0.395708115223685,-0.299262048781184,0.0147622072517668,0.000680414631910809,0.00283986523308239,0.00450558682870303,0.000229618833597692,0.000648306703333944
"MAP3K2_MAP3K3",-0.0531577153413653,-0.317320744700248,0.0698100125017229,0.684635471431161,0.000432418703171959,0.443324039404787,0.596295410601334,0.000129578827588477,0.327817776036294
"MAPK11_MAPK12",-0.261873518995485,-0.248161677343383,0.153774346067025,0.160011485661112,0.0839534479329311,0.316173893123161,0.0877482340722227,0.0570800117459631,0.211869702849435
"MAPK1_MAPK3",-1.58634622114035,-2.39834863178624,-1.79743423767154,0.000175906352183272,2.08789547131758e-07,1.11695602312458e-05,1.98005742859568e-05,1.03617641256455e-08,8.31480910514578e-07
"MAPK8IP3_SPAG9",-0.653395026497795,-0.558456927118597,-0.0937914163845638,0.0924843072552608,0.00617737172169578,0.572341598875817,0.0421612895225299,0.0029124085040253,0.453044590673413
"MAPKAPK2_MAPKAPK3",-0.400898054375213,-0.326613085407449,0.0491101478290123,0.0460382622371714,0.000231975323417364,0.587200572403748,0.0172908231478321,6.15914630413348e-05,0.466263481809428
"MARK3_MARK4",-0.342593075967003,-0.679541658120391,-0.281237605031021,0.0679839692605497,0.00018366922360844,0.0202568702264186,0.0281720170384908,4.73985093183071e-05,0.00733871725324346
"MBD2_MBD3",-0.393844296505203,-0.578845855546146,-0.158171458072292,0.195217000113975,0.0364860464206357,0.258134731276861,0.112867397088229,0.0221813433574584,0.162695339315937
"ME2_ME3",0.112584465047653,-0.213060820113919,0.129696830353377,0.286978809821319,0.0241399193339776,0.0763336941961757,0.197253425112917,0.0138969262667067,0.0357991766825737
"MED13_MED13L",-0.487179597165897,-0.681119334627104,-0.193042383309755,0.00114874830729967,0.00047367993288691,0.118350997878812,0.000171029524660001,0.000143396902759809,0.0619654108000729
"MEF2A_MEF2D",-0.290327006333575,0.127925095887275,0.159659999252338,0.0458048754809178,0.412145622114564,0.29403447232041,0.0170489610971158,0.352829378733312,0.193531029263643
"METTL2A_METTL2B",0.135326903388487,-0.523152144372022,-0.0565406552154094,0.463859258241038,0.000563799939322313,0.622077091379368,0.356933685976529,0.000180282483731957,0.501675073693039
"MEX3B_MEX3C",-0.107080105492668,-0.306461190478677,-0.0679705361105293,0.463753980950125,0.00469090281761645,0.542333544063963,0.355583077204934,0.0021417521549415,0.422562612496488
"MEX3B_MEX3D",-0.159536082017254,-0.44715442652034,-0.352338576523821,0.226412157906388,0.000432418703171959,0.0377519115446773,0.139330558711624,0.000129832910877933,0.0160188011765256
"MFAP3_MFAP3L",-0.00364104053370341,-0.307963640455563,-0.0356634071319504,0.982688691323593,0.108811966105047,0.793136728278472,0.976382223948863,0.0764113806643382,0.704573073756062
"MFSD14A_MFSD14B",0.244219337441268,-0.14980042124535,0.26372966886617,0.0939046077657095,0.197940814599437,0.0335901455235912,0.0435736021146096,0.155209174723132,0.0138361393471864
"MKNK1_MKNK2",0.284134900224362,-0.51913738966625,-0.236459470940408,0.138585191181515,6.69377826239884e-05,0.0209818554893347,0.0735911437043282,1.34539960112731e-05,0.00775755947372424
"MOAP1_PNMA1",-0.71970845352561,-0.540637924472534,-0.506973079881964,6.52116358409813e-05,1.04488571426523e-05,0.00234143205009823,5.82535704782959e-06,1.1953453933861e-06,0.000511280447664129
"MOB1B_MOB3A",-0.184605540304853,-0.146297463397539,-0.0880223193525166,0.0924843072552608,0.0320399429041632,0.246279971684849,0.0418822612717844,0.0190013557173573,0.152779138762313
"MPP2_MPP6",0.0854642038016884,-0.196656327669467,0.244091125386937,0.496286633903073,0.0780629441480203,0.0551873691147552,0.391610793005402,0.0524939401094628,0.0253341520750117
"MPST_TST",-0.0762896362002387,-0.416290639643481,-0.138406042861189,0.747709752196832,0.024059453981937,0.497034988339981,0.673495384733127,0.0137312020244305,0.38110126897532
"MRFAP1_MRFAP1L1",0.162336868406441,-0.305991315234806,-0.0700795760474848,0.267634796971452,0.00469090281761645,0.691813244940206,0.176383336207777,0.00213052313410986,0.580230463498237
"MTHFD2_MTHFD2L",0.089787107695814,-0.345723138053298,-0.0570125838466523,0.453468587611766,0.00945238520064662,0.484966805904021,0.345446293788615,0.00471446507526048,0.365831039689386
"MTMR3_MTMR4",-0.967601829033525,-0.972121375465035,-1.00862367010517,0.00197327987717841,0.000836081165663382,0.00158399740786024,0.000348680345076872,0.000292524675827635,0.000304872823572093
"MYL12A_MYL12B",-0.86485512248527,-0.589307409519633,-0.879596027284263,0.00212767517210992,0.0150335419507937,0.0340287652475331,0.00038541014283877,0.0082068963503092,0.0141012501149827
"MYL6_MYL6B",-0.517459075986647,-0.415961372369814,0.0215592312009003,0.0127635018072845,4.82463936098688e-05,0.784060027791865,0.00376887522349095,8.85913927327616e-06,0.688442885273378
"MZT2A_MZT2B",-0.320361430417157,-0.305168214449017,0.037311940277087,0.115553915050973,0.103980426737189,0.85661237287083,0.0573468561047012,0.0723780196759292,0.792844702433795
"NACC1_NACC2",0.0114433636995681,-0.0157012074311048,0.0356286558959023,0.943966104578186,0.916473598435402,0.795056234714524,0.925227323345865,0.905102958256303,0.710001650897286
"NAP1L1_NAP1L4",-0.571034881330133,-0.292085232023494,-0.815578748524714,2.2286970702347e-05,0.00762051702812499,8.87704859203765e-05,1.31480388057189e-06,0.00366843747755893,9.69206297889967e-06
"NDFIP1_NDFIP2",-0.197044746571091,-0.588130840174495,-0.533266719451738,0.529383101774533,0.00736258832370314,0.00551227525968034,0.424306220226973,0.00352600383740622,0.00139516644289676
"NFIA_NFIC",-0.0961617372312221,-0.535606017185746,-0.236448775753617,0.363630335177097,1.72223692713482e-05,0.16719028211385,0.266181014583731,2.47865364203026e-06,0.0925147218644878
"NIPSNAP1_NIPSNAP2",0.403121098059871,-0.183057001056489,0.114761700629952,0.0723602233588569,0.0557194662376439,0.176122337899024,0.0301650558915334,0.0359480427339638,0.0992053863599961
"NKIRAS1_NKIRAS2",0.101523870498368,-0.0449994144141633,-0.0741168113496599,0.353627866691601,0.647810978762212,0.546149977450905,0.256226642863393,0.610839136301838,0.428246632442893
"NLN_THOP1",0.143426972322957,-0.047547535762168,0.244287302655889,0.433857584144319,0.50855296085126,0.0159781210712521,0.325124045686313,0.453534812469866,0.00543176820536361
"NME1_NME2",-0.162848791395581,-0.151754520374197,-0.166088601953749,0.186133280770745,0.0466063387321907,0.0527356962682162,0.105768042919356,0.0289121208016071,0.0238161208953234
"NOTCH1_NOTCH2",0.481345205566042,0.0834861465082099,0.580545978795392,0.0460382622371714,0.676056890353365,0.000513411780038351,0.0175927850732615,0.642505679913992,8.02604023385015e-05
"NR1D1_NR1D2",-0.151130503554718,-0.364552793801449,-0.252900843117918,0.238967801789985,0.0108318633822611,0.0824082413321422,0.150087810906939,0.00556376109212913,0.0394659815809019
"NR2C1_NR2C2",0.121887665227305,-0.620611848164119,-0.424461629259937,0.565069745001947,0.00269385154170309,0.0330954370686887,0.465516514492919,0.0010828882127938,0.0133795794806608
"NT5DC2_NT5DC3",-0.150855722605404,-0.145683349329311,-0.330537838704184,0.587130202865144,0.512319792553326,0.244551469262355,0.489169028356657,0.458926662808314,0.149188134879664
"NUCB1_NUCB2",0.161809161078342,-0.0908188250610365,-0.118639070555846,0.384559520151023,0.353099159133227,0.0846134885809664,0.283409869689464,0.29351915213308,0.0411519696324303
"NUMB_NUMBL",-0.181981807149864,-0.530774265977873,-0.0378906865370101,0.302654052360718,0.00199257480622151,0.691196998426354,0.211031733780054,0.000761430571111941,0.575637838310119
"OAZ1_OAZ2",0.326124971968537,-0.264896862473178,-0.36859047987422,0.1610354330197,0.14260023905741,0.016269693244585,0.089108936881869,0.107569411100379,0.0055712597214708
"ORMDL1_ORMDL3",-0.194013612406635,-0.52772306150209,0.0507558597215351,0.270150522342084,4.60540654724469e-05,0.774924097627027,0.17965344910094,8.15857214906912e-06,0.676856780061324
"ORMDL2_ORMDL3",-0.200532635405783,-0.414964057462744,-0.192710742481969,0.220200815945708,0.000239411778278839,0.0182884988777227,0.134961790418337,6.47540541746735e-05,0.00644408645319261
"OSBPL3_OSBPL7",0.129273132330395,0.313897601361195,0.105728103604672,0.155164433274324,0.00344411556587267,0.388684608778757,0.0843201262706625,0.00148703748997976,0.275702180641705
"PABPC1L_PABPC4",0.217082840837366,-0.0272743076145016,-0.14691093708711,0.312990692437327,0.888656455624371,0.443324039404787,0.219792471364177,0.875425838419045,0.327554939909069
"PACS1_PACS2",-0.0227378034735372,-0.268956204686108,-0.151845713258518,0.883275387353163,0.0157519895114224,0.294467968603983,0.837992500565436,0.00871636144180448,0.195824852570391
"PACSIN2_PACSIN3",-0.00262369536113555,-0.515225705547979,-0.0890443414298309,0.982688691323593,0.00273431635304946,0.404643577736787,0.980250257846363,0.00111950917680685,0.290178645076753
"PAFAH1B2_PAFAH1B3",-0.262556553157491,-0.346451353024198,0.106490560016633,0.0068890009654769,0.00010785438880969,0.319317909461559,0.00163935654567124,2.35513305589397e-05,0.216648918188109
"PANK1_PANK3",0.239187877627347,-0.176196450032386,0.391034601538728,0.0374406666914922,0.0626450063180441,1.98869355909061e-05,0.0132853978582714,0.0411933664374236,1.67780598037421e-06
"PANK2_PANK3",0.00260263682374895,-0.231032541289624,0.219246025107134,0.982688691323593,0.00386475079438114,0.0114819313387562,0.979665128233896,0.00170489012373431,0.00347591966086417
"PAPOLA_PAPOLG",-1.1602237536069,-2.21668500154637,-1.83944384804468,0.000257047681862283,5.42570929855915e-10,1.87398515393578e-08,3.12539365043471e-05,8.07797910455457e-12,6.04511339979284e-10
"PBX2_PBX3",-0.169123271657405,-0.400246897428543,-0.153166348472048,0.279725558753622,0.00273431635304946,0.0815460385609435,0.188103291370302,0.00111035115070304,0.0384460231428766
"PBX2_PBX4",-0.0553214138265332,-0.346496791384402,-0.0110363075000228,0.791438747470284,0.0110111452070188,0.95632527990132,0.721606241371569,0.00573781760167232,0.940783524630057
"PCMTD1_PCMTD2",-0.106032299749734,-0.407765509756609,0.041834570563075,0.504609937039467,0.00237786889885825,0.806575817876993,0.400682828418435,0.000944067056618661,0.727547667752845
"PCNX1_PCNX3",-0.141872641895786,-0.473247256413022,-0.331894683234986,0.270126891800851,0.000246801712681919,0.00577305612056718,0.17896744444374,6.85167200152368e-05,0.00148982093433992
"PDIK1L_STK35",-0.125676077853086,-0.0350895586596193,0.0716644961817411,0.298878947006142,0.721986249825166,0.609693565992654,0.206916194081175,0.689738725019079,0.487149697889912
"PHLPP1_PHLPP2",-0.243181957818466,-0.19329061703943,-0.198068206784267,0.00920081175819185,0.0503671592024309,0.0107035107415248,0.00238535469610666,0.03187003870129,0.00312716819371612
"PHTF1_PHTF2",-0.0370649435222387,-0.16043789720466,0.0944581222650732,0.844635992450831,0.0606362530268789,0.237423832532607,0.783436523979259,0.0394210875757873,0.142572127724295
"PIP5K1A_PIP5K1C",-1.17658834983769,-0.79430501849427,-1.39505754181464,0.00256557074477881,2.22900212130639e-05,0.00158399740786024,0.000492027827718163,3.48454425911421e-06,0.00030658014345682
"PITPNA_PITPNB",-2.10124896987619,-2.06710402110778,-2.70501507593581,3.98688781499517e-07,2.77454577347824e-06,4.0038016972046e-10,8.90371968609342e-09,2.34080784859206e-07,4.96749590223896e-12
"PITPNM1_PITPNM2",0.0461987450729741,-0.573291380775425,-0.315552672181506,0.791438747470284,0.000527610473780155,0.0012352934350437,0.722703372379812,0.000163650891371016,0.000217632342154102
"PKN1_PKN3",0.0648691281803579,0.0805714294808117,0.379520356156158,0.698903750511969,0.535292056395918,0.0232841879382219,0.61219112637897,0.483489599325345,0.00889767975803021
"PKN2_PKN3",-0.168644567389065,-0.187563522740244,-0.0713890222420081,0.238741457728416,0.0514907873140001,0.691196998426354,0.149287462400896,0.0327087879711762,0.577998482555041
"PLCD1_PLCD4",-0.0262351551313199,0.0815926837477583,0.201253968606394,0.888986254291751,0.478153096306517,0.0821208432363898,0.851485593440734,0.423574827249198,0.0391245704749053
"PLEKHF1_PLEKHF2",NA,-0.244508434949977,-0.0830552546898328,0.533934525370893,0.125714259321372,0.426628033625274,0.431917258736752,0.0910504050158902,0.311237324778736
"PPARA_PPARD",0.153855272348253,0.0172240074184208,-0.386818998845149,0.215145883404719,0.9271574356382,0.203534156030143,0.131329745204866,0.917954880445761,0.119696265456933
"PPIP5K1_PPIP5K2",0.26034145691053,-0.0664187708044001,-0.0197407450991202,0.149258802899648,0.637349640481279,0.87061244079975,0.0807404938762365,0.599393334348399,0.810123238957583
"PPM1A_PPM1B",0.225152930952465,-0.593771841367424,-0.262847565421583,0.280668863857546,6.74996092984493e-06,4.44068027543548e-06,0.189434071884001,7.53717721694843e-07,2.75476443885575e-07
"PPP1CC_PPP2CB",0.369723561000075,0.292634707413867,0.210958309560595,7.10188807634934e-05,8.57173448290874e-05,0.0228401529982154,6.63662819629654e-06,1.8292038846902e-05,0.00857587540378508
"PPP3CA_PPP3CB",-0.237084548743118,-0.0515527955447105,0.185016816404749,0.117513207310339,0.50855296085126,0.0418430602167924,0.0591939977270442,0.454290486120232,0.0180662344360344
"PPP3CB_PPP3CC",0.141637479695441,0.109505178659028,0.376978829093471,0.255714140037032,0.211793502089292,5.95653429103659e-06,0.164976864540021,0.167647958229489,3.84292534905586e-07
"PRDX1_PRDX3",-0.360763804394041,-0.304271238708719,-0.0708271123852986,0.0526650696910255,0.0350411042816417,0.528978479385837,0.0209092088103327,0.0210420526951794,0.409531725976132
"PRKACA_PRKACB",-0.289132197078482,-0.137221191564258,-0.0156785306738151,0.0939046077657095,0.266752625221315,0.927396995138114,0.0434217243133232,0.214745959411481,0.883673563605548
"PRKAG1_PRKAG2",-0.0503094933804505,-0.28138308176242,0.278021312012004,0.684635471431161,0.0146005295404686,0.0139502731416949,0.594691034292202,0.00787962575005645,0.0045623672321936
"PRPSAP1_PRPSAP2",0.12728928712259,0.132836570998176,0.109962664048634,0.44025641704787,0.159550210178063,0.254864044279355,0.331836038987548,0.122138149106795,0.159369079797512
"PSEN1_PSEN2",-0.26499677336016,-0.700813073933704,-0.14400395424104,0.00822789641590289,0.000215130797012332,0.173744042958791,0.00206207825807988,5.65852716707375e-05,0.0965723712723799
"PTP4A1_PTP4A2",-2.56985371410634,-2.84351188777448,-1.75983033974005,2.06546420425145e-08,3.10391247368245e-12,1.21081188441512e-06,5.12522135049987e-11,3.08080642549126e-14,6.9103407795404e-08
"PUM1_PUM2",-0.463917486740871,-0.607050313983503,-0.135598648468698,0.00586667032268601,0.000710685263291053,0.62343842183176,0.00135384699754293,0.000243361206784529,0.507413901639745
"PURA_PURB",0.218590608333313,-0.27700861672106,-0.180641078760387,0.463859258241038,0.0196734887739845,0.201003010944288,0.357965829560701,0.0110815929322444,0.117210192486123
"PYCR1_PYCR2",-0.317569290767849,-1.39228269326861,0.0764244609063908,0.261198376919989,1.31370132187863e-06,0.322158105972366,0.170459486674832,9.7794143067888e-08,0.220634335603904
"R3HDM1_R3HDM2",0.398774853996203,-0.0256221264150605,-0.0455349444742693,0.0138406171165241,0.766604216327338,0.548012190171586,0.00415561953126406,0.738070560632772,0.431066660755317
"RAB40B_RAB40C",0.0142819961099734,-0.171364458258927,0.0017546195291231,0.888115503117611,0.13212241445114,0.976047521624542,0.846244052598418,0.0976984603137461,0.97362556747659
"RABL2A_RABL2B",0.315890068580696,0.300531261776815,0.295114902378844,0.00317429865517438,0.000645084894330181,0.00946303266582216,0.000658553206742453,0.000216095436065942,0.00265340618173177
"RAD23A_RAD23B",-0.266004078463693,-0.515096585170938,-0.704582489707297,0.163900600776843,0.00205897814826094,0.0061608322758956,0.0911010783474262,0.000797023799326814,0.00162046705023557
"RALGAPA1_RALGAPA2",-0.156009140637403,-0.593858396356015,-0.0191744737907887,0.279029220269026,6.11126918543469e-05,0.927509379125208,0.186250273579077,1.19799073362119e-05,0.890685185413041
"RALGPS1_RALGPS2",-0.491820473047752,-0.3523701067019,-0.184465116783209,0.000114734994457617,0.00377242209757917,0.0459668176610031,1.16727909994102e-05,0.00164750940241671,0.0203029616467954
"RANBP10_RANBP9",-0.187071608636557,-0.585155351962845,-0.368507650006451,0.283603242822302,2.34898278489898e-05,0.000102794394187542,0.193748865198262,3.90525673916208e-06,1.19884281062394e-05
"RAPGEF2_RAPGEF6",0.101135665883004,-0.396844638604887,-0.140084827932063,0.451112431193603,0.00307670086501664,0.176122337899024,0.342532019715242,0.00129022939500698,0.0990780750660366
"RARA_RARG",0.472153531905991,-0.343955992514126,-0.0816462158767105,2.77180017001319e-05,0.0127199438344463,0.595162753709276,1.92581649529453e-06,0.00678607425410906,0.474062640051309
"RBL1_RBL2",-0.130126743154662,-0.470910035881367,-0.262958864148691,0.283603242822302,0.0022488410134634,0.0330954370686887,0.194229516176068,0.000876099352639589,0.0133859956382041
"RBM4_RBM4B",0.207551424730786,-0.180728859004061,-0.0226262679230435,0.114094091610542,0.159550210178063,0.888020158644152,0.0557730423009348,0.122335024677473,0.83072853550582
"RBMS1_RBMS2",-0.248753701868639,-0.210442524931173,-0.0132897124254355,0.0766873207590252,0.00989459782210083,0.917575869873649,0.0330094049030083,0.00495957508700836,0.86976174265939
"RC3H1_RC3H2",-0.241077311429487,-0.830445016471712,-0.872557620448284,0.0756913192660137,2.99565397985156e-06,2.06880978067764e-06,0.0321171602840902,2.67601844353986e-07,1.23204552695442e-07
"RCBTB1_RCBTB2",0.442497717430349,-0.0286285530911782,0.0836499610635605,0.0805784693350372,0.787840703423504,0.345577644948874,0.0349906504556613,0.767574336233985,0.23838854912106
"RFX1_RFX2",-0.184807679680973,-0.0690325393451859,-0.0274469156551735,0.504609937039467,0.452632723898,0.819427990822068,0.400070943633598,0.393105343335732,0.746228468068732
"RHOC_RHOG",-0.390981924309366,-0.383694299645911,-0.273071218618361,0.0435952692329837,0.00310062446593684,0.0478895698572933,0.0161183501630635,0.0013079557300478,0.0215087149979407
"RIC8A_RIC8B",0.148265857796294,-0.0181824614486761,0.0402781508228546,0.283603242822302,0.812815555210113,0.750580962411518,0.192899423713874,0.794663346781103,0.646281870860538
"RING1_RNF2",0.437786487817927,-0.500235635537504,-0.749528573585958,0.00197327987717841,0.000107467471728897,4.08465173295589e-08,0.000352546280786218,2.32001737975534e-05,1.5203418360878e-09
"RNF122_RNF24",0.0921692946584941,-0.222051581676869,-0.224034552153282,0.587130202865144,0.00410570519107394,5.34000158003692e-05,0.488456401410394,0.00182362587891374,5.03523722187104e-06
"RNF185_RNF5",-0.0994606997013621,-0.230309473033949,0.0915215521122035,0.599654607454163,0.142273692285771,0.316173893123161,0.502936122380911,0.106970046557292,0.213364855003921
"RNF19A_RNF19B",-1.23917798104095,-0.804514710674537,-0.79141215731232,2.47984636801924e-06,1.41719082702106e-05,4.6418416594546e-07,8.87785300189917e-08,1.89896537615725e-06,2.18846132827884e-08
"RNF38_RNF44",0.204245675352547,0.112916949692118,0.0414929469998119,0.106919666074363,0.169387860056356,0.744504049151975,0.0512584596404565,0.131138988430728,0.637354583020922
"ROCK1_ROCK2",-0.808865634582569,-0.516459833250604,-0.888012035336908,0.00814592222794139,0.00732925722017094,0.000462268842766744,0.00200110744557369,0.00349185455650824,6.53829380588199e-05
"RPS6KB1_RPS6KB2",-0.464338527096187,-0.378657398316849,-0.461870633193672,3.25755235941374e-07,0.000173501923141177,2.95121960032914e-08,6.46660517997764e-09,4.26220605235149e-05,1.02523757827811e-09
"RSBN1_RSBN1L",-0.0341569660729331,-0.112260161317664,0.0170504967411117,0.860313125099032,0.38888163656488,0.927509379125208,0.804788913819574,0.328088725637864,0.889170490556003
"SAFB_SAFB2",-1.62935922893097,-1.49943555479828,-0.617298005376988,2.21777765465675e-05,3.92979585203331e-05,0.0879346314191759,1.21069747896894e-06,6.7284345853672e-06,0.0429854153587535
"SAP30_SAP30L",-0.0756226427555988,-0.0887527256662781,0.10436580962553,0.475688005837193,0.218610091117492,0.246279971684849,0.371815686944704,0.173586176569721,0.151747150193618
"SAR1A_SAR1B",-1.91174955609565,-2.65100919961792,-2.63097364672292,1.40284396511331e-06,9.72306636058974e-10,1.00049367393173e-13,3.82910263430432e-08,1.93013724279697e-11,4.96522915102594e-16
"SBF1_SBF2",0.251525259423167,0.0305591927222474,0.110297292923901,0.0339837580150064,0.782814525634639,0.246691056009699,0.0119744259010693,0.759504911968099,0.153646290467579
"SCAMP2_SCAMP3",-0.547337596746822,-0.68016877927532,-0.355248125087986,0.0116709917169482,0.000127123466902636,0.00301538725454002,0.00337774534610186,2.87052989780146e-05,0.000703340947709087
"SCRN2_SCRN3",-0.416600070977637,-0.739086181835572,-0.488132136122544,0.00271210107991691,3.20437937183867e-08,0.000492270838065538,0.00053165256901597,1.11318390088688e-09,7.45124593597961e-05
"SEC24A_SEC24B",-0.744423986707132,-1.12334441748597,-1.54294009719903,0.00317429865517438,0.000135810102722837,8.0322596782882e-06,0.000661640414478035,3.10037951625336e-05,5.51702850110979e-07
"SEPT11_SEPT8",-0.0377592245419141,-0.485936620798755,-0.0832383794810399,0.837446503406894,1.21077319931619e-05,0.5433314456326,0.771232145130372,1.5923319991007e-06,0.424688350804638
"SERINC1_SERINC3",0.0131828030010446,0.169296327788976,-0.12107989686805,0.947178363467601,0.111831013900089,0.357560430760033,0.93325922517677,0.079086449036043,0.249316330132926
"SESN1_SESN2",-0.351193692959886,-0.43067172413731,-0.63860880415683,0.00919775159514153,0.000561617246900443,9.17929593504014e-05,0.00235079010992451,0.000176986080288725,1.02498341706404e-05
"SFXN1_SFXN2",-0.553330832753763,-0.101451345466799,0.158037466080997,0.00530261997569034,0.476209390518934,0.0435913543735974,0.00121052366690698,0.417126339586064,0.0191455824420018
"SGTA_SGTB",-0.159760472256366,-0.532198321606249,0.0313254189276801,0.1687474919872,1.55055473426572e-05,0.842497701909719,0.0946325885585785,2.15461700046849e-06,0.777690186378203
"SHMT1_SHMT2",-0.727692167333568,-1.03155936772239,-0.399737950056213,0.00126762860059675,9.74495584848295e-07,0.0884140106953723,0.000191874304308689,7.01249924580659e-08,0.0436585313359283
"SIPA1L1_SIPA1L3",-0.242442721718125,-0.381369259646803,-0.0113476942025752,0.115363805533653,0.00199477905497992,0.940703904008328,0.0569662464049552,0.000767222713453816,0.917361375372886
"SLC12A4_SLC12A6",0.24475623715523,-0.397792320749986,0.178607940766508,0.0552762515777958,0.0277899067046898,0.16401627887616,0.0223573920773715,0.0162050324456628,0.0895374227115513
"SLC25A23_SLC25A25",-0.0305878350519412,-0.439915273107799,-0.131780640498914,0.852303150477396,0.000246801712681919,0.13518211084356,0.793086058136534,6.85900541448509e-05,0.0721194884152989
"SLC25A24_SLC25A25",0.227745347110319,-0.190136055163244,-0.0793079414193706,0.200367570587417,0.126318226848192,0.488165843525527,0.116737231346436,0.0922652309159727,0.372044791725316
"SLC25A33_SLC25A36",-0.136843434070316,-0.0914016737277121,-0.302240233222733,0.230552189521953,0.0768224510870461,0.070461690746307,0.142450360275351,0.0514691359640259,0.0326956232495271
"SLC36A1_SLC36A4",0.237105614488833,0.337521027120708,0.344942337133396,0.00385719660847016,0.000885446634547559,7.48408233718702e-05,0.000851837464401598,0.000311993603240083,7.79978804371848e-06
"SLC41A1_SLC41A2",-0.037048588124561,-0.0581632895405237,-0.045147574947665,0.738770407235104,0.476326885844403,0.648449642370383,0.663610142479175,0.418411209898061,0.534206653267909
"SLC41A1_SLC41A3",0.0577805776111731,-0.111493483024049,0.0112439104575252,0.550064503224031,0.266752625221315,0.927509379125208,0.450425027453921,0.215123084855899,0.888177235600348
"SLC4A2_SLC4A3",-0.24972041644964,-0.131698613028402,0.012314222486198,0.315732736459397,0.306641059747347,0.93592397181822,0.222501481772876,0.249573865005285,0.908055267942739
"SMAD1_SMAD2",0.125656954589957,-0.172220671803343,0.236531291474396,0.529383101774533,0.126318226848192,0.00810500516279541,0.425608250558186,0.0927796405634365,0.00223239596295357
"SMAP1_SMAP2",-0.52459763556742,-0.72895429818012,-0.491554038747378,2.79210471061907e-05,5.08054761638057e-07,4.54541637234498e-05,2.00920686372092e-06,3.15170447666288e-08,4.17321106145817e-06
"SMARCA2_SMARCA4",-0.0279960650534605,-0.626176379199013,-0.0271936068582359,0.883275387353163,4.7349885987832e-05,0.884901617298,0.838503325136101,8.57702649407378e-06,0.825615404724685
"SMARCC1_SMARCC2",-0.465971901516436,-0.591256855904861,-0.125903565378222,0.0107582220538064,0.00015175591222242,0.648449642370383,0.00298987808939533,3.65268572843045e-05,0.533834215080937
"SMARCD1_SMARCD2",-0.131928221432108,-0.283007712338181,-0.104286071884038,0.31836921706906,0.012468083490358,0.388684608778757,0.225149446314347,0.00662076890058715,0.276231662420292
"SMURF1_SMURF2",-0.159036098423917,-0.19593029583696,0.0540899065057986,0.0756913192660137,0.0154116600767714,0.454468397068335,0.0319556340108891,0.00845155552597139,0.339441656371138
"SNTA1_SNTB2",-0.216899937381107,-0.368501007395431,-0.270144794590628,0.203803109099792,0.00342227088261332,0.032022347820718,0.119854433887471,0.00146911380320622,0.0127930471442571
"SNX1_SNX2",0.107656465365342,-0.124985333766748,-0.0339947373467055,0.267634796971452,0.175105005200651,0.717523724672655,0.175500108400161,0.135999669051622,0.608915915230889
"SNX5_SNX6",0.0496056381015295,-0.501203164534268,-0.254143412369635,0.701086435834675,0.000163771585639104,0.0551873691147552,0.621061681372156,3.98253483688145e-05,0.0250919214668997
"SOCS4_SOCS5",-0.0118223468367263,-0.166758520334966,-0.195023722182102,0.947178363467601,0.153367952925457,0.0469167976140935,0.935426770868748,0.116453085844143,0.0208389746226371
"SPOP_SPOPL",-0.206866271270557,0.00888746133770629,0.220075692677447,0.173863152407416,0.943098029679268,0.179330583840962,0.097932842671175,0.943098029679268,0.101902490569678
"SPRED1_SPRED2",-0.0875286821146852,0.118432479904963,-0.0320420110812085,0.358877105623567,0.336766237154942,0.773928040787719,0.260920575552618,0.278270860974183,0.674066358105433
"SRSF4_SRSF5",0.0167849292817053,-0.338130920152282,-0.00542647647031133,0.883275387353163,1.63240836601273e-05,0.936358873061757,0.839440380536629,2.30886543083686e-06,0.910800690422354
"SS18_SS18L1",-0.145113727797867,-0.133431567317254,-0.234828346025876,0.647394820600516,0.288577205432459,0.0840220590769439,0.549402056192001,0.234155697708224,0.0404473435755015
"STAM_STAM2",-0.33718466615597,-0.596468304733393,-0.0448994867234288,0.177429170325292,1.55055473426572e-05,0.806575817876993,0.100381763856493,2.13862736968808e-06,0.732522951223274
"STAT1_STAT3",-0.448278174823474,-0.408260505101051,-0.238377511578527,0.00370036584920156,0.00120246476719164,0.00507334086923077,0.000789175888701835,0.000441599964129934,0.00127148245109754
"STK17A_STK17B",-0.127496676571999,-0.166419334911365,0.0328788544724013,0.215006283543789,0.031250954111372,0.691196998426354,0.130177501698969,0.0184558984578326,0.576801723233433
"STK38_STK38L",0.336849955093473,-0.0525729969054823,0.333930472451676,0.0100814594760715,0.571099581514293,0.00229378857287131,0.00270173107547325,0.527168844474732,0.000487541368670098
"STX10_STX6",-0.784913916392869,-0.681872726417269,-0.605776567590812,1.36392242628821e-05,6.67564694519572e-08,1.59612483246654e-05,6.76884578803084e-07,2.65939492590445e-09,1.26739440791388e-06
"STX12_STX7",-0.347972763875061,-0.469645243026724,-0.237473756008174,0.0269125922505993,0.00577541225039042,0.11503610394459,0.00921572637861714,0.0026799059325633,0.0593734730036595
"SUCLA2_SUCLG2",0.0323347450931315,-0.429389228204083,-0.00295206129673852,0.889879483100381,7.9636149089026e-05,0.975149897060764,0.854746595193885,1.65990980731469e-05,0.970310443477336
"SYNGR2_SYNGR3",-0.134268585305561,-0.250230511026025,0.172440608288545,0.200367570587417,0.00305202466400724,0.0884140106953723,0.116839650342539,0.00127230804851915,0.0435265524456111
"TBC1D15_TBC1D17",0.500535750844559,0.219191202016077,0.118641543221095,0.000173455949135701,0.0833443615908557,0.205412317643728,1.89381185160566e-05,0.0564590836583216,0.121310500246172
"TBC1D22A_TBC1D22B",-0.532894496755186,-0.793117358978827,-0.386539944006837,0.000175906352183272,2.07294587153388e-07,0.00495484023301702,2.00786406958574e-05,9.25881530709924e-09,0.00121719400265182
"TCF12_TCF3",-0.581998479444786,-0.55620962466663,-0.318482776115465,0.00309923612066719,0.00251077537135977,0.0126566076326148,0.000630613801227566,0.00100306410617599,0.00392574678430979
"TESK1_TESK2",-0.177700235142653,-0.0708520965095159,0.115890204607108,0.205306171254474,0.55599362269535,0.485918535346728,0.12175725789037,0.50908597214537,0.368568125529042
"TFCP2_UBP1",-0.568579707925998,-0.636104044124104,-0.414717805428039,1.59715195376284e-05,4.47044550889396e-05,0.0136385457749942,8.32262804690315e-07,7.76504182686295e-06,0.00429800325911726
"TIA1_TIAL1",-1.81686879289869,-3.43962413379752,-3.29535955578473,2.2286970702347e-05,1.36020637532576e-12,1.00049367393173e-13,1.32726376391149e-06,4.29375641989239e-15,4.19314724657361e-16
"TMED1_TMED5",-0.0775349881624853,-0.26795361879161,-0.108857144374664,0.536874010124976,0.00109500596720027,0.319317909461559,0.436959492111643,0.000396701913675533,0.217104484348554
"TMED3_TMED7",0.633564699483921,-0.107000633854592,0.501080924662258,0.0157576583159845,0.466180185817752,0.00566159624699258,0.00492671202931524,0.407184678431386,0.00144700847007503
"TMED4_TMED9",-0.604854932653835,-1.08135910244884,-0.732795468945374,0.00241109981764858,5.51455426114116e-05,0.00083379583889863,0.000454698724916357,1.03996556785789e-05,0.000138621144432278
"TMEM14A_TMEM14C",-0.19082231599936,-0.119718430181054,-0.0970926981810116,0.155978138320289,0.206369585460796,0.152703858465611,0.0851493559068575,0.162842501678742,0.0827455984552263
"TMEM14B_TMEM14C",0.407024449118752,0.102643193526746,0.138830093956845,0.00920081175819185,0.307245768654612,0.0435913543735974,0.00239723383277951,0.250828431482301,0.0191196625257265
"TMEM170A_TMEM170B",0.390030004326232,0.110749317486889,-0.0206835646012879,0.0112174483604102,0.381210815152694,0.888440752936587,0.00320100883733791,0.319725199805485,0.833326562307767
"TMEM39A_TMEM39B",-0.205150737964042,-0.604855738275585,-0.139808674979979,0.247409137458823,0.016775678579681,0.16719028211385,0.157777042994833,0.00932444665471102,0.0924150049910645
"TMEM50A_TMEM50B",-0.095834740378638,-0.381536892479308,-0.0160184189013992,0.654917720295995,0.0108318633822611,0.92002725672817,0.563911783976949,0.00554335853972573,0.874368335798732
"TMEM63A_TMEM63B",-0.0804164429034551,-0.117522012273341,-0.2275248310468,0.536874010124976,0.345471914655791,0.0470081458891741,0.436400620158701,0.286321636464105,0.0209961941936758
"TMEM87A_TMEM87B",0.298807447035064,-0.254996933168724,-0.0208103835222487,0.0486195051256041,0.00441964758534558,0.784060027791865,0.0186998096636939,0.00198500300979541,0.688727667092606
"TNKS_TNKS2",-0.607923670549553,-0.384606130902893,-0.624276365958193,0.0320522826565805,0.0364860464206357,0.00587654954803787,0.0111347880196557,0.0220186959810987,0.00153111092442674
"TNPO1_TNPO2",0.205096450481535,-0.76985341907116,-0.886778746578289,0.331929018588976,0.000535959216082187,4.66796130916241e-07,0.236386174528626,0.000167570375251503,2.31660610876546e-08
"TOB1_TOB2",-0.0545147621371637,-0.17057226372934,-0.140897842571958,0.701086435834675,0.121910790085179,0.201003010944288,0.620438112362751,0.0868198430631424,0.116941703143038
"TOM1_TOM1L2",-0.201623069879588,-0.319856831320663,0.00425254030523796,0.14412902058533,0.00335286519527883,0.969064268014291,0.0772502939117403,0.00143099953743911,0.959445764113405
"TOR1A_TOR1B",-1.07060908422887,-1.20399128525687,-0.775911032718573,5.81729683997218e-06,2.6794856402436e-06,0.000483701566198032,2.59829635532256e-07,2.19411975503818e-07,7.13604880294989e-05
"TPM3_TPM4",-0.300641985332977,-0.194821102581808,-0.17180320876055,0.0507929335230435,0.139265348442806,0.29403447232041,0.0200398918862628,0.104362618436048,0.193246483538773
"TRAK1_TRAK2",0.360380873696559,0.117271342837956,-0.0244332750028791,0.00588651852500596,0.138145558207625,0.82285050857945,0.00137303409764407,0.103180677470211,0.751387064906296
"TRIM24_TRIM33",-0.174372360130695,-0.390218290961883,-0.494266736223696,0.406361376413182,0.0540138627520433,0.000369353547862603,0.301493924435587,0.0347136239523057,5.13245624821483e-05
"TRIM34_TRIM5",-0.270674637762422,-0.32406905066704,-0.142308886130927,0.215006283543789,0.0290430562735423,0.293687196494488,0.12991136439033,0.0170078443686253,0.19166186768747
"TSPAN14_TSPAN17",0.0750637921685368,-0.536551039436052,-0.201117627700466,0.686445437731199,4.49728474554431e-06,0.0228401529982154,0.599575171417822,4.35221104407514e-07,0.00861464827724253
"TSPYL1_TSPYL4",-0.109195471509909,0.139410088444507,0.0256515619174302,0.458685091550359,0.359057144810707,0.862407807799564,0.350558332996304,0.299362780785105,0.800348685153938
"TTC30A_TTC30B",0.707689801879528,0.364530740095662,0.4742695275053,4.63039031137755e-05,0.00025274773113246,2.20975455495426e-07,3.65760383312351e-06,7.08697112108388e-05,9.86987146133417e-09
"UBALD1_UBALD2",-0.0395545872851001,-0.262260541438784,-0.247045945842186,0.876789649066256,0.0914092525231743,0.10737966143743,0.824573888327819,0.0630565067033311,0.0546224084235068
"UBAP2_UBAP2L",-0.0462029030739962,-0.531883900705764,-0.175061860535605,0.722221459336185,5.74321631753146e-05,0.0159781210712521,0.646952721638618,1.11159025500609e-05,0.00539616074342585
"UBE2V1_UBE2V2",-1.04010001182748,-1.24097294258367,-0.736900279246707,0.00305750524575853,0.000382300969249921,0.0114819313387562,0.000614535793812509,0.000111939241616602,0.00346927083115361
"UBR1_UBR2",-0.176212428013845,-0.213654142172777,-0.0506455206451163,0.255714140037032,0.0102135330917328,0.622365128503261,0.164422764056607,0.00515638252564496,0.503451692039858
"UBTD1_UBTD2",0.0639352154449859,-0.181889081671573,-0.0427305331077527,0.631945554529052,0.0364860464206357,0.734935894938485,0.533155058411607,0.022107373007573,0.627339820989675
"UCK1_UCK2",-0.151773980857522,-0.473817971625358,-0.32129378465261,0.475688005837193,0.0157519895114224,0.116906095184627,0.371549132711363,0.00868061110376068,0.0609188089051405
"UGGT1_UGGT2",-0.651837255037502,-0.824087502457977,-0.561477824621175,0.0116709917169482,0.0035426088430654,0.00130256831658378,0.00338835243395271,0.00153835371597133,0.000235949099530064
"ULK1_ULK2",-0.348353021667012,-0.480926869184509,-0.176030883896913,0.148415515993297,0.0537664420492999,0.409439837668727,0.0799160470733137,0.0344211961506684,0.294634126362111
"UNC119_UNC119B",0.383063461277182,0.208553257951229,0.0462214950001538,0.126537522444522,0.308664260567703,0.828808771913072,0.0659736983562215,0.252752372177028,0.76094105609885
"UNK_UNKL",-0.155958516241839,-0.220795262739687,-0.0897334202852162,0.654917720295995,0.331442729410528,0.76279068309481,0.562515411651749,0.27304959345979,0.66244071832628
"USP12_USP46",-0.342952934911465,-0.294489718001328,0.400431747981815,0.00814812858000688,0.0109566934815654,0.00148480299509743,0.00202186813399674,0.00565506760338858,0.000280012475502245
"USP15_USP4",0.0224109396873674,-0.454859971357713,-0.182019778957774,0.861381469914471,0.000141413025595868,0.114850172402013,0.807945894857742,3.29846759454382e-05,0.0589925203156742
"USP20_USP33",-0.331295082676054,-0.071455179476,-0.461544673840509,0.0246068699371375,0.776131184469297,0.00478617667413565,0.00830405536340123,0.751094694647707,0.00116388415400817
"USP25_USP28",0.290378655307265,0.0945698138857356,0.160221520631725,0.126537522444522,0.516561620547368,0.354379181510449,0.0662516556719459,0.465289995679143,0.245339433353388
"VAMP1_VAMP2",-0.707808967648005,-0.674804688730367,-0.424402070245121,0.000903112424212021,0.000952489975140947,0.0244509534194803,0.000129976477926296,0.000337980313759691,0.00940421285364628
"VDAC2_VDAC3",-0.0445877073779745,-0.355452747187068,-0.213813183234721,0.779354804999998,0.00943515726205504,0.198409226768302,0.705867255148882,0.00466444099844788,0.113728365715826
"WASF1_WASF2",-0.273912774232404,-0.482932532869877,-0.257723968352722,0.0333826850814446,0.000331140739878873,0.0215192668799878,0.011679798006163,9.44942557967007e-05,0.00800965268485899
"WDFY1_WDFY2",-0.406696730636207,-0.429154444981586,-0.333860378742358,0.000215758993986975,5.71500729572424e-05,0.0114819313387562,2.56983417155702e-05,1.09194928479098e-05,0.00344267320534544
"YIF1A_YIF1B",-0.563468370658846,-0.234596402152902,-1.15101638168156,0.0208048777142739,0.125714259321372,7.95219515340407e-07,0.00681450088904257,0.0907030636637998,4.34114871897989e-08
"YIPF1_YIPF2",0.0121095242131139,0.230112463461438,0.475399305245497,0.944285449832007,0.134086340091396,0.00312856771135649,0.927883469313833,0.0998161340630742,0.00074440577923172
"ZDHHC14_ZDHHC18",-0.333331314793771,-0.343232542696288,-0.389728063557364,0.0182047294613401,0.00871495873115209,8.0322596782882e-06,0.00587249337462584,0.00426016593061281,5.58072632734664e-07
"ZDHHC3_ZDHHC7",0.203373030182227,-0.0445701016229153,-0.132599747930633,0.127276229170838,0.618145332274861,0.179323129581678,0.0669542446258502,0.578264988257128,0.101453284229832
"ZDHHC5_ZDHHC8",0.804040329819616,0.0196157643383901,0.270534946421519,0.00984546329367402,0.865636321905411,0.033331272954931,0.00261405601097549,0.848452474324162,0.0135640912273168
"ZFAND2A_ZFAND2B",0.182327537464112,0.119449045818085,-0.0246695106199204,0.207756063679989,0.398461635864426,0.823036795312439,0.124241219223021,0.33814858428197,0.753599447817097
"ZKSCAN1_ZKSCAN8",-0.0423339110088842,-0.26811403922446,-0.0227954862094859,0.763350412646429,0.026803467632081,0.903630546956155,0.689477792067742,0.0155633037863696,0.849816320834697
"ZKSCAN2_ZSCAN29",-0.117707310619012,-0.338079765510365,-0.206806529107552,0.120401673605341,3.30688595416646e-05,0.00714645494407554,0.0621427992801759,5.57985719313447e-06,0.00193291213127601
"ZKSCAN3_ZKSCAN4",-0.26100184987082,-0.377036227664354,-0.324373969892271,0.0384820844650229,0.00324935072318325,0.000483701566198032,0.0137504222406037,0.0013787567584723,7.20151215183174e-05
"ZMIZ1_ZMIZ2",-0.500575150151502,-0.87030411375023,-0.194405943796311,0.00742555794625391,4.94120909159296e-05,0.29403447232041,0.00180571880578879,9.19579855755513e-06,0.19449760197178
"ZNF133_ZNF169",-0.513168399702687,-0.574347277168874,-0.292350603041096,2.47984636801924e-06,2.99565397985156e-06,0.00113037750436718,8.56334076046494e-08,2.67500509697916e-07,0.000196343487110925
"ZNF136_ZNF627",0.250555211098978,-0.105839769461184,0.156339280385363,0.359568514336118,0.594764386961243,0.142653458006591,0.262315491848185,0.553440806725722,0.0768134004650872
"ZNF143_ZNF76",0.143126017006513,-1.07005862463151,-0.326311095035179,0.587130202865144,0.000527610473780155,0.0376682687368648,0.489517985515356,0.000163077656937626,0.0158898404100918
"ZNF181_ZNF302",0.17368729939628,-0.268043516079965,-0.00755408333256223,0.21071616299797,0.0241296197398168,0.946855726641183,0.126534271576945,0.0138311219848577,0.925710065252174
"ZNF26_ZNF268",0.56397026427959,0.32681669930628,0.422037110878174,0.00711479745907384,0.0476290292566146,0.00174397018953133,0.00171249467377211,0.0296647303806706,0.000350525025687438
"ZNF286A_ZNF286B",0.225961982864972,-0.121062383252454,-0.171514894723011,0.0833082312908404,0.430229098080143,0.0821208432363898,0.0365894713113617,0.371512968069205,0.0390505795843544
"ZNF324_ZNF324B",-0.101058249088502,0.291787049465745,0.0733296103932855,0.607223995239182,0.0559485612897578,0.619525423428803,0.510791400461744,0.0362346761702898,0.497640370239252
"ZNF354A_ZNF354B",-0.200637362485068,-0.276639872106839,-0.0415902264302846,0.100887019891418,0.00539005307023135,0.694342533087635,0.0475645999488077,0.00247434198013102,0.587520604920307
"ZNF419_ZNF773",-0.379709736597074,-0.554926281920503,-0.222626279555637,0.000322946592049724,4.92644091566585e-06,0.0114819313387562,4.00678153907846e-05,4.88976765822913e-07,0.00341964448497917
"ZNF524_ZNF581",-0.23596732242576,-0.199392340427569,-0.0624820174503389,0.0460382622371714,0.0435748131902771,0.26886691096454,0.0174327884204774,0.0267071435682343,0.171461032550588
"ZNF552_ZNF587B",-0.415603709110954,-0.71547899042561,-0.413476875974917,0.00256557074477881,1.04488571426523e-05,0.000149373109067716,0.000496562079634609,1.21860120522247e-06,1.92739495571246e-05
"ZNF555_ZNF77",-0.224249934809774,0.0512139207828536,0.120878579276089,0.234282090268727,0.571744406632531,0.293687196494488,0.145917629422954,0.529182788272789,0.191226043028187
"ZNF557_ZNF558",-0.218463962228044,-0.245786605653919,-0.0634887405578456,0.0970993643913207,6.62997454922525e-05,0.388684608778757,0.0455379153100735,1.31612397999509e-05,0.276805168038469
"ZNF561_ZNF562",-0.213331786663315,-0.339663327696751,-0.0835979556172893,0.0618857255224681,0.0149794659704686,0.514181480905629,0.0254913906618603,0.00814020607328193,0.396800100649257
"ZNF580_ZNF581",-0.0960329951252753,-0.255197670204908,0.25394963882969,0.639102846414948,0.0486305968176775,0.00286897564834465,0.540779331581879,0.0305298783991871,0.00066207130346415
"ZNF600_ZNF611",0.226368755459065,-0.120639273685242,-0.0101071889350686,0.234282090268727,0.244285368417897,0.932768904428498,0.145750059633353,0.195185827867402,0.902679584930805
"ZNF619_ZNF620",-0.00806000672221156,-0.417546485617163,-0.117245009067351,0.965712796506403,0.00199170997049938,0.453140661951431,0.956127557831401,0.000756157879618871,0.337325554802554
"ZNF747_ZNF764",0.489446947379781,-0.314783828765857,0.0690830696012458,0.0902308889274376,0.125714259321372,0.619525423428803,0.0403077035688229,0.0908532629404197,0.498079993029608
"ZNF764_ZNF785",-0.151063342894324,-0.246760159669366,0.0414749289076389,0.480241650574241,0.0170805317299807,0.646054975669235,0.376566654048288,0.00953627702046067,0.529027647570341
"ZSCAN21_ZSCAN30",-0.137221850260113,-0.317675301754112,-0.11755076942767,0.267634796971452,0.0015525567767765,0.265196259940238,0.176652248125078,0.000574022232604712,0.168462140309431
"ZSWIM4_ZSWIM6",-0.0768852184626637,-0.658510955600461,-0.175012716486653,0.528198744314407,1.21077319931619e-05,0.073066373507948,0.422034728707789,1.54933891754871e-06,0.0340855538945266
