"paralog_pair","PC9","HeLa","PC9_fdr","HeLa_fdr"
"AADAC_AADACL2",-0.221158411766247,0.00484638188896645,0.0678937908234751,0.977358556433845
"AADACL3_AADACL4",0.00604047437307201,0.0811377630090546,0.973703268930247,0.422262565963829
"ABCC1_ABCC3",-0.223132659752152,-0.0588599001449906,0.053456717049132,0.489276015023892
"ABCC8_ABCC9",-0.0976402665608695,0.0842551432896498,0.538112769202504,0.422262565963829
"ABCD1_ABCD2",-0.0773347071074233,0.0682226844594254,0.524422919490424,0.586433903044852
"ABCG1_ABCG4",0.104032923063917,-0.00342291610621464,0.448254307264878,0.96383090677454
"ABHD4_ABHD5",-0.358546504097576,-0.108234986260617,0.0680295048357914,0.522790839457191
"ABI1_ABI2",0.0264800860485386,-0.102524449429491,0.938402596321603,0.482041861829097
"ABL1_ABL2",-0.063629044973696,-0.0306685812416815,0.842570883080272,0.797799408083842
"ACACA_ACACB",-0.189672719318612,-0.446579554699014,0.503952835705316,0.0272980483258136
"ACSL3_ACSL4",-0.763251181407614,-0.483541382370187,0.0826753242575306,0.058644287073001
"ACTA2_ACTG2",0.346673402576176,-0.030088328674622,0.0706055300026276,0.782231695610643
"ACTL6A_ACTL6B",0.579578992283435,-0.370236475222608,0.0294051347930064,0.144853919551371
"ACTL7A_ACTL7B",-0.204317891219334,0.109854340646411,0.103050152100708,0.280375722980627
"ACTRT1_ACTRT2",0.0100855747357008,-0.0626222636301461,0.959754589636087,0.452180872857588
"ACVR2A_ACVR2B",-0.363120803095918,0.0236224901225902,0.147094277075648,0.898954717503514
"ACVR1_ACVRL1",-0.249533461342878,0.0134667156663132,0.305666584330245,0.923791284802466
"ADAMTS16_ADAMTS18",0.021955108769371,-0.0203448100011583,0.887524402978211,0.866643317207099
"ADAMTS10_ADAMTS6",-0.197969952050038,-0.105210782420211,0.517556466703676,0.343615095363367
"ADAP1_ADAP2",0.248791207896414,-0.125350460806813,0.390062912385937,0.536083338174962
"ADARB1_ADARB2",-0.155698687953263,0.0332643962044751,0.508887648295832,0.679074722975485
"ADCY5_ADCY6",-0.0546484819848397,-0.197010677870029,0.800790608468367,0.172669393614728
"ADIPOR1_ADIPOR2",0.185519590100204,-0.105967840922022,0.251392443384491,0.179834790543972
"ADSS_ADSSL1",-0.171688967301361,-0.219146534498017,0.496482193616108,0.119927638660499
"AGPAT3_AGPAT4",-0.108576883254912,-0.139667657551687,0.101870454544056,0.283902289354801
"AGR2_AGR3",0.0399206473052306,0.075851341036223,0.836629524047082,0.650910205454851
"AIF1_AIF1L",-0.0369862000379886,-0.204321353841271,0.83941931326713,0.123047967749732
"AK3_AK4",0.368769505039964,-0.00531076392379042,0.151977907452009,0.973768592349738
"AKIRIN1_AKIRIN2",-0.871052626478542,-0.482888580411316,0.0107238903744314,0.0275207054853955
"AKR7A2_AKR7A3",0.132960117895897,-0.0405351831715565,0.104044532486531,0.450597325661933
"ALAS1_ALAS2",0.152257555466487,0.0483621873103154,0.496482193616108,0.706050594340199
"ALDH1L1_ALDH1L2",0.00163698134339146,-0.149299743193053,0.991862717593042,0.218990171300318
"ALG10_ALG10B",-0.452519707034177,0.071972676232127,0.00268942059531525,0.785367053142816
"ALG1L_ALG1L2",0.36014695140455,-0.0423532087424393,0.417707258183673,0.920276921322205
"ALOX12_ALOX15",0.0633859695664923,-0.062951872862693,0.619407718446029,0.591638363012248
"AMELX_AMELY",0.139371298125217,0.0530831228206183,0.624137879466996,0.666109823038419
"AMMECR1_AMMECR1L",0.016210758720357,-0.0853796783948699,0.878986307570206,0.390013015353756
"AMPD1_AMPD3",-0.23937725438903,-0.00889686914576763,0.259376442039203,0.945368074276139
"ANGPT1_ANGPT2",0.107699377682291,0.0487562826131219,0.641779506192445,0.695313233035068
"ANGPTL1_ANGPTL2",-0.121024683257701,-0.0633324634526426,0.220525852417592,0.592908313230619
"ANKRD18A_ANKRD18B",0.0414158190813068,0.0212007904593625,0.799679707426192,0.903230974495497
"ANO1_ANO2",0.130778394587477,-0.053405844745945,0.287403035614772,0.347260781369984
"ANO3_ANO4",0.00572587785860234,-0.0414792688276111,0.982026471933473,0.53208556172233
"ANXA1_ANXA2",0.0195122685136933,0.122835820718078,0.904832781469426,0.142305173148021
"AOC2_AOC3",-0.0402885358159078,0.243699130428419,0.807678681011567,0.27243571913185
"AP1G1_AP1G2",-0.373021860530337,-0.0984620654243723,0.0107238903744314,0.503575175825732
"AP1M1_AP1M2",-0.105700623780738,-0.0621225629892219,0.725744781842937,0.710677029267452
"AP2A1_AP2A2",-0.74674786055536,-0.627880550598859,0.00341616516817027,0.000285248554492172
"AP1B1_AP2B1",-0.634254229071421,-0.335255607588008,0.00341616516817027,0.113316213622806
"AP3B1_AP3B2",-0.145355314001554,0.038969442801124,0.459624954803377,0.554439906360851
"AP3M1_AP3M2",-0.180244812393816,-0.108985504426301,0.390062912385937,0.231077210624129
"AP3S1_AP3S2",-0.1131430309839,-0.0240825605107223,0.460910971215641,0.797799408083842
"APH1A_APH1B",0.112794041476501,-0.265737853716077,0.638853716737099,0.00916801337107782
"AQP12A_AQP12B",0.207826145762444,0.0687299062973274,0.013126660994211,0.558014548400146
"ARFGAP2_ARFGAP3",0.210194714826285,0.198183403508701,0.229664561019132,0.113316213622806
"ARFGEF1_ARFGEF2",-0.666713207586581,-0.622636553177604,0.013710039729856,0.00275091607782139
"ARFIP1_ARFIP2",0.0029428216301459,0.0393160859320206,0.988350055591471,0.696833571305496
"ARG1_ARG2",-0.379311427962746,-0.115724053464886,0.0307398059069877,0.428153502397791
"ARHGAP10_ARHGAP26",0.210815880375186,-0.0106707320444683,0.198415472276541,0.954647897703546
"ARHGAP35_ARHGAP5",-0.310560168331234,0.0187965123049496,0.0305490870977425,0.851158662717247
"ARHGEF6_ARHGEF7",0.381968109219863,-0.0861510126518331,0.203579747857884,0.503799872630185
"ARID1A_ARID1B",-0.394392321001175,-0.1865948190201,0.044405925860671,0.0584991470003136
"ARL8A_ARL8B",-0.48442522178039,-0.133404723949692,0.00341616516817027,0.607827247832
"ARNT_ARNT2",-0.150788149730256,0.00485841038312794,0.304366416115556,0.965538680649744
"ARPC1A_ARPC1B",-0.488044256371594,-0.129605631162542,0.00572176736842911,0.305005828152212
"ARPC5_ARPC5L",-0.470658716310686,-0.278984523737856,0.00572176736842911,0.0140587085796402
"ASAP1_ASAP2",-0.105953777481979,0.0497629535058759,0.625701293800633,0.652997042019164
"ASB14_ASB15",-0.266270775428185,-0.0570602900366615,0.156656087756393,0.652997042019164
"ASF1A_ASF1B",-0.272863348889089,-0.778980293190527,0.417707258183673,0.0168350951212736
"ASIC1_ASIC2",0.219909760412735,0.0954645828514868,0.0909958463818057,0.643232428910415
"ATF2_ATF7",0.121818551113023,0.119446146201128,0.494407742537379,0.38160378872994
"ATG4A_ATG4B",-0.16958588581435,-0.0451090766645608,0.244183217449152,0.451077136531209
"ATP13A4_ATP13A5",-0.118844084195259,-0.0414394770506656,0.40813210612737,0.682307345428899
"ATP2C1_ATP2C2",-0.225087864741102,-0.107419524690929,0.102430299879635,0.735293669225915
"ATP5L_ATP5L2",-0.103242907739242,0.202163719664395,0.608100277755504,0.175240296768192
"ATP6V0D1_ATP6V0D2",0.0263030257088718,-0.380039453763796,0.947387051737985,0.111382058779142
"ATP6V1B1_ATP6V1B2",-0.0990362956660971,-0.218096555367638,0.692986234077682,0.453611895052125
"ATP6V1C1_ATP6V1C2",-0.402426168643176,-0.259831837565443,0.0824406651016441,0.0433647366141919
"ATP6V1E1_ATP6V1E2",-0.190837108765762,-0.256393075980497,0.410071511604098,0.241461388708204
"ATP8A1_ATP8A2",-0.049464333669834,-0.081819929935092,0.714141465426384,0.599233330627863
"ATP8B1_ATP8B4",0.207536322405104,0.114718717455699,0.361796444511252,0.278161248574948
"ATP9A_ATP9B",-0.026426476557659,-0.156464067536588,0.870912797333976,0.0517047995825913
"ATRN_ATRNL1",0.179217680020504,0.151395612470022,0.221242488354063,0.196116013770581
"ATXN3_ATXN3L",0.03837722597362,-0.28545652961463,0.887524402978211,0.241461388708204
"B4GALT2_B4GALT1",0.102369376575874,-0.0327865430788719,0.524422919490424,0.700598169086308
"B4GALT6_B4GALT5",0.0878070794263533,-0.0642444211072631,0.582875098706928,0.568557416082451
"BARHL2_BARHL1",-0.124201145426411,-0.178628454571248,0.371581268702057,0.1625788212574
"BCAT2_BCAT1",0.316654439951117,-0.0127677627020714,0.00973687211116301,0.886245782730027
"BCL11B_BCL11A",0.202862435500206,0.180955746217532,0.016653296802675,0.0413586844729448
"BECN2_BECN1",0.155704167151009,-0.129835987680878,0.521928773900239,0.207610554107426
"BEST4_BEST2",-0.0651374060371189,0.168646840539065,0.833634830500923,0.241461388708204
"BEX2_BEX1",-0.152029232690213,-0.193371696755088,0.342397335196159,0.0475682961670438
"BHMT2_BHMT",0.10382699012945,-0.220936684729882,0.548352461248878,0.32147396591957
"BICD2_BICD1",-0.195958249474478,-0.226102685473276,0.234440264358411,0.0507125288358927
"BIRC3_BIRC2",-0.123064261131619,-0.258695071789113,0.547513925694802,0.0104261541052497
"BMP4_BMP2",-0.00532091174552152,0.197138851399264,0.986753584219224,0.218990171300318
"BMP8B_BMP8A",-0.38128870209008,0.00573025956257106,0.0790465584683184,0.956071260788028
"BOD1L2_BOD1",0.145913329938709,-0.00417795965990565,0.136123689091585,0.965538680649744
"BRD3_BRD2",-0.610733950661457,-0.274237917939625,0.0016249635005426,0.233853399605453
"BRSK2_BRSK1",-0.00758633478231135,-0.0742351917425076,0.961684432979111,0.287200978563552
"ABTB2_BTBD11",0.157866480901333,-0.173483408762077,0.232674760355463,0.0285417935246459
"BTBD1_BTBD2",0.0295054950941961,-0.0145485457377017,0.909638674976438,0.87301321637926
"BTBD6_BTBD3",0.0459784963990942,-0.0105927478754964,0.814822906316891,0.912641328989322
"BTF3L4_BTF3",-0.0911928172334289,-0.205441564349293,0.704427774019477,0.451077136531209
"BTG2_BTG1",0.146208374781213,-0.0744176164108841,0.473684850504421,0.539461564290458
"BTN2A2_BTN2A1",0.0556701669547186,-0.0574379719375333,0.744283970063219,0.506626602698007
"BTNL8_BTNL3",0.021325767109336,-0.00877912754472172,0.90095875944194,0.956071260788028
"BZW2_BZW1",-0.0114703885595083,-0.299442599260332,0.975526005908384,0.0150855044813278
"C1GALT1C1L_C1GALT1C1",0.0706869749574193,-0.0949279496266648,0.705840052339819,0.530179621388021
"C1QTNF9B_C1QTNF9",0.0171616444295014,-0.145664370064414,0.877336858178388,0.447060228982683
"C2CD4B_C2CD4A",0.0270703411160985,0.1278907461307,0.8583955014723,0.145191274589783
"CA11_CA10",0.0310097311900649,0.144588674828695,0.887524402978211,0.279710702857792
"CAB39L_CAB39",-0.560362343541201,-0.0621323553086931,0.0175235773651209,0.785486420086958
"CABP5_CABP2",-0.0562647545208189,0.176583116569345,0.724222507631046,0.0607660439321651
"CACNA2D2_CACNA2D1",0.067889197092637,0.05561845034477,0.7503305708894,0.657483990540466
"CACNA2D4_CACNA2D3",-0.072838278071069,-0.034444181309098,0.65228019701806,0.586433903044852
"CACNG7_CACNG5",-0.0830290338610664,0.17303259990737,0.651554954213989,0.243146149029051
"CADPS2_CADPS",-0.0642358801624726,-0.0349808075797757,0.705840052339819,0.691954360261506
"CALB2_CALB1",0.0247744079763809,0.177949919099297,0.828618769314315,0.0547892351761123
"CALCRL_CALCR",0.150316761449422,0.0788821569207269,0.545669681306731,0.503799872630185
"CABP7_CALN1",-0.228067755626747,-0.279159235017064,0.0337096007881654,0.0681421678977768
"CAMK2N2_CAMK2N1",-0.103442948506132,-0.147978420593757,0.558835570357991,0.0272980483258136
"CAND2_CAND1",-0.0145434120991048,0.12605461067145,0.945695574652578,0.651137013428628
"CAP2_CAP1",0.418818401670104,-0.177079013812657,0.00170744864423945,0.350711311074493
"CAPNS2_CAPNS1",0.0295561687873908,0.208121693319732,0.816747220799393,0.0869424572064844
"CAPZA2_CAPZA1",-0.315083693206244,-0.286379317845555,0.243711172389301,0.218990171300318
"CASP5_CASP4",0.389738955561704,0.246158854035079,0.0105416439009922,0.0381712583977265
"CASQ2_CASQ1",0.284343573079574,-0.147884398030489,0.127716091811514,0.102477577471143
"CAV3_CAV1",-0.135099669531354,0.0689410340047831,0.535104404076859,0.447037468726822
"CBR3_CBR1",0.298804473010594,-0.0307550831423138,0.0662715081846226,0.76438758866015
"CCDC74B_CCDC74A",-0.0738974403834942,-0.195576023424444,0.785980025141407,0.106690254919726
"CCNL2_CCNL1",-1.70208918556524,-0.94071560110527,8.20499207720077e-05,0.00184294820356981
"CCNYL1_CCNY",0.111635266908673,0.0639792667537284,0.424022108093205,0.512958867394051
"CCT6B_CCT6A",-0.0575839619692652,-0.23496934401834,0.776366959299911,0.530145427020841
"CD200R1L_CD200R1",-0.0599013937702256,0.0350546226140277,0.743109146825162,0.777746389059976
"CDC42BPB_CDC42BPA",-0.11808882361255,0.0761223521615463,0.445772365104198,0.45107743233297
"CDH1_CDH3",-0.0305874922721864,-0.0102548853789123,0.887524402978211,0.931730917209787
"CDH2_CDH4",0.304200561448285,-0.0166356430002268,0.144748224294526,0.931730917209787
"CDK11B_CDK11A",-0.411396200038834,0.0609880801678968,0.0195513582066422,0.776074522658706
"CDK15_CDK14",0.171156351128621,-0.0565800754240067,0.199528097231086,0.620379447889666
"CDK2AP2_CDK2AP1",0.086903331470169,-0.0843585394098731,0.651286781808197,0.651137013428628
"CDK6_CDK4",-1.14689004568164,-0.15993813137701,8.20499207720077e-05,0.323294652615305
"CDKN2B_CDKN2A",-4.41865546833772e-05,0.199665353610165,0.998700669737555,0.00569878613697568
"CDRT15L2_CDRT15",-0.17670877555703,-0.08163022635576,0.337125202287128,0.489276015023892
"CDS2_CDS1",-0.463683501004208,-0.287070767950893,0.0201723088887192,0.113706914561838
"CEACAM4_CEACAM3",-0.172869292478247,-0.0346378017736982,0.251925399932654,0.682307345428899
"CELF2_CELF1",0.236044917629411,0.0931598809272725,0.0597663566875965,0.447037468726822
"CERS3_CERS2",-0.0202955272108458,-0.062389488864771,0.894442281269115,0.653212884443833
"CERS6_CERS5",0.173901768972592,-0.0134534945956429,0.344542915843697,0.950220104368326
"CETN2_CETN1",-0.278358081113582,-0.115036514251021,0.00923990115205479,0.323294652615305
"CHD2_CHD1",-0.149440949777519,-0.111568912646139,0.371581268702057,0.278161248574948
"CHI3L2_CHI3L1",0.0179178534433541,0.00103596925046212,0.916446632052108,0.992940857595591
"CHIC2_CHIC1",-0.200533083720846,-0.120412097664351,0.215908822324578,0.0758270848863549
"CHML_CHM",-0.615679955268627,-0.257649574082174,0.00685396718411445,0.116923486518651
"CHMP1B_CHMP1A",-0.541952452430681,-0.298268257609159,0.00902465901487121,0.0587177847209528
"CHP2_CHP1",0.339957485298101,-0.163806943678188,0.0702247470651376,0.0395397197162418
"CHPF2_CHPF",0.187005777939488,-0.145650026797659,0.198854435071802,0.285638763351583
"CEPT1_CHPT1",-0.29283584358741,-0.373122630832827,0.0752796113653759,0.0274216568038875
"CHRM4_CHRM2",-0.076334610011062,0.0309089185972799,0.744081552906031,0.798873513349734
"CHRFAM7A_CHRNA7",-0.0605427358743579,-0.0891396136242992,0.705840052339819,0.421407308692981
"CHRNA10_CHRNA9",0.240194712512995,-0.0136996017549475,0.25992515363938,0.919402015271239
"CHRNA5_CHRNB3",-0.182946747552608,0.0568461174337485,0.360777337326075,0.723136118294034
"CHRNB2_CHRNB4",-0.0526936660767213,0.0174463787578029,0.750068834433401,0.88597016816311
"CHSY3_CHSY1",-0.0960977167119996,0.050916500395653,0.599329458043214,0.530179621388021
"CIB3_CIB2",-0.0770166657860054,0.0259250078013856,0.508205657543702,0.869122264642963
"CKS2_CKS1B",-0.413403764409327,-0.430788079731474,0.0141290589577336,0.0157646368487403
"CLASP2_CLASP1",-0.679982228990536,-0.318378444259333,0.120639280286453,0.231077210624129
"CLCA4_CLCA1",-0.0239258798015591,-0.0468641393933615,0.909638674976438,0.760402656114386
"CLCNKB_CLCNKA",0.04271700903664,0.0234864789239094,0.724497163842977,0.682307345428899
"CLDN8_CLDN17",0.0636442651078572,0.119997233921601,0.684872539287995,0.514626869583203
"CD209_CLEC4M",0.074688520202061,0.110490493218793,0.751705685112906,0.330956993833015
"CLEC4C_CLEC6A",0.528573876193131,-0.0724920942055183,0.000799103051522276,0.778426365234185
"CANX_CLGN",-0.0436271255611969,0.0517149845545422,0.836560812477137,0.71317315548295
"CLTB_CLTA",-0.234553619683383,-0.115837280448484,0.169978531978808,0.202795608866369
"CLTCL1_CLTC",-0.398921652463848,0.374198049417828,0.338190970563055,0.0683809393049787
"CLVS2_CLVS1",-0.428066740065995,-0.0166477354946799,0.21857552248925,0.920481365139367
"CNNM4_CNNM2",-0.0518492648171823,0.121661587475839,0.732470271965546,0.107078049310307
"CNOT6L_CNOT6",0.0567563291185914,-0.222565999528192,0.814822906316891,0.177961879894161
"CNOT8_CNOT7",-0.876897231935491,-1.3196617544163,0.00474757213518393,8.93858201638637e-06
"COL4A6_COL4A2",0.181220040637838,-0.0788272652276842,0.387115532773175,0.323294652615305
"COPG2_COPG1",-0.681929392991681,-0.290134970503642,0.00773691731809514,0.0190009553166145
"COPZ2_COPZ1",-0.0911329045428794,-0.0706296847855776,0.744081552906031,0.727276033018707
"COQ10B_COQ10A",-0.808836980142715,-0.365021131214802,0.00230707696404487,0.0407076117287226
"CORO2B_CORO2A",-0.237577995547784,-0.0919534266597854,0.053456717049132,0.545991386466828
"COX6A2_COX6A1",-0.323255048074463,-0.187218616441536,0.0274496800922406,0.0620780034991148
"COX7B2_COX7B",0.213241795890344,0.3004926266828,0.4933698504141,0.36565160071501
"CPEB4_CPEB3",0.411141199565022,-0.122351214275538,0.0179607146778154,0.0263996647245051
"CPLX2_CPLX1",0.0216396443345874,-0.116446354651392,0.887524402978211,0.0991068495134993
"CPLX4_CPLX3",0.0244809130325882,-0.170053990487206,0.909638674976438,0.218180929355688
"CRABP2_CRABP1",0.129053890822778,0.0993584407016758,0.341734488575691,0.184405994372987
"CRISP3_CRISP2",0.191523585253171,0.0624119501231342,0.150294958759346,0.551992712741902
"CRKL_CRK",-0.349073214468035,-0.254532173696773,0.00101770561264587,0.0417798253950729
"APCS_CRP",0.104520895982787,-0.0390135049794883,0.620858533170952,0.666109823038419
"CRY2_CRY1",0.105606851956765,-0.0690905461754686,0.490135756285397,0.634906539002341
"CRYBB3_CRYBB2",0.175120018138878,0.0576870147230917,0.156864212802185,0.304782987259749
"CARHSP1_CSDC2",-0.333227501944563,0.0158859454468441,0.00413861930648752,0.910708872006031
"CSGALNACT2_CSGALNACT1",-0.0917563081907074,0.108027218743825,0.600240298507551,0.366563447580848
"CSTB_CSTA",-0.147469751386113,0.0492660522687178,0.599406998080296,0.357578722527674
"CSTF2T_CSTF2",-0.657007078295633,-0.729393231579123,0.000271473434212695,0.00153949825319043
"CTPS2_CTPS1",-0.0405493982215505,-0.118442043561927,0.821520211174532,0.607145263065715
"CTXN3_CTXN2",-0.151830897157691,-0.0415175924996353,0.499073959143042,0.781842364086659
"CUL4B_CUL4A",-0.014875405548552,-0.464078530944818,0.976576344210135,0.0272980483258136
"CXCL6_CXCL5",-0.089293778531777,-0.00301734043793039,0.540645791303928,0.973768592349738
"CXCR2_CXCR1",-0.099228834227924,0.151351978230036,0.730823192309126,0.17719703699717
"CXorf40B_CXorf40A",-0.3156615404458,-0.12402889765033,0.0462529751965338,0.453611895052125
"CYFIP2_CYFIP1",0.0605571052611613,-0.114794140576913,0.765849856457237,0.435093314034105
"CYP11B2_CYP11B1",-0.0634468253902681,-0.0803950942485149,0.581855291525893,0.398332251388026
"CYP26C1_CYP26B1",0.445727041144939,0.0275542175991471,0.0359770846568914,0.86860952853727
"CYP4Z1_CYP4X1",0.484485825638649,-0.0150094362674813,0.0706392965247005,0.870321527017803
"DAAM2_DAAM1",-0.10405104011026,0.0346782094593988,0.525697961383193,0.749547200036461
"DDI2_DDI1",-0.0210340310634024,0.0951733117718156,0.947387051737985,0.507756683462218
"DDR2_DDR1",0.180947948607362,-0.0519425238151628,0.242441995794617,0.53765635673999
"DDTL_DDT",-0.0875109344984005,0.149730892989349,0.495107285747962,0.218180929355688
"DDX39B_DDX39A",-0.641298716155841,-0.774198725670616,0.00599138235148236,0.000513244281190406
"DDX3Y_DDX3X",0.00143585857327841,0.185398236594815,0.995178524305536,0.463559516398262
"DDX17_DDX5",-0.344931156634196,-0.206771523502551,0.150294958759346,0.46829131947236
"DDX21_DDX50",0.0277962385907722,-0.390282856334017,0.961684432979111,0.323294652615305
"DDX43_DDX53",0.256507166707548,0.08185845346934,0.234708289134531,0.489276015023892
"DDX60L_DDX60",0.0657346397334833,-0.116672534090707,0.794410352273634,0.748142726006075
"DEFB131B_DEFB131A",0.366051282466696,-0.0868614177491944,0.00973687211116301,0.393017110843817
"DEGS2_DEGS1",0.0633453255393571,-0.0700561603624081,0.776366959299911,0.612260795787203
"DENND5B_DENND5A",0.222861282357955,-0.063473602035755,0.00844376679583157,0.529351820184846
"DENND6B_DENND6A",0.198928207652097,-0.175709202307174,0.192314467130059,0.287536850199886
"DERL3_DERL2",-0.0553651514990183,-0.0657399289790595,0.695364552184808,0.325936169640603
"DGKH_DGKD",0.192736894883458,0.141298374172579,0.285322303111518,0.387302608737693
"DGKZ_DGKI",0.110766544315376,-0.0242663819740262,0.352388224176516,0.774433030716327
"DHFR2_DHFR",0.182022496422749,0.491043719180328,0.379871029835962,0.0224937361703549
"DHRS4L2_DHRS4",-0.0955352033056127,-0.0229320970237614,0.567948783779214,0.845576581399998
"DIRAS2_DIRAS1",0.293419092385464,0.113877497973864,0.00726648227843037,0.264053304118856
"DLX6_DLX1",0.0174019307185692,-0.130962754771805,0.938402596321603,0.190468521359121
"DMXL2_DMXL1",-0.613406952756005,-0.464704446381572,0.00464744897408657,0.00960787720117497
"DNAH17_DNAH11",-0.428507304952131,-0.235680547124963,0.013126660994211,0.0607660439321651
"DNAH7_DNAH3",-0.351773905281678,-0.102537266817313,0.111843073251935,0.393017110843817
"DNAJC5B_DNAJC5",-0.341882890032656,-0.193357769789919,0.0703142124331886,0.206747642739532
"DNASE1L2_DNASE1",0.0339838218820255,0.0735319821985908,0.765849856457237,0.521755360865053
"DOC2B_DOC2A",0.16330014257784,0.124891442600311,0.424544956886006,0.167452455264552
"DOCK4_DOCK3",-0.0604538760373798,0.168907920626313,0.849324837441657,0.44253983372737
"DPP9_DPP8",0.174253665616497,-0.194723578539369,0.186411578931954,0.0662614116242918
"DPY19L2_DPY19L1",0.111538004970165,0.131460032378571,0.523354430468244,0.317191818323109
"DRD5_DRD1",0.0565973340232656,0.116292737449321,0.804163886297203,0.489276015023892
"DSCAML1_DSCAM",-0.0797429456252673,-0.00501104722980147,0.524422919490424,0.950220104368326
"DTNB_DTNA",-0.252472364452669,-0.0123387118684796,0.0864692904947767,0.925932282274756
"DTX4_DTX1",-0.158067198771028,0.0813910060463219,0.17002798975439,0.536083338174962
"DUOX2_DUOX1",0.160505413659769,0.0440274491414272,0.452582105349092,0.722082561196824
"DUSP21_DUSP18",-0.172792866153654,0.0607915400984501,0.167284074112187,0.530289094352611
"DYNC1I2_DYNC1I1",-0.602542956592159,-0.322413015830769,0.00377010356013233,0.0683809393049787
"DYNC1LI2_DYNC1LI1",-0.392510841368093,0.0379261073042562,0.297239168658465,0.935966438957836
"DYNLL2_DYNLL1",-0.472365414816743,-0.114482287224849,0.0369926959334385,0.854415506787913
"DYNLRB2_DYNLRB1",-0.182744435543298,-0.153641481779968,0.242441995794617,0.452180872857588
"DYNLT3_DYNLT1",0.0769919576115642,-0.180132611355585,0.744283970063219,0.119997621181877
"DYRK1B_DYRK1A",-0.0363500556730826,-0.0572137924401026,0.814822906316891,0.49046073251703
"DYRK3_DYRK2",-0.0692819317045165,-0.0666663014026177,0.684895651426723,0.417587278827144
"E2F5_E2F4",0.206183529081905,0.184932822208009,0.289948852337796,0.210016981053114
"EAF2_EAF1",-0.223681847819504,-0.835506180233061,0.424544956886006,0.000104225433567651
"EDDM3B_EDDM3A",-0.141499187011938,0.0420529223649057,0.640198056521807,0.722994823010836
"EEF1A2_EEF1A1",-0.221221719849344,0.301293510584248,0.582875098706928,0.292453469824693
"EFHD2_EFHD1",0.151595715295712,0.11656406410796,0.21857552248925,0.116864403636999
"EFNB2_EFNB1",-0.328831341407231,-0.137723601900305,0.0705496847961988,0.328123026888309
"EFR3B_EFR3A",0.233920125794923,0.0107270327200193,0.0794560859723723,0.898954717503514
"EIF1B_EIF1",-0.726399355059009,-0.968407153321331,0.00474757213518393,0.000229077721314966
"EIF4E1B_EIF4E",0.284604794915312,0.253815440810486,0.185524971097606,0.0272980483258136
"ELMO2_ELMO1",-0.141872401192854,-0.0473951557040312,0.601014116417004,0.682307345428899
"ELOVL5_ELOVL2",-0.317364452012052,0.0854120756111442,0.303377380881251,0.599061291395996
"ELOVL1_ELOVL7",-0.153638937926602,0.122323306785053,0.684872539287995,0.330956993833015
"EML6_EML5",-0.304976129714123,0.0886557011193977,0.013126660994211,0.36804626034623
"EMX2_EMX1",0.110831917264572,-0.0214203736201569,0.20742795543888,0.799729158173061
"ENOX2_ENOX1",-0.0290120739890306,0.0934847052017771,0.909638674976438,0.218990171300318
"ARPP19_ENSA",-0.846298757606835,-0.443285010928897,0.0952855423915141,0.0911832854839379
"ENTPD7_ENTPD4",0.182899132285334,-0.00642675116190488,0.0974038532820933,0.956670195334959
"CREBBP_EP300",-0.667276888666889,-0.389348993958351,0.00185527343998546,0.0285395100348858
"EPC2_EPC1",-0.00669986283611283,-0.704324602413092,0.982026471933473,0.00675059302715431
"ERC2_ERC1",0.166646844073449,-0.0101023205425146,0.0909958463818057,0.954647897703546
"ERLIN2_ERLIN1",0.283492077092371,0.05746686100366,0.200145501490306,0.749888405137043
"ERO1B_ERO1A",0.21481044743206,0.00673175268569535,0.252925193819417,0.95981078344366
"ESRP2_ESRP1",0.272802839960193,0.00431716536000269,0.0678937908234751,0.977203529946707
"ESRRG_ESRRA",-0.0207343529820049,0.063126527717462,0.909638674976438,0.297975976756133
"ETS2_ETS1",-0.00438820403109911,-0.0529900301546504,0.988540370953113,0.591438944696046
"EVI5L_EVI5",-0.220098780197691,0.0418897346339962,0.218264229484722,0.651203458115802
"EXOC6B_EXOC6",-0.270774402563613,-0.213535627624262,0.188748995330656,0.0183419553053719
"EZH2_EZH1",0.00213417374224263,-0.0246608294495904,0.989875719472551,0.79964434032783
"FAHD2B_FAHD2A",-0.179500257512076,0.0319775641440014,0.174801387967545,0.830955515621941
"FAM102B_FAM102A",0.19049607332527,0.0601100605893763,0.365540519052471,0.640277011040964
"FAM120C_FAM120A",0.0965338155304716,0.00715722951502558,0.502849127821909,0.968591605085284
"FAM126B_FAM126A",-0.579822590824092,-0.384023708252606,0.0681399732059109,0.0160071224203955
"FAM133B_FAM133A",0.208936359823114,-0.189309603927256,0.218264229484722,0.287536850199886
"FAM160B2_FAM160B1",0.101171849373477,-0.0633361033833111,0.444944635305498,0.744464837586004
"FAM168B_FAM168A",0.287052070826752,0.166789151080884,0.0179607146778154,0.243234589272004
"FAM200B_FAM200A",0.184324209941919,-0.00777047505457388,0.451385201239268,0.973768592349738
"FAM209B_FAM209A",-0.117136046379993,0.214947021651638,0.424544956886006,0.116923486518651
"FAM24B_FAM24A",-0.0897843435168239,0.142794787109514,0.690518638160385,0.323294652615305
"FAM47B_FAM47A",0.20930953476865,0.0181904019527011,0.0957108927075711,0.845939694178635
"FAM49B_FAM49A",-0.0479177886052265,-0.0513200519637151,0.811635345559652,0.77571243202392
"FAM50B_FAM50A",-0.641317501672228,-0.131888579065797,0.00474757213518393,0.218990171300318
"FAM76B_FAM76A",0.054605177337033,-0.00365080881351285,0.782092764690395,0.969293512965175
"FAM78B_FAM78A",-0.00260795507488236,0.172239356500921,0.988540370953113,0.0690202676269779
"FAM9C_FAM9B",0.399063326990817,-0.0600054655057276,0.0677109815899528,0.650866218764314
"DPP4_FAP",0.234998024597617,-0.07624908892162,0.183650044170642,0.397988800770883
"FAR2_FAR1",0.297649772059153,-0.0191989778773483,0.156864212802185,0.827269350383196
"FARP2_FARP1",0.170475505012208,-0.091195523908599,0.088721114851253,0.123047967749732
"FAT3_FAT1",-0.0654846695970035,-0.00217218269451477,0.549459150081731,0.977443734249627
"FBP2_FBP1",-0.109268042351735,-0.0229229895575196,0.579732462286554,0.902228872917459
"FBXL20_FBXL2",0.173835332970512,-0.171612073764035,0.430785857226867,0.175240296768192
"FBXO17_FBXO27",-0.257267919697965,-0.173728967672536,0.0909350043027841,0.283258787771288
"FBXO25_FBXO32",0.184660940511777,0.376842004421715,0.27715848357207,0.00439445235967273
"CDRT1_FBXW10",-0.19084377906812,-0.104172134418908,0.186411578931954,0.231077210624129
"BTRC_FBXW11",0.221038709500803,-0.250417050626455,0.527293907617246,0.328731185453305
"FCGR1B_FCGR1A",0.142643557290622,-0.221269141888061,0.387115532773175,0.219227843942582
"FCGR3B_FCGR3A",-0.243932464246299,-0.121097506401265,0.212929425354746,0.17719703699717
"FCN2_FCN1",0.153057081683686,0.0655695285286373,0.274872682141769,0.447037468726822
"FEM1C_FEM1A",0.173850710080821,0.0404554592588491,0.424544956886006,0.694453509695512
"FES_FER",0.0242606715018359,0.225581646582637,0.911848915294649,0.0869424572064844
"FEZF2_FEZF1",0.377527332651797,0.118861618923042,0.00474757213518393,0.362199296692588
"FKBP9_FKBP10",-0.107991916057892,0.101410330715705,0.577253361082693,0.287536850199886
"FLVCR2_FLVCR1",0.0352373687048458,-0.221406506930479,0.85432182075388,0.0433647366141919
"FN3KRP_FN3K",0.227370672986585,0.0451868783570435,0.219136064013161,0.643232428910415
"FNDC3B_FNDC3A",-0.244829485057787,-0.363167966443883,0.0242461186079653,0.0254371061294727
"FOXR2_FOXR1",-0.235907407557027,-0.0467377957625051,0.0680295048357914,0.781404786644142
"FRAT2_FRAT1",-0.284407027180719,-0.0229672267798057,0.0147119264947484,0.759220703395412
"FRMD5_FRMD3",0.0542670613744444,0.122559704631925,0.776366959299911,0.32147396591957
"FRYL_FRY",0.374954504426246,-0.0890661610333702,0.0377169219324965,0.555486150480425
"FSCN2_FSCN1",-0.0621181476784757,-0.192656542798725,0.54170114366546,0.0588565442965167
"FSD1L_FSD1",0.300726184568052,-0.0865691906489554,0.104044532486531,0.609662341190963
"FSTL5_FSTL4",0.159237522149269,0.283310714393696,0.554207100674509,0.012315611450962
"FUCA2_FUCA1",-0.183676615340823,0.115841596896626,0.436328715676978,0.3449705024604
"FUT2_FUT1",-0.200936596330012,0.0374105170863035,0.179853303736934,0.648616023405408
"FZD6_FZD3",-0.0263332651808456,0.0406347369751106,0.90095875944194,0.77571243202392
"G3BP2_G3BP1",-1.04861411157288,0.15493560342977,0.00318016251155654,0.522790839457191
"GABPB2_GABPB1",-0.0762810496185617,-0.388877913685322,0.684872539287995,0.0191669868911822
"GAD2_GAD1",0.110684792764064,-0.119068337252767,0.495107285747962,0.178315431602479
"CSAD_GADL1",-0.0755850560178665,0.0587000240470696,0.669639098554369,0.815159210078236
"GALNT1_GALNT13",0.301752112081745,0.0829040376484949,0.207957884861152,0.487886639127651
"GALNT6_GALNT3",-0.16246791020113,-0.0866166193582163,0.121041759486762,0.112582586035504
"GALNT10_GALNTL6",0.168264875757166,-0.0242474167081999,0.320455674826038,0.866599794371977
"GALR3_GALR2",0.00150867513962534,0.0915592265165577,0.991358359508406,0.309088225983719
"GAPDHS_GAPDH",0.176625954852261,0.0867699730805034,0.351173116715649,0.77571243202392
"GATA3_GATA2",0.0240086327483582,0.185067596817061,0.904920314098792,0.074683189386018
"GDI2_GDI1",-0.527771611804259,-0.270044888058734,0.0222307457229545,0.0285417935246459
"GFOD2_GFOD1",0.0185727060898334,-0.18248011607931,0.95575387627291,0.283902289354801
"GFPT2_GFPT1",0.0745229177643338,-0.379046305962837,0.800086894104726,0.352088663923686
"GIT2_GIT1",-0.137122683697387,-0.10225663039915,0.347932192707209,0.452180872857588
"GLB1L_GLB1",0.134075006800298,-0.0936286462318016,0.4933698504141,0.428153502397791
"GLB1L3_GLB1L2",0.0555506498687877,0.0729354678262682,0.590684197521554,0.447162362407098
"GLS2_GLS",-0.0784690324693174,-0.351867169192106,0.773369973310142,0.0351312508394361
"GLUD2_GLUD1",-0.139381303461305,0.118496967591302,0.540106596899642,0.433559499120113
"GMFG_GMFB",-0.0299081628236304,-0.0145869077120878,0.909638674976438,0.898954717503514
"GMPR2_GMPR",-0.146975026674156,-0.115790421618844,0.371641282404168,0.481047407638758
"GNA13_GNA12",-0.290574543256364,-0.0205111414437794,0.247708492543061,0.797839377298749
"GNPDA2_GNPDA1",-0.0677278379707171,0.19413503312065,0.649526352265145,0.069991221979765
"GOLGA7B_GOLGA7",-0.0739435672458701,-0.0559102094610992,0.547746246564233,0.468214641447975
"GOLPH3L_GOLPH3",0.0380672447671335,-0.282251123167767,0.909638674976438,0.185252827216756
"GOLT1B_GOLT1A",-0.0189781160714895,-0.0234669089638713,0.94083376837929,0.912641328989322
"GPAT4_GPAT3",-0.344358571879262,-0.0810792015603626,0.120442063415142,0.543065127045369
"GPC6_GPC4",0.0122360493902967,0.106070304069039,0.965466645610336,0.330016901765708
"GPD1L_GPD1",-0.188790381708005,-0.207751338005711,0.156864212802185,0.0209224325799328
"GPR21_GPR52",0.123999810294721,0.100618019315372,0.430785857226867,0.456935847910115
"GPSM2_GPSM1",-0.184760895493379,-0.145899683663861,0.140947657178108,0.243234589272004
"GPX2_GPX1",0.182102686173613,-0.114406458437103,0.397321336074642,0.27338686727405
"GREB1L_GREB1",0.242499806740858,0.129183555936024,0.0296331377974965,0.107078049310307
"GREM2_GREM1",0.14208529746284,0.0107165465284509,0.388150762324859,0.912365559071503
"GRHL2_GRHL1",0.0310667717660429,0.129797770027498,0.838018116797464,0.122728286184951
"GRID2_GRID1",-0.149677798281186,-0.00316759562220649,0.25992515363938,0.973768592349738
"GRIK5_GRIK4",-0.122119736555945,0.149228611288676,0.523354430468244,0.175111439254718
"GRIN2B_GRIN2A",-0.147583602920209,-0.00395454974664939,0.464915531059766,0.976427807612408
"GRIP2_GRIP1",-0.0231821397520899,-0.0349292713431794,0.938402596321603,0.77571243202392
"GRK3_GRK2",-0.138093667044912,-0.0455378265529616,0.0952855423915141,0.63179510243619
"GRM3_GRM2",-0.18493854064592,-0.0479053031660743,0.214990449340269,0.570029022842505
"GRM1_GRM5",0.097241172809109,0.30026578393873,0.708874795087232,0.00650906188435885
"GSK3B_GSK3A",-1.03934660934451,-1.24035350851398,0.000804392461566524,0.00195492386867142
"GSPT2_GSPT1",-0.163100023012682,0.18458774591447,0.524422919490424,0.233853399605453
"GSTO2_GSTO1",0.203629144092922,-0.0101678592675098,0.337125202287128,0.956071260788028
"GXYLT2_GXYLT1",0.268010114240431,-0.271348327259658,0.193729751859493,0.172199325053016
"GYS2_GYS1",0.197142283260642,0.051545544112575,0.516885093917293,0.746309126647071
"H2AFZ_H2AFV",-0.274237885838032,-0.522321222233941,0.309515546640558,0.0395397197162418
"HACD2_HACD1",-0.132915795546993,0.0879347445760054,0.2409003485215,0.489276015023892
"HAND2_HAND1",0.353073606836632,0.11024931113668,0.00726648227843037,0.452180872857588
"HARS2_HARS",0.564068117673346,0.0981529821693069,0.0952855423915141,0.768394575964827
"HCRTR2_HCRTR1",-0.119181932355433,0.0712358658850481,0.375196983055656,0.540874761692745
"HEATR5B_HEATR5A",0.329326860574369,0.277499983652262,0.230127890539967,0.361852890747018
"HECW2_HECW1",-0.248595395188574,-0.2945320823576,0.0680295048357914,0.176893229662589
"HEXB_HEXA",0.259063015496686,-0.0161279320594444,0.0210148288965301,0.875860180619081
"HEY2_HEY1",-0.0515448572524499,-0.148764803136047,0.682281141109287,0.241461388708204
"HIGD1C_HIGD1A",-0.219330272077165,0.339444822602038,0.521928773900239,0.0916048811367994
"HMGCLL1_HMGCL",-0.269521454429231,-0.0646962666584983,0.0337096007881654,0.592908313230619
"HMGCS2_HMGCS1",-0.0532321505037888,-0.095844978947287,0.814822906316891,0.855753827742112
"HMGN4_HMGN2",-0.0345841835699762,0.065914496700394,0.842570883080272,0.42005381601024
"HNF4G_HNF4A",0.0469093557063381,0.0542689683028124,0.804163886297203,0.666109823038419
"HNRNPD_HNRNPAB",-0.771713987811356,-0.519708438781852,0.0016249635005426,0.0272980483258136
"HNRNPLL_HNRNPL",-0.125737696120432,-0.330702406894076,0.695364552184808,0.116221679093936
"HOOK3_HOOK1",0.160649992741032,-0.0635702010444336,0.186411578931954,0.452180872857588
"HOXA5_HOXB5",-0.184539251339465,0.00564772759005321,0.303711238775501,0.969608133175626
"HOXA6_HOXB6",0.150547770498133,0.0319548284235051,0.468460679119928,0.744464837586004
"HOXA7_HOXB7",0.0938281766894003,0.116791080009777,0.576908652113338,0.411526658936505
"HPR_HP",-0.197385703043811,-0.102276962796429,0.488722836901351,0.4721325229431
"HS6ST3_HS6ST1",0.143811249160121,-0.0575873440248258,0.572865277518139,0.802244850708575
"HSD17B13_HSD17B11",0.152544871558061,0.15011225468611,0.144748224294526,0.0349269526894274
"HSD3B2_HSD3B1",0.270929030252843,0.202239546379525,0.17356288923055,0.0197083448962382
"HSP90AB1_HSP90AA1",-0.29962824144631,-0.597300536850807,0.162638799965782,0.0395397197162418
"HSPA12B_HSPA12A",-0.121322230740373,0.0664511475444384,0.292590757752127,0.447037468726822
"HTN3_HTN1",-0.340342721803689,0.0768741263790346,0.121041759486762,0.640277011040964
"HTR1D_HTR1B",-0.059458537223671,-0.0355823149829038,0.794126461305961,0.650866218764314
"HTR1F_HTR1E",0.168498799842178,-0.0562218507462854,0.540645791303928,0.540874761692745
"IDH2_IDH1",-0.346343385700793,0.0606081703222909,0.0375192675055256,0.640277011040964
"IDI2_IDI1",-0.0827585551668279,-0.0312109685179331,0.705750205340654,0.61680126544415
"IFFO2_IFFO1",-0.0175582037863894,0.0644934908144491,0.887524402978211,0.452180872857588
"IFIT3_IFIT2",-0.0459653805770024,0.0366582610053555,0.804334542031646,0.779284390340868
"IGFL3_IGFL2",0.0381909657184624,0.0541449647674274,0.854691560194052,0.634906539002341
"CHUK_IKBKB",-0.0874947148416955,0.0573997409084098,0.387115532773175,0.521755360865053
"IL1RAPL2_IL1RAPL1",0.268839598133982,-0.141242916231699,0.192314467130059,0.190468521359121
"IL36G_IL36A",0.349104035196788,0.145204505171757,0.104044532486531,0.218990171300318
"IMPDH2_IMPDH1",-0.468141398272989,-0.186048265952261,0.00685396718411445,0.170911854457688
"INSIG2_INSIG1",0.00663075066447839,-0.323661846076205,0.988350055591471,0.15881062693457
"INTS6L_INTS6",-0.195976228192775,-0.0387459882138021,0.530587824297963,0.923791284802466
"IPO8_IPO7",-0.0742524000340054,0.00960547729696295,0.754583994554135,0.969608133175626
"ACO1_IREB2",-0.549041910914402,-0.456580809988111,0.01146135115529,0.00153949825319043
"ISL2_ISL1",0.115452650213224,0.0360269502327843,0.320455674826038,0.822384679579099
"ITGB5_ITGB3",0.0708492303345307,0.274855644987154,0.545669681306731,0.0911832854839379
"ITIH3_ITIH1",-0.232507473445326,0.116274543284969,0.193729751859493,0.358697462156139
"ITLN2_ITLN1",0.150123206633125,0.125644432637782,0.102759850184656,0.13190355814933
"ITSN2_ITSN1",0.0821617953939714,-0.0626080253174661,0.671013966232453,0.623572868395507
"JAG2_JAG1",0.21126232663395,-0.0717481692457747,0.230127890539967,0.478226676483529
"CTNNB1_JUP",0.0677787339923235,-0.0703654894043293,0.617424127797849,0.434988863898144
"KAT2B_KAT2A",0.0502116571718929,-0.198138182390561,0.8483161105264,0.192935108977526
"KATNAL1_KATNA1",-0.30459960498744,-0.370119476659361,0.0704599623627501,0.0285417935246459
"KBTBD7_KBTBD6",0.0342002822240923,0.218137466281572,0.849324837441657,0.023420307872157
"KCNB2_KCNB1",-0.0540991153795627,0.0945038085832037,0.773369973310142,0.179834790543972
"KCNH5_KCNH1",-0.0682510398172288,-0.1233738140352,0.782092764690395,0.462433368259134
"KCNJ10_KCNJ15",-0.239668232918935,-0.0699406387949641,0.0702247470651376,0.506626602698007
"KCNJ11_KCNJ8",0.130985156994065,0.0827268853838237,0.214990449340269,0.398332251388026
"KCNK13_KCNK12",-0.0716954042083559,-0.0256009100177124,0.542221685788015,0.815159210078236
"KCNK9_KCNK3",-0.203600336495581,-0.0414137992821179,0.00726648227843037,0.651137013428628
"KCNS3_KCNS2",-0.122917006305037,0.116665038734247,0.374838296941982,0.0422811042146945
"KCNT2_KCNT1",0.00558818451144458,0.120503175061432,0.986753584219224,0.106690254919726
"KCTD15_KCTD1",0.1737230224148,0.0325519447210534,0.192314467130059,0.771243673535265
"BTBD10_KCTD20",0.392476840907951,-0.148374160484744,0.00763989571934424,0.231504790915868
"KCTD2_KCTD5",0.118966537062648,0.170014321122918,0.389436871190193,0.0587177847209528
"KDELC2_KDELC1",-0.100505994077554,0.213874347999095,0.508887648295832,0.0272980483258136
"KDM5D_KDM5C",0.105152116059097,0.0236600350989708,0.510118072867284,0.891535396517767
"KHDRBS3_KHDRBS2",0.111950739853148,0.12495187492692,0.497824280978963,0.318353057382826
"KIAA1324L_KIAA1324",0.100866405695956,0.039827575910694,0.550824085323699,0.606456633664713
"KIF13B_KIF13A",-0.103727951403246,-0.042228362727517,0.398833677647988,0.797839377298749
"KIF21B_KIF21A",0.353980231020578,-0.0446352857824739,0.013126660994211,0.781556452379655
"KIF3C_KIF3B",0.212355795392121,-0.00668403055159635,0.115773174184166,0.95981078344366
"KIF4B_KIF4A",0.231709766143793,0.351861680953676,0.230127890539967,0.0411402894491607
"KLF7_KLF6",-0.0808545081133613,-0.0158312632628815,0.569786646965289,0.831915514757593
"ENC1_KLHL25",0.109575782466867,-0.00561525484074737,0.346658701247168,0.973768592349738
"KLHL2_KLHL3",0.0986246500638624,0.0546516816521112,0.724497163842977,0.643232428910415
"KLHL13_KLHL9",-0.0175087009615498,0.0285713885497139,0.909638674976438,0.750019040007685
"F11_KLKB1",-0.453096873213764,0.041502832191674,0.045193836757359,0.81684902852032
"LANCL2_LANCL1",0.112215485648868,0.133676991195748,0.722416295413931,0.243146149029051
"LARGE2_LARGE1",-0.389773677524161,-0.0902810081535668,0.19497220242206,0.590520008105356
"LARP1B_LARP1",-0.0450517718892687,-0.285030715400989,0.836560812477137,0.143266768607791
"LCE3E_LCE3D",0.241500309930533,0.111596746699974,0.424022108093205,0.325936169640603
"LDB2_LDB1",0.00456698883191228,-0.153082055803435,0.988350055591471,0.352924036848586
"LEFTY2_LEFTY1",0.00106952916325819,-0.112750961654257,0.991862717593042,0.039370296981592
"LGI2_LGI1",0.11306075269026,0.1136922407343,0.417707258183673,0.371479947315913
"LGR6_LGR5",-0.283080169871648,0.169973027377814,0.204754161449445,0.0104261541052497
"LHFPL6_LHFPL1",-0.0759608924695626,-0.0501692818511131,0.781458226428708,0.550208266421498
"LHX4_LHX3",-0.312018577375454,-0.17600774821614,0.0342856081245691,0.170911854457688
"LHX1_LHX5",-0.0378820389418576,-0.0703858390262295,0.8405688948525,0.516323578020654
"LHX8_LHX6",0.0733543352560511,-0.0455437432736929,0.521916935305524,0.627274615456809
"LHX2_LHX9",0.176270216619413,-0.16478837437561,0.346341545467281,0.00206473493705921
"LIN28B_LIN28A",0.354362620056995,0.227798261484657,0.0307007710110643,0.0457821001776184
"LLGL2_LLGL1",0.0832211109204371,0.0896445308730312,0.355624892533316,0.49046073251703
"LMAN2L_LMAN2",-0.176347956191319,-0.0423401512439117,0.262492461611251,0.712843245039088
"LMBR1L_LMBR1",0.107495246332764,0.117353498320016,0.690834845195674,0.204288014314818
"LMNB2_LMNB1",0.00970193515677243,0.000928025389302642,0.961684432979111,0.994265544572458
"LMO3_LMO1",0.107919008213487,0.079900789329612,0.495107285747962,0.335166553063703
"LMX1B_LMX1A",-0.0341896202085641,-0.0400603467004852,0.836185644674099,0.835384679772626
"LRIG3_LRIG2",-0.226075164913703,0.107729432053795,0.134437735509023,0.273273364999235
"LRP1B_LRP1",-0.0348130905058738,-0.142459570389847,0.8483161105264,0.283258787771288
"LRP6_LRP5",-0.263723906898368,-0.0677911672099728,0.0874723221383832,0.250881724093244
"LRRN3_LRRN1",0.17784369260455,0.0934593703674435,0.251451067012576,0.358697462156139
"LRRTM4_LRRTM3",0.110396103216247,-0.145088831391065,0.506531062022192,0.278161248574948
"LYPLA2_LYPLA1",-0.337803705886076,-0.119009662535583,0.325379988973959,0.197630808645461
"LYZL2_LYZL1",-0.0469739571917321,-0.0928835668688714,0.78188079823743,0.283902289354801
"MAB21L2_MAB21L1",0.379041071386833,0.0038139662670761,0.0219137090642174,0.977443734249627
"DST_MACF1",0.31023168312564,-0.0230429503622487,0.0694788423842361,0.891535396517767
"MAGOHB_MAGOH",-0.592161159234035,-0.457092398960674,0.0662715081846226,0.131814415034475
"ICK_MAK",0.417034449195509,0.0250565301095192,0.0703142124331886,0.849809241896735
"MAN2A2_MAN2A1",0.166029443146121,-0.0400606900089414,0.339524105491934,0.643232428910415
"MANEAL_MANEA",-0.141421929662868,0.0986017482091497,0.414540250289779,0.320351673736125
"CDNF_MANF",-0.155179906431064,0.115936601765254,0.386037559482839,0.305005828152212
"MAOB_MAOA",0.0397555949406642,-0.214115278386933,0.849324837441657,0.0285417935246459
"MAP2K2_MAP2K1",-0.573526246166274,-0.634955524606574,0.0377169219324965,0.00204136057718032
"MAP3K13_MAP3K12",-0.119887941585633,0.115431970700949,0.468643300119445,0.366087848917012
"MAP3K3_MAP3K2",-0.105441573261495,-0.172707250815028,0.722416295413931,0.147010643437978
"MAP3K15_MAP3K5",0.00172080494721317,-0.175092881159213,0.991862717593042,0.0475682961670438
"MAPK3_MAPK1",-0.680199626192671,-0.494006301863319,0.013710039729856,0.0411402894491607
"MAPKAPK3_MAPKAPK2",-0.301591537731453,0.0147036782016898,0.262492461611251,0.936113903282292
"MAPRE3_MAPRE1",-0.297952188167971,-0.0338434647215058,0.0894280670428225,0.812936831074912
"MAT2A_MAT1A",-0.320328325394325,-0.0878266526276538,0.121041759486762,0.57893909837817
"MBOAT2_MBOAT1",0.11410625142679,0.00912518950631631,0.524422919490424,0.956782924566794
"L3MBTL2_MBTD1",0.0562307187494376,0.0432499977562649,0.896790068440477,0.755905770342982
"MDGA2_MDGA1",0.126694418759635,0.0861025938239216,0.459624954803377,0.347867045633895
"MED12L_MED12",0.124122228529933,-0.126469640181634,0.708874795087232,0.210016981053114
"MED13L_MED13",-0.674330848693567,-0.451955829987939,0.00520493792902408,0.000104225433567651
"MEGF11_MEGF10",0.281044919480845,0.0561838776899366,0.0242461186079653,0.657506921623948
"METTL2B_METTL2A",0.0817153293928138,0.0797200822769325,0.415286821999812,0.681930249531599
"METTL7B_METTL7A",0.469743336468638,0.00681019270235273,0.0694788423842361,0.971412395114169
"MFN2_MFN1",0.145135812702841,-0.359074709053058,0.262492461611251,0.00613682360965968
"MGAT4B_MGAT4A",0.215074519471594,-0.0630214692803343,0.265451342615917,0.640277011040964
"MICB_MICA",-0.172484459250332,0.169451982738581,0.540106596899642,0.190915109120262
"MID2_MID1",-0.282084273017234,0.0180922846246844,0.0641962992302036,0.917155628395446
"MKNK2_MKNK1",0.140814676239275,0.0103115522426924,0.496482193616108,0.945368074276139
"MLLT3_MLLT1",-0.217024809562899,-0.20351573422739,0.0722405033706248,0.0175254945362277
"MMD2_MMD",0.254044420546095,0.0439133893789571,0.013126660994211,0.822384679579099
"MMEL1_MME",0.0258648963722355,0.0915675465388836,0.887524402978211,0.278852688758459
"MOGAT2_MOGAT1",-0.0787266477265602,0.000136146047061042,0.697407514734146,0.998317372471873
"MORF4L2_MORF4L1",-0.286650857901079,-0.0514922268431977,0.0162273781890326,0.657483990540466
"MPP2_MPP6",-0.153414549968834,0.00142539756062546,0.2409003485215,0.991888844508962
"MPP3_MPP7",0.077683136102322,-0.0547111811629437,0.437932467637007,0.324940778302934
"MPPED2_MPPED1",-0.0228633632226724,0.0324633347117317,0.872661510172204,0.657483990540466
"MRFAP1L1_MRFAP1",0.00776377720669509,0.320457413003943,0.967673838279104,0.0222084872995091
"MSI2_MSI1",0.203700886716485,0.0343876761379251,0.251925399932654,0.739530842774539
"GDF11_MSTN",0.108890815503396,0.0471693895927214,0.436328715676978,0.768394575964827
"MSX2_MSX1",0.251873378977858,-0.00839673097508293,0.0894280670428225,0.920481365139367
"MTHFD1L_MTHFD1",0.082699310380364,0.0779373127972627,0.762356206561352,0.571368588442312
"MTHFD2L_MTHFD2",-0.0267268858896286,0.021317662958746,0.911848915294649,0.764090394942174
"MTNR1B_MTNR1A",-0.0519655183155734,-0.136866617180398,0.678911173410731,0.202795608866369
"MTSS1L_MTSS1",0.240687292406284,0.0610972247562674,0.0295452370440602,0.607827247832
"MX2_MX1",-0.266988422098805,0.144802609426665,0.25992515363938,0.078366749882146
"MYO1B_MYO1A",0.00262590100518872,-0.242146256872796,0.988540370953113,0.147010643437978
"MYO1F_MYO1E",0.0935268994994149,0.116398758482156,0.388150762324859,0.169098390892433
"MYO1D_MYO1G",0.0885096834294776,-0.101278260167605,0.730823192309126,0.556089553666788
"MYO1C_MYO1H",0.0636586065466617,0.152114975830222,0.765849856457237,0.283258787771288
"MYO7B_MYO7A",-0.140824617490446,0.0946518676204859,0.184833840043068,0.283258787771288
"DYSF_MYOF",0.00968798637338047,0.189788899530135,0.95575387627291,0.039370296981592
"GCOM1_MYZAP",-0.157368466778903,0.184887695209315,0.2409003485215,0.0298354785283423
"MZT2B_MZT2A",0.000406142571528589,-0.0385132396499795,0.998700669737555,0.931730917209787
"NAA11_NAA10",-0.424500794006609,-0.0637798631176643,0.200145501490306,0.876065791640568
"NAA16_NAA15",0.0138673295728498,0.0804523915765997,0.960049879522101,0.499669520254358
"FOLH1_NAALAD2",-0.232490818503833,-0.126257634014707,0.0978510199210713,0.323294652615305
"NABP2_NABP1",-0.628065721231414,-0.613632311493612,0.0377169219324965,0.0963811921462027
"NAP1L4_NAP1L1",0.125821752996563,-0.0188655065494648,0.651554954213989,0.920481365139367
"NAPB_NAPA",-0.0545144468852949,0.360873516539361,0.829809267753024,0.00215317552402526
"NAT2_NAT1",-0.0463863150625329,0.0195417618465747,0.83941931326713,0.855753827742112
"NAV3_NAV2",-0.130205949830714,0.0190181236555775,0.444437747621181,0.889151149858374
"LRBA_NBEA",0.178117490342837,-0.00408386005266148,0.200167584149022,0.973768592349738
"NBPF3_NBPF15",0.569512700066382,0.411742962289108,0.0307007710110643,0.106125248267486
"NCK2_NCK1",0.0312272052413106,-0.0614170885916493,0.851068593048022,0.530289094352611
"NCKAP1L_NCKAP1",0.111452849961979,0.0469015026283644,0.397646349558216,0.768394575964827
"NDEL1_NDE1",-0.520045011417016,-0.699021589947646,0.00719419589962711,0.00792752368532833
"NDUFA4L2_NDUFA4",0.246044917177199,0.053661521264611,0.212809071040954,0.328123026888309
"NECAP2_NECAP1",0.166897642118357,0.221505242455898,0.303330650523085,0.069991221979765
"NEK7_NEK6",0.00971054951625664,-0.069838821419672,0.983576012385611,0.745597247769317
"NELL2_NELL1",-0.153870584251062,0.281828564475043,0.495990629977848,0.129495408766475
"DCC_NEO1",0.00365523181625171,-0.0142091573579835,0.988639751028165,0.923791284802466
"ARHGEF3_NET1",-0.0714662849255352,-0.0673881147713461,0.6136416165077,0.275858373148551
"NETO2_NETO1",0.0122442902133557,-0.131551668862736,0.952033450848404,0.463559516398262
"NHLH2_NHLH1",0.0978936957353094,-0.0280279688225299,0.342397335196159,0.620379447889666
"NIPAL1_NIPA2",0.351487448021796,0.0627704425848115,0.0680667756424789,0.49046073251703
"NIPSNAP2_NIPSNAP1",-0.0374905319497798,-0.0727978253224077,0.813321242088656,0.4879693996375
"NIPSNAP3B_NIPSNAP3A",-0.173394650379664,0.331218140440715,0.375196983055656,0.0731350439875269
"NKAPL_NKAP",-0.239847641350364,0.0649525601097743,0.241557751780029,0.482250790495214
"NKIRAS2_NKIRAS1",-0.239794128816982,0.0193689902538841,0.12440213168389,0.827105252761192
"NLRP7_NLRP2",0.00916135910507688,0.057317699126952,0.961684432979111,0.49201014386288
"NMT2_NMT1",-0.063803708079124,-0.168841651631992,0.773369973310142,0.612260795787203
"NOL4L_NOL4",-0.240588888908852,-0.105198745324202,0.12440213168389,0.556089553666788
"NOVA2_NOVA1",-0.03043052264648,-0.0103262897028658,0.8583955014723,0.956782924566794
"NPBWR2_NPBWR1",0.102620570662793,0.139669178433426,0.600240298507551,0.447037468726822
"NPR2_NPR1",-0.226855454530039,-0.00695762479238339,0.160327029427444,0.920481365139367
"NPTX2_NPTX1",-0.0207780241123048,0.407118706518525,0.923059476914872,0.0341684750722363
"NR1H3_NR1H2",-0.306106458457062,0.0507461395135916,0.0826169790563271,0.648616023405408
"NR2C2_NR2C1",-0.186237229689402,-0.263190677158857,0.340438662407337,0.123047967749732
"NR5A2_NR5A1",-0.187276161866987,-0.171829884633083,0.134437735509023,0.25631924778603
"NRBP2_NRBP1",0.105535705879429,-0.231390622355407,0.807678681011567,0.320351673736125
"NSG2_NSG1",0.0421624220419162,-0.103297297735982,0.754583994554135,0.218990171300318
"NT5DC3_NT5DC2",0.0745502638965336,-0.0794106431392667,0.651554954213989,0.657506921623948
"NT5C_NT5M",0.0418812801203809,-0.0900164325506499,0.83941931326713,0.370254651379627
"NTN3_NTN1",0.151457007539326,0.237629537668971,0.121041759486762,0.145191274589783
"NTNG2_NTNG1",0.0247044725715542,0.0763019400995193,0.909638674976438,0.453611895052125
"NUCB2_NUCB1",0.0518244073709513,-0.0174353814351736,0.807678681011567,0.815159210078236
"NUMBL_NUMB",0.241561992275666,0.144524486146972,0.0706392965247005,0.147240710046622
"NXPH2_NXPH1",-0.156488850134762,0.0209108957166609,0.523354430468244,0.870321527017803
"NXT2_NXT1",-0.370614234432706,-0.470991282722995,0.137758423497441,0.287536850199886
"OBP2B_OBP2A",0.209984804977718,0.339924594424686,0.134437735509023,0.140795695167385
"OCM2_OCM",0.270564529696579,0.171723563651586,0.0727675491056752,0.237272038999187
"OGDHL_OGDH",0.340102649686714,0.128367367808463,0.0407928037178838,0.106690254919726
"OSBP2_OSBP",-0.118761500396333,0.0399089011995969,0.784852569852215,0.854415506787913
"OSBPL11_OSBPL10",-0.302441230177798,-0.131836168520869,0.121145258292199,0.384443345262942
"OSBPL8_OSBPL5",0.0516447152917516,0.213053395636211,0.717178102082609,0.158307304363887
"OTUD7B_OTUD7A",0.0541643119940258,2.26762649898266e-05,0.754583994554135,0.998294441021293
"OXCT2_OXCT1",0.148245531136852,0.206607968673016,0.4124288706004,0.228096218335598
"AVP_OXT",0.136433077022698,0.0238593773554668,0.251925399932654,0.891548126665789
"P2RY4_P2RY2",-0.129751959261686,0.0800928881218343,0.417707258183673,0.472133962330935
"P4HA2_P4HA1",-0.0813446851326664,-0.135160496575867,0.773369973310142,0.170911854457688
"PACS2_PACS1",0.039485328129132,0.114805731019418,0.708874795087232,0.4879693996375
"PAFAH1B3_PAFAH1B2",0.13638966270215,-0.0982091226941915,0.593407385770665,0.323294652615305
"PAIP2B_PAIP2",-0.0050496249635954,0.146055594308434,0.975526005908384,0.195586510857522
"PAPSS2_PAPSS1",0.0408164256209201,-0.16945440120044,0.89249193954727,0.20961279671616
"PARVB_PARVA",-0.051667759238043,0.0301870637189701,0.744081552906031,0.83594162564835
"PAX7_PAX3",0.0622956982113404,0.0117855947872052,0.60403845879888,0.900394026743039
"PCK2_PCK1",0.170219186801502,-0.137058375647665,0.151977907452009,0.410760569501469
"PCMTD2_PCMTD1",-0.0777476853924126,-0.335549459166175,0.705206922978176,0.00163235989747141
"FURIN_PCSK4",-0.113611652113952,0.176489265115228,0.547513925694802,0.387310058343594
"PCYT1B_PCYT1A",-0.223606995399868,-0.159404274148721,0.232033811581357,0.378346858104131
"PDCL3_PDCL2",-0.147985238041109,-0.0592081006488566,0.355217562342989,0.630198025960197
"PDE1B_PDE1A",0.472256045310946,-0.07468154325086,0.00462618473504491,0.476837144627826
"PDE6H_PDE6G",0.39537940888718,-0.0583388018328092,0.00341616516817027,0.648616023405408
"PDE7B_PDE7A",0.33900083164438,-0.0380347913194428,0.00318016251155654,0.738171638023016
"PDE8B_PDE8A",0.0529549253300464,-0.126885960021578,0.651554954213989,0.241461388708204
"PDHA2_PDHA1",0.0660371958079607,-0.118444086797109,0.703461703198656,0.490154116580919
"PDS5B_PDS5A",-0.778130649430353,-0.248985487406466,0.00623124325206419,0.620379447889666
"PF4V1_PF4",0.105572018274916,-0.006497808613096,0.456683927895082,0.937479573939037
"PFN2_PFN1",-0.104710989846233,-0.413476371074754,0.750068834433401,0.0587177847209528
"PGK2_PGK1",0.129394725184825,0.0808133415382852,0.684872539287995,0.516323578020654
"PGLYRP4_PGLYRP3",0.0913019140681163,-0.286933517387272,0.564101056104727,0.0165846029537853
"PGM2L1_PGM2",0.153598138684346,-0.0296802017957756,0.306350314039828,0.720812537403183
"PGM1_PGM5",-0.136661188501247,-0.0910803590425384,0.333668510076843,0.435093314034105
"BRWD3_PHIP",-0.0503922903408937,-0.0215732554478734,0.814822906316891,0.898954717503514
"PHKA2_PHKA1",-0.0481919481776019,0.200320676512769,0.705750205340654,0.174411814203905
"PHKG2_PHKG1",-0.0896186457153746,0.17013399385288,0.452582105349092,0.358697462156139
"PHOX2B_PHOX2A",-0.137475343643691,-0.142472533771219,0.341866661921074,0.243234589272004
"PHTF2_PHTF1",-0.250178835748066,0.0834861894981899,0.325076426746445,0.361852890747018
"PHYHIPL_PHYHIP",-0.0399356089401801,0.208892162719828,0.827849290296006,0.0911832854839379
"ETNPPL_PHYKPL",-0.116323979858975,-0.0828895353062159,0.204754161449445,0.530289094352611
"PIK3CD_PIK3CB",0.132199329767071,0.0614703728002503,0.365540519052471,0.651137013428628
"PILRB_PILRA",0.0960902118048738,-0.0612996671123212,0.506531062022192,0.487886639127651
"PITPNB_PITPNA",-0.657451015530565,-1.02558270251806,0.0221996918614721,0.0285417935246459
"PKM_PKLR",-0.334080463193255,-0.265117389254609,0.167284074112187,0.328123026888309
"PKNOX2_PKNOX1",0.196632206538675,-0.0719037038455086,0.193300564683258,0.461672515784093
"HRASLS2_PLA2G16",0.0392006356298797,-0.0675208608954108,0.871302208231522,0.503799872630185
"PLA2G2E_PLA2G2A",-0.301653920578674,0.0954239804485401,0.151977907452009,0.395104902598749
"PLAGL2_PLAG1",-0.392911320703198,-0.0948147039037025,0.0580353611331438,0.464488673412322
"PLCB3_PLCB1",0.151223159918915,-0.0890076297744224,0.346633856990872,0.568039240417886
"PLCL2_PLCL1",-0.340984893298403,-0.353369086046101,0.0843518332226019,0.00299506106192161
"PLPP5_PLPP4",-0.106348870417887,0.173795971380221,0.502119724579621,0.267870476490367
"PLPPR5_PLPPR1",0.00184909949109666,-0.0957275775997655,0.992194660215169,0.44253983372737
"LDLRAD4_PMEPA1",-0.0284811754901396,0.112139006002001,0.842570883080272,0.328123026888309
"PMM2_PMM1",-0.573436130269283,-0.473833824577382,0.0407928037178838,0.00567522636406481
"MOAP1_PNMA1",0.263801324111891,0.237220262229267,0.281811518586564,0.0433647366141919
"PNPLA7_PNPLA6",0.00380781248118496,-0.0653072163604181,0.986753584219224,0.530289094352611
"POM121C_POM121",-0.480411080277505,0.0110453573286778,0.0484833861427563,0.971412395114169
"PPA2_PPA1",-0.397024836407717,0.131497646711914,0.144748224294526,0.592908313230619
"PPIP5K2_PPIP5K1",-0.119364434817427,0.25267620777095,0.773369973310142,0.0472607950437445
"PPM1B_PPM1A",-0.146266106794021,-0.141704262815334,0.235580954215472,0.203160070669671
"PPP1R14C_PPP1R14B",0.144002554132593,-0.0102711198775118,0.156864212802185,0.88597016816311
"PPP2CB_PPP2CA",0.0625071616160803,-0.0922694036973677,0.651286781808197,0.344727033371553
"PPP2R1B_PPP2R1A",-0.440383726819068,-0.30164884933443,0.0377169219324965,0.117694393043063
"PPP3R2_PPP3R1",0.0455909918085532,-0.0247411991832671,0.776366959299911,0.876065791640568
"PRELID3B_PRELID3A",-0.206565731127071,-0.306245788839144,0.495107285747962,0.119997621181877
"PREX2_PREX1",-0.068051338562265,0.0389716294498525,0.732194379875458,0.613942829270117
"PRICKLE2_PRICKLE1",0.0893097003708823,-0.0779929866520286,0.49906706605739,0.532134834388751
"PRKAA2_PRKAA1",0.245332785139764,-0.0216802127776066,0.20578708061724,0.859950077747132
"PRKAB2_PRKAB1",-0.0649553459995942,0.0591579337923482,0.534869436091813,0.474660782833425
"PRKAR1B_PRKAR1A",0.091554286597757,-0.401833783173351,0.524422919490424,0.00204136057718032
"PRKAR2B_PRKAR2A",0.0501619000821464,-0.0376287371773287,0.808400052767597,0.781842364086659
"PRKCH_PRKCE",0.0980094286442643,0.0512015625392329,0.414540250289779,0.591398119066084
"PRKCD_PRKCQ",0.127261871309609,-0.0834752479828061,0.325379988973959,0.417379295021157
"PRKCI_PRKCZ",-0.0434615012073317,0.046508330550633,0.805515027477143,0.53208556172233
"PRMT8_PRMT1",-0.587378190465541,-0.283394664899578,0.186446806823138,0.231077210624129
"PROKR2_PROKR1",-0.160540687706184,-0.0381968441939011,0.25992515363938,0.620345969032356
"PRPF40B_PRPF40A",-0.227936402254641,-0.215880754913845,0.572865277518139,0.200696233327568
"PRPSAP2_PRPSAP1",0.00432999615943859,-0.106417655671742,0.988350055591471,0.355251606436848
"PRRX2_PRRX1",0.0419437660741494,-0.0451367238112426,0.811635345559652,0.545991386466828
"PRSS41_PRSS21",0.00189041446416845,0.119411814477794,0.989875719472551,0.283902289354801
"HPRT1_PRTFDC1",0.0817592301163763,-0.297860357146275,0.60457581776978,0.0433647366141919
"ELANE_PRTN3",-0.0322435085452414,-0.0821451088314257,0.776366959299911,0.179691811239383
"PSEN2_PSEN1",0.00559743022113232,-0.1428707116575,0.988350055591471,0.106125248267486
"PSKH2_PSKH1",0.0470959439125204,0.123510287096093,0.765849856457237,0.264053304118856
"PSMA8_PSMA7",0.0212491572647674,-0.300500050560133,0.95575387627291,0.323294652615305
"PSMB10_PSMB7",-0.0762042683695508,-0.00647465320775246,0.804334542031646,0.987786863571714
"PSMB5_PSMB8",-0.661932213214583,0.0262077538939251,0.0827449470093323,0.956071260788028
"PSMB6_PSMB9",-0.0418702324685451,-0.389197624457577,0.817973210223996,0.0433647366141919
"NONO_PSPC1",-0.599374676946904,-0.0886126330420947,0.0294051347930064,0.705210518082928
"PTGS2_PTGS1",-0.21094352305226,0.117023325020801,0.24846084495333,0.406722430303919
"PTPN1_PTPN2",0.0432799790099887,-0.109793016626062,0.747063391220794,0.447037468726822
"PTPN14_PTPN21",0.194321923113507,0.142248284253951,0.234155753739216,0.0263996647245051
"PTPN4_PTPN3",0.146924418483049,-0.118541460131989,0.234440264358411,0.325936169640603
"PTPN11_PTPN6",-0.0902960523651427,-0.163497989146976,0.721365239703341,0.366563447580848
"PTPRE_PTPRA",0.0991241808880669,0.0597609399290269,0.468460679119928,0.500501899137399
"PUM2_PUM1",-0.249015013382951,-0.428460679550618,0.139712029442283,0.00574582475330415
"PURB_PURA",-0.141959538635149,-0.227934172246883,0.213282675989303,0.143266768607791
"PXDNL_PXDN",0.123250548918727,0.00551935649919964,0.386037559482839,0.969608133175626
"PYCR2_PYCR1",-0.0882165023582918,0.0155667130133797,0.417707258183673,0.803874780652514
"A2M_PZP",0.176889578887122,-0.0986713275166798,0.163169750487596,0.447060228982683
"PI15_R3HDML",-0.0463491505076082,0.0823551256284517,0.836629524047082,0.634906539002341
"RAB27B_RAB27A",0.248089050396328,0.0445703538720528,0.0888982602238198,0.606456633664713
"RAB22A_RAB31",0.0259034449132351,0.142675832035002,0.912830091147463,0.231077210624129
"RAB33B_RAB33A",-0.0720290440433176,-0.0956249783214888,0.732470271965546,0.23056625782375
"RAB26_RAB37",0.220614266494577,0.0375937226456241,0.136818966027543,0.71317315548295
"RAB39B_RAB39A",-0.07789369663615,0.0319947672882916,0.577673905377827,0.651137013428628
"RABL2B_RABL2A",-0.49273011608464,0.0949596828191388,0.0131080677398532,0.657483990540466
"RAD23B_RAD23A",0.260288133211392,-0.224704282678428,0.245276081303543,0.218990171300318
"ARAF_RAF1",-0.0733264332915795,0.399549889817026,0.687333547803514,0.0991068495134993
"RALB_RALA",-0.717854357598602,-0.627215080323204,0.00726648227843037,0.000143486481667998
"RALGPS2_RALGPS1",0.0706510005565793,-0.0518278306443245,0.717137703382433,0.651137013428628
"RALYL_RALY",0.114056788158594,0.0602712087629698,0.357712146611777,0.384443345262942
"IPO5_RANBP6",-0.215523677145718,-0.0748973301755519,0.352476902317999,0.389885049631688
"RANBP10_RANBP9",-0.0718495004851286,0.134333523717928,0.753284759336527,0.295737135297693
"RAPGEF6_RAPGEF2",0.00420742697703396,0.0028297799499125,0.988350055591471,0.981487862610154
"RASA3_RASA2",-0.276382431248962,-0.0636968612600877,0.0157796898258694,0.521755360865053
"RASD2_RASD1",-0.0384252987442124,-0.145792840811343,0.833150604957432,0.190468521359121
"RASGRF2_RASGRF1",0.231915544557689,0.0552353381573245,0.361796444511252,0.706050594340199
"RASL10B_RASL10A",0.0318028957736754,0.0471968080914304,0.782092764690395,0.71126713654337
"RASSF4_RASSF2",-0.204857955442046,-0.11663641333967,0.168258062120164,0.384443345262942
"RBBP7_RBBP4",-0.196713725268959,-1.01581505035987,0.162638799965782,0.00216666921650387
"RBM38_RBM24",0.0840019323067952,0.140602139461052,0.641779506192445,0.451077136531209
"RBPMS2_RBPMS",0.0635128092954258,0.198307307987679,0.724222507631046,0.279361769550588
"RCAN3_RCAN2",0.370058305361491,-0.0799551027222129,0.0888982602238198,0.540974466809471
"RCBTB2_RCBTB1",0.238065392982535,-0.0197888046326099,0.150109065650874,0.935821477335917
"RDH12_RDH11",0.0438819460288882,0.104105586476456,0.732194379875458,0.521755360865053
"REEP6_REEP5",-0.127487344199711,-0.103860292750908,0.424544956886006,0.296089130487667
"REG1B_REG1A",-0.111972371902012,-0.154937716408256,0.470800005421241,0.267471236765746
"RFX3_RFX2",-0.233872917035461,0.195533619602545,0.0690027883376167,0.0160071224203955
"RGS19_RGS17",0.234040170939603,0.0566019632289067,0.156864212802185,0.683437450285131
"RGS7_RGS6",0.249644616374028,0.162776232976319,0.325076426746445,0.315110985611445
"RHBDF2_RHBDF1",-0.126219699242717,0.0930600601588801,0.415499754638041,0.503799872630185
"RHBDL3_RHBDL1",0.128699958150818,-0.0143237657954417,0.316599630719111,0.87301321637926
"RHD_RHCE",-0.258931398458442,0.0265927247216688,0.0703142124331886,0.829065794953578
"RHEBL1_RHEB",0.110256335794096,0.0731585489118912,0.424544956886006,0.71317315548295
"RHOBTB2_RHOBTB1",0.114172589962898,0.00495014494638706,0.330080616795105,0.95981078344366
"RHOT2_RHOT1",0.00282959065255004,-0.0188396734453201,0.988540370953113,0.866871949095496
"RIMKLB_RIMKLA",-0.115412380708082,0.0467532235355183,0.608100277755504,0.579073430004573
"RIT2_RIT1",-0.0237436195957261,-0.154505098536219,0.943384457179658,0.241461388708204
"RLN2_RLN1",-0.219108946879931,0.0254275831401646,0.422857502705679,0.797839377298749
"RMND5B_RMND5A",-0.18372767629523,-0.197263878768856,0.212649413855255,0.0620780034991148
"RNASE3_RNASE2",0.021830255288811,0.0256416294793593,0.909638674976438,0.779284390340868
"RNF113B_RNF113A",-0.234060450398667,0.185199524570863,0.529056705193199,0.144853919551371
"RNF144B_RNF144A",-0.171572303182069,-0.00949429395161058,0.247708492543061,0.917881750670513
"RNF121_RNF175",0.285344452435859,0.035378030053912,0.0131080677398532,0.666109823038419
"RING1_RNF2",-0.0970671071914022,-0.0671485898787694,0.547513925694802,0.452180872857588
"RNF20_RNF40",-0.0391087446465453,-0.140548706766225,0.887524402978211,0.541258318428292
"RNF38_RNF44",0.0915181575762481,0.0535266538496041,0.742026510237167,0.652997042019164
"ROCK2_ROCK1",-0.767770065479375,-0.149465734239243,0.016653296802675,0.224537004760765
"ROPN1B_ROPN1",0.0107907728771929,-0.0417313221099353,0.963377083971792,0.768534648479262
"ROR2_ROR1",0.0129094603403867,-0.123868914299481,0.963568200823844,0.218180929355688
"RPEL1_RPE",0.21141293478894,0.397646083649511,0.533731848988547,0.264053304118856
"RPL10L_RPL10",-0.136168887186858,-0.337135229329578,0.538446152557152,0.371917204892355
"RPL22L1_RPL22",-0.374630329498144,-0.743760319938363,0.103050152100708,0.00858133534140066
"RPL26L1_RPL26",0.164161181609529,0.135327796443058,0.745067656129806,0.535269593036466
"RPL39L_RPL39",0.204681038437468,0.0406115215299997,0.296075324941991,0.620379447889666
"RPL3_RPL3L",0.121622957005661,0.100388523702638,0.625473773637487,0.53208556172233
"RPRD1B_RPRD1A",0.205394294182199,-0.312157998373331,0.281811518586564,0.170975528519584
"RPRML_RPRM",-0.567307857813984,-0.176391959515295,0.0305490870977425,0.389885049631688
"RPS27L_RPS27",-0.218418863784381,-0.0496546797303401,0.392701590679929,0.912641328989322
"RPS6KA5_RPS6KA4",-0.152707337300759,-0.128881065752837,0.572865277518139,0.200696233327568
"RPS6KB2_RPS6KB1",0.0412362355108235,-0.11471276693798,0.773369973310142,0.167452455264552
"RRAGB_RRAGA",-0.543250237273755,0.121148739204111,0.0139343592845881,0.327706124664364
"RRAGD_RRAGC",-0.298910237391902,-0.0210290339242207,0.518273062096126,0.912365559071503
"RRM2B_RRM2",-0.358648233121198,-0.106142322107206,0.102325195335772,0.541258318428292
"RTP2_RTP1",-0.0429958278089843,0.133711522694812,0.799679707426192,0.170911854457688
"RUNDC3B_RUNDC3A",-0.203232332689446,0.00966547604166628,0.176870832733873,0.95981078344366
"SAFB2_SAFB",-0.269298953069941,-0.0815269851397443,0.0986119769795505,0.607145263065715
"SALL3_SALL1",0.0050313030321655,-0.00627033606251999,0.988350055591471,0.956670195334959
"SAMD4B_SAMD4A",-0.117741425489347,-0.0645053927603921,0.666891611272035,0.636237097080567
"SAMD9L_SAMD9",0.446697344466909,0.0494777191898959,0.170412387838424,0.798873513349734
"SAP30L_SAP30",0.160384181820522,0.0155900778023272,0.168258062120164,0.822384679579099
"SAR1B_SAR1A",-0.36835980681436,-0.540575189580707,0.0439125670317473,0.0869424572064844
"SATB2_SATB1",0.236842871213374,0.142258585360082,0.527929341537778,0.170911854457688
"SBF2_SBF1",-0.204337935676158,-0.0121320228221568,0.386037559482839,0.950984576413465
"SCAMP5_SCAMP4",-0.0456363660172536,0.018303102486144,0.846471789017765,0.88279818755257
"SCD5_SCD",-0.0938828995619376,0.180236466801815,0.776366959299911,0.320351673736125
"SCGB1C2_SCGB1C1",-0.039525584537239,0.194062062301577,0.836629524047082,0.1625788212574
"SCGB2A2_SCGB2A1",-0.0323455199287712,0.127620643852608,0.8483161105264,0.436526674065868
"GSN_SCIN",0.0387272187603098,-0.172623815469468,0.765849856457237,0.121272648378201
"SDCBP2_SDCBP",-0.140334666386366,-0.0386806387992442,0.211095086875904,0.802244850708575
"SDF2L1_SDF2",-0.120821933212298,0.0655771884107424,0.296075324941991,0.597082543024308
"SDK2_SDK1",-0.132106150344889,0.0731687067790262,0.499453273708759,0.384443345262942
"SDSL_SDS",-0.0529231538670556,-0.0270167491534386,0.762917290324019,0.620379447889666
"SEC11C_SEC11A",0.0372405329658286,-0.628054582700771,0.84249982607441,0.00946030524462675
"SEC14L5_SEC14L1",-0.00707154931320905,-0.0714566032402811,0.963377083971792,0.359704082245968
"SEC23B_SEC23A",-0.512616224169078,-0.674506927287268,0.0171963813421935,0.000416115661931522
"SEC24B_SEC24A",-0.795709523923417,-0.466847184189247,0.00170744864423945,0.0150855044813278
"SEC24D_SEC24C",-0.415609755076152,-0.47114307827936,0.150109065650874,0.00275091607782139
"SEC61A2_SEC61A1",0.0781827523416941,-0.372627548384374,0.792264955325767,0.226452094308806
"SEMA3F_SEMA3C",0.0337965831755537,0.127741150224818,0.814822906316891,0.172199325053016
"SEMA5B_SEMA5A",0.249980865691814,0.0797655355476352,0.193729751859493,0.350292633576564
"SEMG2_SEMG1",-0.211529186140871,-0.071817737459205,0.247872674342437,0.65654186154579
"SEPHS2_SEPHS1",-0.649828347936671,-0.00263071200729901,0.0103449362185571,0.983442522029791
"SEPT3_SEPT12",-0.0955213142249757,-0.0978288044343845,0.517223620815383,0.287536850199886
"SERP2_SERP1",0.14011492062147,-0.0464841002398275,0.386037559482839,0.685728920961403
"SETSIP_SET",0.0846888956412106,-0.212128056882209,0.624981419352137,0.385899255585573
"SFMBT2_SFMBT1",0.0695590473239308,-0.183929426649385,0.666891611272035,0.143266768607791
"SFRP5_SFRP1",-0.0949676171614568,-0.0792553147109032,0.569786646965289,0.1625788212574
"SFT2D2_SFT2D1",-0.0365285834932303,0.0796464244227737,0.792023534967511,0.651137013428628
"SFTPA2_SFTPA1",-0.0249710753784088,0.0517319345936883,0.954372554926789,0.77571243202392
"SGMS2_SGMS1",0.0523103259324683,0.133547502153454,0.739470244167596,0.283258787771288
"SGSM2_SGSM1",-0.13936968206921,-0.0343039764183652,0.4124288706004,0.817130758948013
"SGTB_SGTA",-0.0856681216169929,0.194865519230873,0.744081552906031,0.0807223286234013
"SH3BGRL2_SH3BGRL",0.19698384862523,0.00219766362470821,0.167284074112187,0.980114931533317
"SH3GLB2_SH3GLB1",-0.232131625063829,-0.0789291675515695,0.0843518332226019,0.373493267062398
"KCTD3_SHKBP1",-0.21689944360081,0.0689389914124969,0.361796444511252,0.49046073251703
"SHMT2_SHMT1",-0.436085579094079,-0.429623996210416,0.0038128574195508,0.000338605462948122
"SHOX2_SHOX",0.111113494437856,0.196623230979599,0.577673905377827,0.0395397197162418
"MGAM_SI",0.0789414979437759,-0.0107942883200983,0.730823192309126,0.931730917209787
"SIAH2_SIAH1",-0.250336013270545,-0.127653730832502,0.27715419382592,0.286209831283543
"SIDT2_SIDT1",0.176604946381125,-0.139293474495564,0.244978695846818,0.0417798253950729
"SIGLEC11_SIGLEC10",-0.122009937514571,-0.095153309060562,0.553138113619808,0.210016981053114
"SIPA1L2_SIPA1L1",0.10244614542155,-0.187488443402348,0.430785857226867,0.00206473493705921
"SIX6_SIX3",-0.0146130902686837,-0.147450074717224,0.945062420429007,0.167452455264552
"SLC11A2_SLC11A1",-0.259167718411744,-0.157036600888422,0.0744072047726939,0.283902289354801
"SLC16A1_SLC16A7",0.203307873857575,0.226022049856814,0.361796444511252,0.100570253445567
"SLC16A3_SLC16A8",0.0333900201217962,-0.0272555301761565,0.843434764288635,0.766178834155297
"SLC18A2_SLC18A1",-0.091377977481188,-0.183024090560854,0.572865277518139,0.0758270848863549
"SLC1A5_SLC1A4",-0.0416757141667645,0.048915721606497,0.833150604957432,0.297975976756133
"SLC20A2_SLC20A1",-0.328439543943733,-0.80879681114252,0.247872674342437,0.00569878613697568
"SLC22A12_SLC22A11",-0.00348785219645011,0.0569023985576283,0.988350055591471,0.550208266421498
"SLC22A1_SLC22A2",-0.00295981911354619,-0.0436529136477524,0.991358359508406,0.797799408083842
"SLC22A5_SLC22A4",0.127262786301565,0.300445393010086,0.41615510847727,0.00206473493705921
"SLC23A2_SLC23A1",-0.147332166598037,-0.0935202686582562,0.506531062022192,0.612260795787203
"SLC24A4_SLC24A3",-0.125163798553499,-0.00449423033847948,0.200145501490306,0.975154680713865
"SLC25A13_SLC25A12",0.283986184440435,0.0352097681269145,0.01146135115529,0.592908313230619
"SLC25A15_SLC25A2",-0.0107693961544747,-0.0306116235282254,0.909638674976438,0.81171310643013
"SLC25A18_SLC25A22",0.080338294783153,-0.0505262074804633,0.602238671016546,0.710677029267452
"SLC25A14_SLC25A30",-0.0616244494288772,-0.0913058559056416,0.684204893364543,0.603704945471989
"SLC25A36_SLC25A33",0.379169500477155,-0.00494960442658236,0.176870832733873,0.969608133175626
"SLC25A28_SLC25A37",-0.687247728975965,-0.685134979403772,0.00051479697118594,0.0629192998533386
"SLC25A52_SLC25A51",-0.0872126241814816,-0.0847358473595161,0.558835570357991,0.4721325229431
"SLC27A1_SLC27A4",-0.173953027106017,-0.118114735018865,0.230810166388559,0.174411814203905
"SLC27A2_SLC27A6",-0.156972720926005,-0.0525673048485062,0.232033811581357,0.640039216019861
"SLC28A2_SLC28A1",-0.0776244012813709,0.0592804930479686,0.677528827835409,0.37181617097814
"SLC2A7_SLC2A5",0.168640408558694,0.0100299501758914,0.184944593572458,0.924325002400739
"SLC35D2_SLC35D1",-0.339453914980204,-0.0253741664876196,0.0177098945932814,0.815770750203974
"SLC35E2B_SLC35E2",0.148186132987522,-0.0523046310035632,0.365564119202735,0.666109823038419
"SLC37A2_SLC37A1",0.194316091659281,0.020494180653314,0.0864692904947767,0.592908313230619
"SLC41A2_SLC41A1",0.0519561041212142,0.0175999592831731,0.683647610543759,0.879652623843931
"SLC43A2_SLC43A1",0.00301573196731056,-0.0534390552280556,0.988639751028165,0.447037468726822
"SLC52A2_SLC52A1",-0.207157670276258,0.105352573384908,0.232776895254587,0.305005828152212
"SLC5A8_SLC5A12",0.184856152663599,0.248565754761726,0.0807471945881716,0.0180985281079426
"SLC6A17_SLC6A15",-0.0192357970874424,0.294235880312178,0.938402596321603,0.00206473493705921
"SLC6A19_SLC6A18",0.199162410833436,0.0140320807864885,0.183650044170642,0.956071260788028
"SLC6A3_SLC6A2",-0.0888064176682024,0.0131474946740245,0.428618860240971,0.924331775993939
"SLC7A7_SLC7A6",0.0365858662989319,-0.0377181366179294,0.887524402978211,0.82364567053776
"SLC9A4_SLC9A2",-0.113950977933964,-0.0587441664973121,0.339524105491934,0.283368324257888
"SLC9B2_SLC9B1",-0.0546913053413351,-0.0844780067260348,0.742026510237167,0.289713233968156
"SLFN12L_SLFN12",0.236043784980772,-0.0913097619247425,0.208228778307147,0.241461388708204
"SMARCA4_SMARCA2",-0.333689877154846,-0.227711036209413,0.0702247470651376,0.0168167255057188
"SMARCA1_SMARCA5",-0.0748649854501434,-0.0818250461879681,0.78408988665576,0.651953412057436
"SMARCC2_SMARCC1",-0.185832924329778,0.11205577274536,0.515803259846616,0.679074722975485
"SMOC2_SMOC1",0.101533961719837,0.0724393277133592,0.495107285747962,0.401225596440914
"SMURF2_SMURF1",-0.0180735079084801,-0.0993157946511316,0.930128232953143,0.406865622367848
"SNAP25_SNAP23",-0.169259573016801,-0.319894546810181,0.558353549122092,0.167452455264552
"SNCB_SNCA",-0.141424775825473,-0.0443446289385689,0.521940192175281,0.682307345428899
"SNRPA_SNRPB2",-0.471087662201678,-0.260078535102728,0.0409539274810898,0.106690254919726
"SNRPB_SNRPN",-0.0933578856698248,-0.137817437762714,0.433553017071636,0.323294652615305
"SNX1_SNX2",-0.0336664991170611,-0.036335260300625,0.747063391220794,0.760343440049074
"SNX12_SNX3",-0.0232021970921562,-0.0562371193120966,0.920720214896274,0.540874761692745
"SORCS3_SORCS1",0.0233618886553597,-0.0426961473737707,0.909638674976438,0.571083804974336
"SOS2_SOS1",-0.0835513379174712,-0.576145875427944,0.724497163842977,0.00122070306539717
"SOX1_SOX2",-0.0825005807576607,0.0726325946240581,0.550824085323699,0.569544555960482
"SOX14_SOX21",0.267006005780055,0.0443516321867029,0.0706392965247005,0.693877968040779
"SOX6_SOX5",0.00982850992616762,-0.0154979019047272,0.956548071820895,0.912641328989322
"SP9_SP8",-0.158030604326178,0.196071932429736,0.25992515363938,0.133441481880671
"SPAG11B_SPAG11A",-0.485399680680305,-0.0717767173552049,0.424022108093205,0.891535396517767
"MAPK8IP3_SPAG9",0.00392860723822571,-0.16197763509227,0.988350055591471,0.309088225983719
"SPOCK3_SPOCK1",0.187882440387218,-0.0109675622185513,0.379871029835962,0.950220104368326
"SPOPL_SPOP",-0.943369324502349,-0.110171139114225,0.0217261796512347,0.664686690273359
"SPRED2_SPRED1",-0.0222649289436743,-0.193600934692695,0.94083376837929,0.218990171300318
"SPRR1B_SPRR1A",-0.05851141699059,0.0127358091658405,0.651554954213989,0.917155628395446
"SPRR2B_SPRR2A",-0.0868009428630679,-0.126042740144128,0.668181627183592,0.503575175825732
"SPRY2_SPRY1",0.102147289394588,-0.119898260568178,0.364777828342577,0.489276015023892
"SPTAN1_SPTA1",0.258037785522191,-0.0105433970660689,0.0855735212630453,0.923791284802466
"SPTLC3_SPTLC2",0.00564964953464111,-0.130759741242672,0.988350055591471,0.314258486543787
"SRGAP2C_SRGAP2B",0.355800853266164,0.29168056327778,0.00923990115205479,0.160147161752117
"GCA_SRI",0.0686677381586723,-0.0225516573372912,0.577673905377827,0.88362540665419
"SRSF9_SRSF1",-0.236992441585787,-0.0175323216225841,0.318147223727026,0.971412395114169
"SSTR4_SSTR1",-0.0788969932155694,-0.0523105211267801,0.623584690351196,0.521755360865053
"ST7L_ST7",0.0749896697259904,0.0736131628883124,0.754583994554135,0.591398119066084
"ST8SIA4_ST8SIA2",0.291039547060147,0.188201603201575,0.422857502705679,0.241461388708204
"STAG2_STAG1",-0.646658161566774,-0.492671333107379,0.00701793092396002,0.0351312508394361
"STAM2_STAM",-0.429816509067513,-0.175343618399874,0.0565398144871784,0.116923486518651
"STAMBPL1_STAMBP",-0.179886477938157,-0.0887321645456326,0.540645791303928,0.249458646291561
"STAT5B_STAT5A",-0.231664373391765,-0.0820989392219023,0.0772071236737522,0.44253983372737
"STEAP1B_STEAP1",0.0927698332092284,0.16472225545518,0.619407718446029,0.167882273354796
"STEAP3_STEAP2",-0.187116447792839,0.00249085748482532,0.0474599937805501,0.984817069859866
"OXSR1_STK39",-0.770826223604376,-0.399599053145355,0.00318016251155654,0.0731063516220392
"STK3_STK4",0.116742035265383,-0.0418089540464857,0.724497163842977,0.692432673672899
"STOML3_STOM",-0.215280887093484,0.0150942337897116,0.528520485626342,0.954647897703546
"STRIP2_STRIP1",-0.177463183237847,-0.241628624993357,0.456683927895082,0.0807944146016347
"STX10_STX6",0.142091473966696,-0.0248234442896766,0.309515546640558,0.815159210078236
"STX12_STX7",-0.037031221405358,-0.352028921798,0.887524402978211,0.0330310620360727
"STXBP2_STXBP1",-0.165306829203861,-0.171404631696109,0.249174719214548,0.0417798253950729
"STXBP5L_STXBP5",0.223482135970284,-0.0343832074487445,0.207957884861152,0.744197556539748
"SULF2_SULF1",-0.0304201395983007,-0.0950619858467631,0.836629524047082,0.0973991040460798
"SUV39H2_SUV39H1",-0.0599904058038897,-0.0200852892975307,0.804163886297203,0.866599794371977
"HNRNPR_SYNCRIP",-0.132980286556546,-0.654005786113148,0.527929341537778,0.0269030874363829
"SYNGR3_SYNGR1",0.0956796386252643,0.20766653804253,0.535104404076859,0.0150790954881778
"SYP_SYNPR",0.0963794422972581,-0.0672735212649902,0.572865277518139,0.36804626034623
"SYT4_SYT11",-0.226376928969459,-0.130882667881235,0.139712029442283,0.530179621388021
"TACR3_TACR1",-0.0966555891859061,0.0468157295826851,0.526931266390422,0.692279550025482
"TAF1L_TAF1",0.163203256132289,-0.246713042372024,0.600240298507551,0.218990171300318
"TAF9B_TAF9",-0.14270783672113,-0.0299758930581355,0.46732602499585,0.870321527017803
"TANC2_TANC1",0.0675668453675978,-0.117309169203663,0.705840052339819,0.452180872857588
"TAOK3_TAOK1",-0.056577592404449,-0.260054161039876,0.836629524047082,0.174411814203905
"TAS2R40_TAS2R39",0.0752151951955082,-0.042354773809233,0.60408184968086,0.651203458115802
"TBC1D22B_TBC1D22A",0.23536339604656,-0.198297236787167,0.0705496847961988,0.0726684318267503
"TBC1D8B_TBC1D8",-0.101882450472275,-0.0773606205826327,0.527929341537778,0.550208266421498
"TBPL2_TBP",-0.420637829995124,0.0230447150157798,0.234440264358411,0.862453414071586
"TBX18_TBX15",0.154202445467175,-0.180491121958183,0.501626036698612,0.289713233968156
"TBX3_TBX2",-0.0408192761111767,-0.0856310900782997,0.802794328692068,0.217719893047206
"TBX5_TBX4",-0.0432190971005563,-0.0219736135357185,0.84249982607441,0.873402620594111
"TCAF2_TCAF1",0.126711418599553,-0.0352332208541376,0.547513925694802,0.727082269253195
"SCX_TCF15",0.00935392369992532,-0.0755701488312444,0.909638674976438,0.221117307808928
"MSC_TCF21",0.0176034466993533,-0.0543836905485949,0.8405688948525,0.587602387330994
"LTF_TF",0.285687913645317,-0.0694363220457854,0.332856386669359,0.61680126544415
"TGFB3_TGFB2",0.255096802590631,-0.0738778250599499,0.111537059660812,0.363470218438266
"TGIF2LY_TGIF2LX",0.164249946882271,0.0149629510571051,0.284668443097913,0.838027171571921
"NLN_THOP1",-0.0864015243982859,-0.0770204379917663,0.365564119202735,0.433559499120113
"THRB_THRA",-0.217897082192578,0.127053339419993,0.204754161449445,0.366563447580848
"TIAL1_TIA1",-0.701296969544066,-0.732302983183449,0.0016249635005426,0.000338605462948122
"JRKL_TIGD2",-0.161089456965878,-0.0927647490093871,0.281811518586564,0.36565160071501
"TIMM17B_TIMM17A",-0.159918167464519,-0.820249844252344,0.60457581776978,0.00792752368532833
"TIMM23B_TIMM23",-0.131592735583787,-0.0825088637108675,0.713317298429493,0.623320643665677
"TLK2_TLK1",-0.723438323394602,-0.686175721124163,0.0284714824923236,0.0157646368487403
"TLN2_TLN1",-0.147094906336369,-0.18255996398238,0.430713526127015,0.393017110843817
"TLR6_TLR1",-0.0640844429889842,-0.243746595738095,0.691367004355226,0.0433647366141919
"TMED1_TMED5",-0.105539041478103,-0.103657953730942,0.55011083171409,0.453611895052125
"TMED3_TMED7",-0.0882026937630418,-0.345253995344623,0.573596722628237,0.0211956546746303
"TMED4_TMED9",-0.353412250946821,-0.278255709521728,0.0393156384598445,0.0263996647245051
"TMEM120B_TMEM120A",-0.206599686051848,0.0500555937088942,0.0704599623627501,0.622680422304795
"TMEM184B_TMEM184A",-0.139135630239049,-0.203141821323483,0.517384211670831,0.241461388708204
"TMEM185B_TMEM185A",0.114351571494152,-0.000606724912088657,0.448482885474328,0.992940857595591
"TMEM30B_TMEM30A",-0.141480392221584,-0.0890418997446359,0.424544956886006,0.634646332257698
"TMEM39B_TMEM39A",-0.205464498971657,0.0371990963669168,0.140332911729103,0.60442148726019
"TMEM50B_TMEM50A",-0.0103105356455703,0.168493037531393,0.963568200823844,0.323294652615305
"TMEM55B_TMEM55A",-0.0296978190455234,0.0671365806972937,0.832719425579547,0.616165223335843
"TMEM63B_TMEM63A",0.0246574442928849,-0.0670782732667806,0.767535905112069,0.485191271311872
"TMEM9B_TMEM9",0.07222952152551,-0.0174643404911298,0.526931266390422,0.876065791640568
"TNFAIP8L2_TNFAIP8L1",-0.159654816314218,0.101624149705964,0.234708289134531,0.135274835982508
"TNKS2_TNKS",-0.446829610036217,0.106848786899211,0.0342856081245691,0.536083338174962
"TNPO2_TNPO1",-0.182569976707777,-0.306676837373361,0.341734488575691,0.328123026888309
"TOB2_TOB1",0.147872372860652,-0.056958561417737,0.390062912385937,0.640277011040964
"TOM1L2_TOM1",-0.118370585032312,-0.0563290323795363,0.49624396925969,0.631358360943523
"TOMM40L_TOMM40",-0.220156249053106,-0.0602638737793357,0.212929425354746,0.37181617097814
"TOP1MT_TOP1",-0.0336441952041151,-0.328068167874349,0.909638674976438,0.0947545708781369
"TOP2B_TOP2A",-0.368408824842571,-0.0728065639817015,0.104044532486531,0.900201899648284
"TOR1B_TOR1A",0.226405771188149,-0.267882006564457,0.341734488575691,0.0168167255057188
"TP73_TP63",-0.270985216921173,-0.128307622167636,0.16100762446694,0.0987873161220427
"TPST2_TPST1",-0.175305651992795,-0.0238362810034864,0.27715848357207,0.777746389059976
"TPTE2_TPTE",0.290980903353349,0.0720347951724898,0.0295452370440602,0.489276015023892
"TRA2B_TRA2A",-0.490379481941397,-0.734249429669808,0.016653296802675,0.000218397783998572
"TRABD2B_TRABD2A",-0.108814328932824,-0.0938307421946959,0.204754161449445,0.417587278827144
"TRAPPC3L_TRAPPC3",0.261967518518298,-0.045974969650256,0.199431466005455,0.838719613975356
"TRAPPC6B_TRAPPC6A",0.213258119618626,-0.362058801176006,0.0794560859723723,0.00300223730821589
"TRIB2_TRIB1",0.16485499889643,-0.0937442493692055,0.329967502071555,0.241461388708204
"TRIM16L_TRIM16",-0.432347845403758,-0.197114822493701,0.0638477322488174,0.102477577471143
"TRIM3_TRIM2",0.0121825925530647,-0.0800993668552894,0.930128232953143,0.32147396591957
"TRIM63_TRIM54",-0.331516478628713,-0.138332057678636,0.104044532486531,0.0891170496255528
"TRIM9_TRIM67",0.25596671865808,0.337865646277026,0.181485258392225,0.0514149519440861
"TRPC5_TRPC4",-0.341618673630634,0.022568494363294,0.0888982602238198,0.875860180619081
"TRPM3_TRPM1",-0.0919816027235523,-0.150680198728948,0.694157129613102,0.283258787771288
"TRPM7_TRPM6",-0.334001600011143,-0.0764633014741041,0.332582105626744,0.568557416082451
"TRPV6_TRPV5",0.125122442963228,0.153833325867475,0.617691636056033,0.200696233327568
"CD151_TSPAN11",-0.153413474105612,0.0335224455135415,0.235055954330477,0.586433903044852
"TSPAN31_TSPAN13",-0.267213129797862,-0.0993011969954432,0.0690027883376167,0.393726994294357
"TSPAN7_TSPAN6",0.150194987402635,0.06258639101502,0.55011083171409,0.541258318428292
"TSPAN4_TSPAN9",0.253264331055344,0.0847072960520274,0.0407928037178838,0.369075707685289
"TSSK2_TSSK1B",-0.0218312062769832,-0.0243570753768367,0.893731799754615,0.77571243202392
"MPST_TST",0.0887440661950436,-0.0876446082641017,0.468643300119445,0.346442051767623
"TTC21B_TTC21A",0.202340926561439,-0.212690319557787,0.171721282619086,0.144853919551371
"TTC30B_TTC30A",0.19086928192186,0.225298353184702,0.186411578931954,0.261307171636217
"TUBG2_TUBG1",-0.320644904456345,0.0125511015360888,0.121041759486762,0.956071260788028
"MAGT1_TUSC3",-0.106592951653805,0.000164127662034977,0.577673905377827,0.998317372471873
"TWF2_TWF1",0.388746430977904,-0.246879794922523,0.156864212802185,0.106216046232147
"TYW1B_TYW1",0.102438118144654,-0.114548263690505,0.687333547803514,0.52895015036294
"UAP1L1_UAP1",-0.326647666023013,-0.165797526185538,0.0790465584683184,0.233853399605453
"UBALD2_UBALD1",0.00243620610724776,-0.185898976259697,0.989875719472551,0.241461388708204
"UBE2B_UBE2A",-0.645538835231151,-0.511585540262696,0.0131080677398532,0.0160071224203955
"UBTD2_UBTD1",0.0943491236288628,-0.211829688584925,0.651554954213989,0.0365941437145583
"UCHL3_UCHL1",-0.166121821248729,-0.0615809596866606,0.176870832733873,0.613942829270117
"UCK2_UCK1",-0.0348420400197806,0.32059566559503,0.909638674976438,0.0157646368487403
"UGGT2_UGGT1",-0.34825765023904,-0.112817391012037,0.289367053642772,0.218990171300318
"UGT3A2_UGT3A1",0.211730146886117,0.0692967505674118,0.374838296941982,0.623406899062757
"UHRF2_UHRF1",-0.311972550317462,-0.184063631688295,0.262492461611251,0.241461388708204
"ULK2_ULK1",-0.0405094547995976,0.0103914052959613,0.813617129358724,0.931730917209787
"UNC119B_UNC119",0.0501690066202678,-0.100904722623691,0.836185644674099,0.452180872857588
"UNC13B_UNC13A",-0.179329661853488,0.0313518029874535,0.0952855423915141,0.503575175825732
"UNC45B_UNC45A",-0.30499827411668,0.0930234041250779,0.0888982602238198,0.43998616678225
"UPP2_UPP1",0.00447527977162076,-0.0450371910852171,0.986753584219224,0.630896041708291
"PMPCB_UQCRC1",0.71400385863557,0.21416531969385,0.00101770561264587,0.447162362407098
"UQCRHL_UQCRH",-0.0665065623436639,0.0299600345269568,0.887524402978211,0.891535396517767
"USP20_USP33",-0.13977445347897,-0.0872251485839391,0.525697961383193,0.550189941383498
"USP15_USP4",-0.187710865824478,0.0179922719972282,0.318147223727026,0.870321527017803
"USP12_USP46",0.154898641750511,-0.0554130303950682,0.527293907617246,0.748142726006075
"USP44_USP49",-0.417927773387474,-0.17763521254309,0.0307007710110643,0.167452455264552
"USP13_USP5",0.398009832763589,-0.0106982928642187,0.0412604069002259,0.95981078344366
"USP32_USP6",-0.0277643546914239,-0.470387756876517,0.904920314098792,0.00680723208894119
"USP9Y_USP9X",-0.192892353491501,-0.124137026744577,0.361127003173413,0.277057366553078
"UTP14C_UTP14A",0.151365578286101,0.00744577533770179,0.176870832733873,0.958272224551396
"KDM6A_UTY",0.125992205453822,0.151802483367223,0.448482885474328,0.241462887441233
"VANGL2_VANGL1",0.0321875156358013,0.114857031971769,0.827849290296006,0.0620780034991148
"VAPB_VAPA",-0.452954014231359,-0.493779378122408,0.0681399732059109,0.0160071224203955
"VASH2_VASH1",-0.163475492750849,0.0708567083568151,0.341734488575691,0.495267218529224
"VAV3_VAV1",-0.223674843004554,0.0111622005989445,0.432461488423506,0.920481365139367
"AVIL_VIL1",-0.193757758567399,0.0155137118648114,0.241557751780029,0.873434868884526
"VPS26B_VPS26A",-0.122148759580548,-0.126782642545839,0.356073122844333,0.421407308692981
"VPS4B_VPS4A",-0.756685346872045,-0.970909357526466,0.00572176736842911,0.00387151141439749
"WASHC2C_WASHC2A",-0.371640760025181,0.0371622355926052,0.0770424094869413,0.748142726006075
"WDFY2_WDFY1",-0.193411656992084,-0.0408763682980125,0.325076426746445,0.803874780652514
"DMWD_WDR20",0.0601423992633479,-0.209454423706626,0.7481310913799,0.0911832854839379
"WDR5B_WDR5",0.112615582773773,-0.232658866388438,0.312699572292382,0.317191818323109
"WFIKKN2_WFIKKN1",-0.0661567678403136,0.00179682048957353,0.708874795087232,0.981487862610154
"WIPI2_WIPI1",-0.115547068189179,-0.253054368092973,0.4124288706004,0.116923486518651
"WNT10B_WNT10A",-0.118771713582516,-0.0471205853336884,0.432461488423506,0.540874761692745
"WNT2B_WNT2",0.055539265772465,-0.0862910296685552,0.733234434679057,0.433559499120113
"WNT3A_WNT3",0.107730657806794,-0.133300691396816,0.395015326149267,0.0620780034991148
"WNT5B_WNT5A",-0.173660083253264,-0.0645065150690274,0.232033811581357,0.471986975298549
"WNT7B_WNT7A",-0.0567062706102325,-0.111092854066021,0.765849856457237,0.17719703699717
"WNT8B_WNT8A",-0.154823608744708,-0.00283120049551695,0.390488777672254,0.975154680713865
"WNT9B_WNT9A",0.0277238310456449,0.239489947445316,0.856401804885815,0.0110819494419243
"XCL2_XCL1",-0.439472714841983,-0.125044851582651,0.134040493053675,0.482250790495214
"RANBP17_XPO7",-0.111783697713419,-0.192777308517453,0.496980225799114,0.00559499303613705
"YBX3_YBX1",-0.0436744518919802,-0.108101468995556,0.739470244167596,0.516323578020654
"YIPF7_YIPF5",-0.115112546766935,0.155717061860099,0.468460679119928,0.140795695167385
"YY2_YY1",0.245680103235454,-0.0298340113257522,0.234708289134531,0.817130758948013
"SYK_ZAP70",0.0610848606744061,-0.058263378296634,0.792264955325767,0.461262104436577
"ZC3H12C_ZC3H12B",0.0523421720050466,-0.0288551862965443,0.747063391220794,0.666109823038419
"CNBP_ZCCHC13",0.0808270403359493,-0.0741643698738466,0.641779506192445,0.324558227037649
"ZCCHC12_ZCCHC18",0.15343167438414,0.102156248818188,0.151977907452009,0.1625788212574
"ZDHHC7_ZDHHC3",0.0119852487787562,-0.00119432765332776,0.956548071820895,0.99220107100328
"ZFAND6_ZFAND5",0.557112077152016,0.165278267488782,0.0532781150492691,0.0943367299153062
"ZFHX4_ZFHX3",-0.158510214912359,-0.00262080935909478,0.47662102071079,0.981487862610154
"ZFP69B_ZFP69",-0.018546397841166,0.267473847260661,0.952033450848404,0.0232344959230947
"ZMIZ2_ZMIZ1",-0.187544116676774,-0.139008950700056,0.144748224294526,0.172669393614728
"ZNF146_ZNF260",0.150718448306073,0.119809943633532,0.304366416115556,0.258733039581792
"ZNF280B_ZNF280A",-0.275608769015724,0.285497424924758,0.0580353611331438,0.0263996647245051
"ZNF181_ZNF302",-0.037888587201666,0.246829291017616,0.824889185159277,0.128390803294297
"ZNF324B_ZNF324",-0.178701946257072,0.152791827555093,0.121041759486762,0.278161248574948
"ZNF385D_ZNF385B",0.0548997405144345,0.103502587378394,0.732917746790856,0.3162082882914
"ZNF24_ZNF396",-0.0850670646532845,0.0120735927768792,0.737566244442561,0.886245782730027
"ZNF423_ZNF521",-0.113342195531509,-0.105750562574826,0.218264229484722,0.387659482528822
"ZNF562_ZNF561",-0.0976466882337479,0.218669829145779,0.521940192175281,0.058644287073001
"ZNF552_ZNF587B",-0.340692015789496,0.0181087875231268,0.103050152100708,0.891535396517767
"ZNF300_ZNF630",0.363369073835715,0.02403834678106,0.0705496847961988,0.851396404899147
"ZNF503_ZNF703",-0.245542631904527,-0.0567408592451847,0.0918004988867075,0.305005828152212
"ZNF143_ZNF76",-0.540677661199201,-0.0944650114323052,0.0016249635005426,0.640277011040964
"ZNF419_ZNF773",0.329322966334952,-0.249431294234614,0.304366416115556,0.358697462156139
"ZNF175_ZNF81",-0.11017173209506,0.193624397690722,0.521928773900239,0.074683189386018
"ZYG11B_ZYG11A",0.133388658398457,-0.012770668574072,0.247872674342437,0.893933915670167
